1765	7585705
1765	5508825
1765	8310884
1765	7105258
1765	1149326
1765	2082345
1765	6655871
1765	8787887
1765	2184079
1765	3084516
1765	6640475
1765	4121647
1765	269975
1765	2741030
1765	6784620
1765	7629123
1765	1291550
1765	6731923
1765	7440344
1765	1043855
1765	445432
1765	6437282
1765	7315824
1765	4285201
1765	6836581
1765	8561186
417	7078231
417	8752025
417	4101130
417	3429664
1309	4494077
1309	5975037
1309	8052820
1309	8561129
1309	7910854
1309	1962448
1309	5232318
1309	7609307
1309	7603613
1309	1068493
1309	3820958
1309	7101823
1309	764513
1309	1066607
1309	8174490
1309	2688635
1309	2197494
1309	7646982
1309	5045369
1309	3441572
1309	8348044
1309	5632738
1309	6103063
1309	5953809
1309	6673554
1309	4049415
1309	6406526
1309	325478
1309	6433287
1309	2190838
1309	4161714
1309	4291588
1309	3864901
1309	2628131
1309	7108700
1309	1435874
1309	1943103
1309	4745981
1309	5411748
1309	2282029
1309	4065732
140	4588161
140	4072399
140	6746765
140	553486
140	7563188
140	3185721
140	3708753
140	3565604
140	6516871
140	1300379
140	1844683
140	1362319
140	2821695
140	5470763
140	268231
140	1056048
140	8518771
140	6330000
140	608309
140	6588795
140	5013620
140	3549779
140	3037762
140	2000094
140	2091254
140	5403773
140	8394033
140	866217
140	7964070
140	3950289
140	1656533
140	1642153
140	1947549
140	1385695
140	7579654
140	3539265
140	5447626
140	5733211
140	3545156
140	8680406
140	4310784
477	591754
477	173786
477	1224757
477	3813353
477	1329590
477	1859950
477	6074216
477	4922025
477	6875299
477	7750820
477	6256485
477	6560349
477	4544821
477	3583223
477	5373271
477	8252787
477	3311726
477	7133250
477	5752987
477	2496309
477	5707552
477	5387137
477	2655082
477	8615057
477	3278871
477	7510411
477	5445608
477	4339911
477	2493398
477	3131034
477	1309929
477	6956111
477	1487297
477	7588603
477	4359544
477	5754864
477	3265923
477	8837927
477	430785
477	5662712
477	7393326
477	4757310
477	7977182
477	3897644
477	3341934
477	1184538
477	7983352
477	1524282
477	6173689
477	696501
1534	1762463
1534	4574084
1534	642299
1534	5111352
1534	6768471
1534	1430176
1534	505429
1534	1530651
1534	2255418
1534	119728
1534	6435631
1534	7328137
1534	5277092
1534	485458
1534	336426
1534	4621422
1534	6134308
1534	1234660
1534	13253
1534	2970688
1534	6729387
1534	2831829
1534	8442387
1534	3531099
1534	2065573
1534	1060269
1534	933535
1534	4095121
1534	5991432
1534	5000778
1534	8601999
1534	7914933
1534	3693753
1534	5300956
1534	3327614
1534	6264206
1534	432140
1534	5102787
1534	5999252
1534	6880975
1534	5907285
1534	4081724
1534	8214487
1534	79700
1534	6951125
1534	3015391
1534	1030262
1534	8435632
1534	7322974
1534	929389
1534	3091141
1534	6888287
1463	7640747
1463	4940281
1463	7333395
1463	2548207
1463	4063856
1463	7787357
1463	2010159
1463	3679055
1463	5804720
1463	610501
1463	7611816
1463	5928265
1463	4068679
1463	4163087
1463	2305703
1463	5139055
1463	7486312
1463	770421
1463	2724235
1243	5289070
1243	4596319
1243	8325692
1243	1591776
1243	3838883
1243	3950589
1243	3221853
1243	8353238
1243	4032128
1243	6177934
1243	8080348
1243	7324720
1243	4065628
1243	2369481
1243	4121722
1243	3943868
1243	3249869
1243	1754997
1243	7672978
1243	7086728
1243	4207346
1243	5287345
1243	1281098
1243	246893
1243	1620774
1243	6257981
1243	7959954
1243	4388893
1243	4392951
1243	3784489
1243	2213097
1243	3195474
1243	680502
1243	1176536
1243	7890662
1243	5858799
1243	4652360
1243	8419351
1243	6158247
1243	6453961
1243	4131763
1243	4939575
1243	1961410
18	5950895
18	5869727
18	6469012
18	5273140
18	712573
18	6936338
18	984673
18	6731426
18	4621870
18	5196157
18	638102
18	6180519
18	234570
18	2735519
18	2401716
18	5848967
18	4115495
18	2901594
18	3464279
18	7665305
18	748996
18	4167588
18	3197064
18	7792610
18	3721997
18	1920262
18	3725706
18	5253357
18	7530125
18	5525623
18	1688859
18	1822847
18	6032243
18	3082535
18	445380
18	2567697
18	3448804
18	3011261
18	3612320
18	1190447
18	3561430
18	4875416
18	1289168
18	3370569
329	5322223
329	8059490
329	5917591
329	6537695
329	3464631
329	2959684
329	1406903
329	1983554
329	5323875
329	3527473
329	5283633
329	6954100
329	3322671
329	4216146
329	2728324
329	7088687
329	5047429
329	1942540
329	1561017
329	3141972
329	7887561
329	1933756
329	4080045
329	541385
329	673959
329	2781296
1577	1405931
1577	1528792
1577	1544622
1577	2796834
1577	8826629
1577	7137276
1577	4264711
1577	4949621
1577	7284884
1577	4476916
1577	7064498
1577	4438557
1577	3449499
1577	3673301
1577	1406712
1577	6889962
1577	4845767
1577	5323587
1577	6359524
1577	6395681
1577	6943254
1577	7842570
1577	4484424
1577	1718387
1577	4089667
1577	4952550
1577	4482735
1577	3723443
1577	1396573
1577	8111580
1577	8249793
1577	6723853
1577	5791593
1577	1415419
1577	2075066
1577	1492625
1577	8187044
1577	5309109
1577	1626483
1577	7641965
1241	4360816
1241	3384608
1241	3742341
1241	8333335
1241	426712
1241	2559853
1241	1398681
1241	5111061
1241	419015
1241	5392852
1241	41619
1241	8527939
1241	4344106
1241	2604590
1241	478993
1241	3567648
1241	5206276
727	4985903
727	6127283
727	3789458
727	3587727
727	6605618
727	6323136
727	8274187
727	3901098
727	5665778
727	8853135
727	1301057
727	4973278
727	4787167
727	3151891
727	6322730
727	2026300
727	3308922
727	4167266
727	6053077
727	143467
727	5466908
727	2785980
727	2309222
727	8832970
727	4291168
727	4281437
727	2162807
727	4214034
727	7307285
727	6391739
727	3752552
727	4297171
727	4898924
727	7512514
727	2979461
727	522954
727	3197554
1129	5952244
1129	2070344
1129	7863677
1129	3329944
1129	5736218
1129	5239887
1129	4330520
1129	7431487
1129	1656225
1129	5771025
1129	216302
1129	5178023
1129	4529994
1129	6875430
1129	3039561
1129	8219504
1129	5128846
1129	4843707
1129	7733040
1129	6906695
1129	818605
1129	4271046
1129	7447716
1129	181911
1129	1206740
1129	3940004
1129	4035143
1129	3112671
1129	819152
1129	3234820
1129	7654074
1129	4013462
1129	4702333
885	861747
885	4410682
885	687565
885	2202385
885	938931
885	6371000
885	6433013
885	4635706
885	8057020
885	2651751
885	3699119
1415	185874
1415	7940648
1415	6473965
1415	101681
1415	2111383
1415	94331
1415	8718475
1415	4499622
1415	2640204
1415	4527066
1415	5346479
1415	6447218
7	8293735
7	4826673
7	6210511
7	1364411
7	7232728
7	4622898
7	8886636
7	8350196
7	1481986
7	3709568
7	4856101
7	499668
7	4105792
7	8869184
7	3352142
7	2715818
7	489845
7	8279944
7	4875128
7	6889480
7	7505175
7	3783585
7	3363341
7	4784890
7	6121861
7	6062706
7	6991589
7	7188957
7	8821838
7	4774343
7	5069501
7	5751378
7	3472650
7	45325
7	2454831
7	8278304
986	6667873
986	7228447
986	3411476
986	1643023
986	7136754
986	7244475
986	7689450
986	4904158
986	240549
986	2735836
986	2616635
986	3530736
986	2101695
986	50221
986	8320018
986	8881556
986	8685904
986	3506037
986	6296655
986	4615917
986	3287615
986	6735423
986	7111774
986	7978273
986	6352934
986	8418725
986	3915618
986	5091260
986	2944766
986	5628984
986	1806632
986	5155133
986	7426065
986	352028
986	8680746
986	8321969
986	7768893
986	5487705
986	6969253
986	697650
986	1866901
986	7804369
986	284514
986	5520981
986	1839734
986	2055474
372	4155077
372	8773336
372	2128105
372	1831408
372	5095345
372	5617417
372	829256
372	4161544
372	6259869
372	4511934
372	5290467
372	8082359
372	379565
372	8923725
372	4376426
372	2773979
372	837928
372	6940524
372	2258406
372	7769740
372	3158488
372	8341909
372	1800075
372	1319097
372	4655649
372	6241028
372	182867
372	3701430
372	6271840
372	5750518
372	6967457
372	2256438
1144	6961463
1144	1887470
1144	2485105
1144	6178453
1144	208011
1144	1666449
1144	7513649
1144	1081671
1144	8070092
1144	2091530
1144	2694031
1144	2042981
1144	1500345
1144	5248490
1144	2181475
1144	1262582
1144	2739021
1144	2446468
1144	7788025
1144	3383955
1144	8111483
1144	8168168
1144	4949470
1144	5695786
1144	6193730
1144	5238373
1144	2931489
1144	954558
1144	587145
1144	4035952
1144	1876375
1144	7521148
1144	8137231
1144	1386160
1144	6817533
1144	2579337
1144	6959111
1144	2770798
1144	4679332
1144	5108016
1144	8434604
1144	6628564
1144	1504539
1144	2140847
1144	3954463
1144	8043788
1144	7473310
1144	6331375
1144	533620
1144	8829774
1144	4038087
323	8711491
323	1947721
323	6319213
323	2451534
323	458655
323	5909287
323	3166670
323	1024967
323	7356795
323	5217947
323	2353676
323	6314654
323	3281237
323	2661923
323	1493375
323	7755805
323	8293543
323	1594509
323	7625732
323	5962863
323	4640803
323	6483244
323	7896739
323	530606
323	6402977
323	2366764
323	5675092
323	3534269
323	4851232
323	2357238
323	2853426
323	2591514
323	3624982
323	6365262
323	4818819
323	421262
323	3963168
323	7639675
323	7377950
323	8221815
323	995365
323	6486020
323	4645932
323	8355092
323	2777702
323	3025120
323	3205397
323	174440
817	6816256
817	5337758
817	2664197
817	537561
817	2012250
817	4122321
817	70484
817	5303664
817	23754
817	4622618
817	7076913
817	746928
817	2346162
817	1228318
817	1902407
817	2256419
817	5509026
817	3147080
817	7883931
817	8460300
817	4677152
817	1382800
817	5114205
817	5096520
817	7004386
817	2180827
817	7879956
817	7551549
817	4144155
817	4192812
817	7998049
817	4118675
817	200856
817	5291710
817	6907022
817	28359
817	4168407
817	4668030
817	56600
817	4036054
817	3954386
817	2848451
817	7919458
817	2552913
817	2942043
817	5840991
817	627998
817	7480176
817	5913367
817	7784549
817	3496745
817	1487748
817	3005487
817	2774586
817	7599569
817	2992278
817	5085863
817	1854701
817	5651089
817	4279847
817	1653202
817	7651032
817	1666986
817	7392935
817	8718332
1353	8047511
1353	5781814
1353	4875305
1353	6787000
1353	1519416
1353	6804734
1353	6938648
1353	7717267
1353	6605879
1353	1574031
1353	2457604
1353	7957030
1353	1074075
1353	1181245
1353	3195779
1353	1414633
1353	7751156
1353	1469025
1353	2951870
1353	6331643
1353	1980706
1353	8111679
1353	3565977
1353	4893730
1353	7339424
1353	137598
1353	6004691
1353	5126354
1353	4263911
1353	4715990
1353	7092308
1353	1044236
1353	3731958
1353	5272167
1353	6991180
1353	8471401
1353	3595462
1056	2665604
1056	7857505
1056	4509901
1056	2353526
1056	4868930
1056	8166770
1056	155161
1056	2629988
1056	8893236
1056	4965083
1056	4055105
1056	7278305
1056	3369953
1056	2496683
1056	7838473
1056	1087801
1056	7560014
1056	1400342
1056	4877571
1056	60774
1056	2070346
1056	6601558
1056	6736949
1056	7675739
1056	883858
1056	4484651
1056	2077957
1056	1543608
1056	2565757
1056	3404923
1056	6891295
764	3142455
764	1324525
764	2139176
764	1163013
764	2997085
764	1963597
764	8554831
764	7241106
764	2022845
764	134632
764	2886360
764	1411712
764	8301808
764	2000072
764	6048288
764	6935690
764	8905330
764	371249
764	677024
764	1810053
764	6634112
764	3679895
764	7005429
764	161407
764	3735656
764	4734135
764	8156888
764	5676172
764	4536139
764	2874764
764	8430181
764	4437256
764	1324401
764	4215127
764	3685178
764	6710578
764	256210
764	6011982
764	2218663
764	5415926
764	3752172
764	6086333
764	2711489
764	776857
764	8570567
764	8655795
764	7129075
764	3236916
1244	4533477
1244	4171809
1244	931596
1244	6679595
1244	3372760
1244	6567906
1244	829061
1244	2168734
1244	5586704
1244	8319694
1244	4103778
1244	6499250
1244	1226688
1244	8629566
1244	7538066
1244	5475453
1244	4421241
1244	3894330
1244	6488783
1244	8850336
1244	3735809
1244	6449238
1244	2978612
1244	6903412
1244	5464054
1244	2548105
1244	2440660
1244	6105506
1244	2637508
1244	4916820
1244	4404636
1244	6104748
1244	6306417
1244	7015977
1244	8809840
1244	5247818
1244	3109224
1244	5052958
1244	7853708
1244	5232174
1244	7629676
1244	8374809
1244	769728
1244	6762507
1244	770746
1244	1336293
1244	8413591
1244	4178218
1244	742768
1244	4520993
1244	6937037
1244	3445610
1244	2671849
1244	4506671
1244	2369001
1244	4893988
1244	7166436
1244	3735581
1244	8003874
1244	2003275
1244	6775116
1244	4313593
1244	3679335
1244	7419073
1244	7399390
1244	231150
1244	948667
1244	5054052
1244	6000973
1244	7129246
1244	8139926
1244	6379782
753	6315011
753	3848240
753	2018868
753	8170328
753	1235473
753	8426602
753	3081655
753	6103141
753	8738343
753	4917350
753	353789
753	4977870
753	7667023
753	7754797
753	4248105
753	760743
753	4722412
753	5613116
753	3730760
753	6552561
23	4887318
23	5629548
23	6071604
23	2658594
23	1385892
23	1906346
23	3940825
23	4316182
23	1717226
23	501156
23	7632046
23	3553520
23	3572994
23	5346609
23	5042735
23	4552609
23	7266828
23	2345472
23	6796403
23	2108177
23	5512179
23	889547
23	3670711
23	3193595
23	2195826
23	404186
23	502208
23	1030759
23	4165847
23	1900675
23	8274600
23	154841
23	1366752
23	4718551
23	6987019
23	2537437
23	3073452
23	8783464
23	1533358
23	8518646
23	3701267
23	3577524
23	769960
23	6998611
23	1262333
23	205304
23	1842074
23	8251181
23	4063413
23	5691439
23	5342638
23	6000458
23	4636911
23	2889139
23	5934171
23	4183029
1298	1091509
1298	4117253
1298	4622861
1298	5038895
1298	5895387
1298	6282821
1298	2728274
1298	482405
1298	3193445
1298	979665
1298	2763764
1298	4978145
1298	5314696
1298	1993694
1298	1643830
1298	2636098
1298	3391433
1298	4327915
1298	4807374
1298	1155267
1298	1947736
1298	6863879
1298	6417147
1298	1629190
1298	4819599
1298	2209685
1298	3678760
1298	1527498
1298	3133592
1298	1277379
1298	2409484
1298	8408537
1298	7841160
1298	8096902
1298	7160086
1298	6997455
1298	660795
1298	4840435
1298	3787660
1298	765140
1298	5564521
1298	7243564
1298	3306820
1785	602828
1785	4399517
1785	3505880
1785	5317800
1785	6513192
1785	7518712
1785	8119008
1785	5307625
1785	6852381
1785	7630642
1785	5806120
1785	5934142
1785	6058131
1785	5144842
1785	4817974
1785	3786954
1785	7660661
1785	6941323
1785	1764572
1785	239463
1785	4749569
1785	7636830
1785	6186134
1785	7852082
1785	6698385
1785	5137314
1785	4478854
1785	1195923
1785	5837810
1785	7522087
1785	7476127
1785	8055179
1785	1606147
1785	2758371
1785	5731473
1785	897152
1785	4659149
1785	5242492
1785	2417521
1785	7350382
1785	7937700
1785	1023195
1785	7777519
1785	6077518
1785	836382
1785	5166083
1785	7246777
1785	468961
1785	7587382
1785	3955532
1785	3665855
1785	2095716
1785	5913688
1785	3136919
1785	6760182
1785	7112948
1785	4140908
1785	2047161
1785	8853377
1785	3716969
1785	2496704
1785	2187316
1785	2880158
1785	7060561
1785	244670
1785	5654416
1785	7296347
1785	4005405
1018	6297072
1018	2778349
1018	3769114
1018	4358100
1018	8329879
1018	8148185
1018	396175
1018	2720543
1018	8695161
1018	1896661
1018	6795236
1018	5639236
1018	7757009
1018	3283077
1018	5370165
1018	8355828
1018	4777013
1018	8770863
1018	3588178
1018	8180049
1018	7270016
1018	272314
1018	6642560
1018	4421877
1018	6071553
1018	1944387
1018	7856748
1018	1196428
1018	8808113
1018	5854780
1018	3401342
192	2518218
192	7775539
192	1541889
192	8323029
192	6636413
192	3958492
192	956405
192	5722096
192	2934174
192	1491588
192	6489876
192	5659803
192	6782917
192	1713023
192	8599501
192	2518750
192	192189
192	1818091
192	8777287
192	84155
192	3107799
192	5915889
192	885839
1389	6733467
1389	4958927
1389	4750926
1389	8764016
1389	4601870
1389	3792529
1389	2248667
1389	7498561
1389	833885
1389	3242595
1389	7202414
1389	1947990
1389	1058688
1389	6770608
1389	4318677
1389	6232014
1389	6306774
1389	8150742
1389	3055157
1389	5583429
1389	6902447
1389	5240053
1389	8898741
1389	4941949
1389	2039922
1389	1286017
1389	6554890
1389	551865
1389	6874467
1389	73120
1389	7379921
1389	4238433
1389	1331278
1389	708973
1389	7036154
1389	1213069
1389	1226808
1389	8545569
1389	3872259
1389	6344310
1389	4467529
1389	2603552
1389	2874548
1389	243882
1389	4056951
1389	3628758
1389	8899897
1389	3247207
1389	244733
1389	8290080
1389	2426404
1389	6396685
1389	5574798
1389	4334814
1389	8014912
1389	4090493
1389	2085559
1389	4241996
1389	2825016
1389	4892695
1389	7452080
1389	7405310
1389	3450220
1389	3249132
1389	3403763
1389	2037669
1389	2077524
1389	3928929
1389	6349438
1389	8062526
1389	1357602
1389	1935731
1389	5920257
1389	900669
1540	5749346
1540	1747285
1540	2491884
1540	4432051
1540	4906550
1540	3487221
1540	3129155
1540	4879518
1540	7152391
1540	5327311
1540	586241
1540	4108369
1540	1945399
1540	2245897
1540	6989294
1540	7113648
1540	943298
1540	3778296
1540	3693469
1540	5898935
1540	3116694
1540	8920786
1540	8229408
1540	2572204
1540	1207662
1540	4879238
1540	39025
1540	2274703
1540	537053
1540	333731
1540	1793200
1540	2955177
1540	7253932
1540	2182796
1540	5787632
1540	8568539
1540	947503
1540	1847743
1540	6219196
1540	7265850
1540	2556005
1540	3553322
1540	1207426
1540	6693789
1540	2156046
1540	5164069
1540	6317765
979	2132063
979	7030238
979	502663
979	8698361
979	7403298
979	3738734
979	1136424
979	892679
979	7484117
979	383551
979	5952661
979	6931293
979	830895
979	5785027
979	2077042
979	555659
979	8651680
979	452995
979	6764285
979	7412866
979	6072631
979	764577
979	1550098
979	5505112
979	2357695
979	1602815
979	3149567
979	4539438
979	2337468
979	3480463
979	1504446
979	433753
979	5118202
979	1603835
979	3219872
979	1887172
979	5447486
979	1165199
979	4964024
979	7343403
979	159362
979	6805955
979	3037014
979	3858112
979	3385240
979	6328814
979	1028109
979	5050082
979	1207781
979	3437559
979	2282015
979	8417876
979	8421994
979	4984272
979	7109439
979	8423097
979	2288353
979	7343582
979	6449744
979	1371967
979	1080820
979	6048632
979	4380245
979	3481163
979	6818702
979	1811876
979	6582558
979	2953313
979	3050239
979	2724246
979	7366038
979	8599727
979	4817082
979	5935578
979	4056850
979	7857749
979	6175952
337	5004566
337	4823721
337	3221521
337	6430882
337	433840
337	8900189
337	6963888
337	3521470
337	6670357
337	4653426
337	4911909
337	6592946
337	5994635
337	2092662
337	7827787
337	6742959
337	4833497
337	166761
337	7680069
337	8632579
337	4319730
337	1671951
337	907548
337	8586995
337	8018539
337	668628
337	2013276
337	7580398
337	3379823
337	5915902
337	4972688
337	5442526
337	6752384
337	360685
337	4161495
337	1301981
337	8013484
337	5873663
337	7298101
337	8591124
337	4935594
337	3546157
337	3546280
337	8765733
337	8833517
337	3406679
337	1259954
337	6310676
337	3343573
337	4459125
337	4065154
337	7869952
337	6069668
337	1210515
337	6237145
337	324467
337	8168253
337	1187178
337	4779172
337	4789446
678	8017053
678	6014541
678	762669
678	7281315
678	6670703
678	4508932
678	3243676
678	5630515
678	2452055
678	7996721
678	730903
678	183272
1162	8919802
1162	3313791
1162	6026523
1162	444276
1162	623646
1162	2157940
1162	1611078
1162	5900969
1162	7114740
1162	3351407
1162	3930394
1162	5402710
1162	3418720
1162	5354492
1162	6007085
1162	4712200
1162	7665920
1162	3820447
1162	5753784
1162	1201892
1162	5203173
1162	8033720
1162	3614197
1162	7921047
1162	4493530
1162	890110
1162	2262057
1162	3163851
1162	5409697
1162	2105886
1162	1024758
1162	1924446
1162	1059401
1162	1026104
1162	7425145
1162	602399
1162	316521
1162	6693460
1162	7621798
1162	2115634
1162	5481069
1162	6840029
1162	7002122
1162	4532298
1162	998013
1162	163707
1162	3372659
1162	5573703
1162	3066997
1162	5016510
1162	8553455
1162	5501792
1162	4685377
1162	6549244
1162	1460283
1162	8108713
1162	7366101
1162	706648
1162	4561895
1162	6059260
1162	1982315
1162	8120324
1162	5274224
1162	7034080
1162	7698223
1162	6565292
1162	7465623
1162	408820
1162	5105704
1162	888635
1162	6417068
1162	7177476
1162	362434
271	1885119
271	2393610
271	3172357
271	3661433
271	4281221
271	3323779
271	5461334
271	565497
271	6263090
271	8781321
271	4323566
271	7803706
271	7824842
271	7471821
271	8621242
271	3267323
271	6282838
271	6338120
271	7460683
271	5305713
271	8000282
271	7193759
271	5098260
271	2269018
271	8153349
271	5000203
271	4488598
1581	7084707
1581	3317967
1581	5975460
1581	3648786
1581	7940991
1581	6953623
1581	1895722
1581	7974348
1581	5737663
1581	4500063
1581	7932029
1581	8174968
1581	966126
1581	4302377
1581	4523979
1581	7782691
1581	3718975
1581	8825460
1581	6904927
1581	6947010
1581	8390471
1581	165844
1581	2166467
1581	1929516
1581	3027701
1581	4228538
1581	5947431
1581	8123521
1581	2949425
1581	7887112
1581	270426
1717	1654828
1717	655323
1717	6651384
1717	5747042
1717	514952
1717	5252826
1717	3781559
1717	7160756
1717	410289
1717	6224426
1717	6420756
1717	5334804
1717	4375418
1717	3650116
1717	8118331
1717	7178002
1717	6379031
1717	2633669
1717	6155328
1717	5870368
1717	7528172
1717	1639684
1717	8858721
1717	4536397
1717	1706791
1717	987850
1717	2106694
1717	5175262
1717	6495090
1717	3450308
1717	2174456
1717	3507825
1717	6066117
1717	6164970
1717	1394870
1794	1009203
1794	4872372
1794	6991529
1794	6001599
1794	3442173
1794	5533033
1794	1239267
1794	3694992
1794	3652845
1794	3289858
1794	4558106
1794	498614
1794	6804632
1794	1307307
1794	4908924
1794	3553061
1794	3276900
1794	4032962
1794	2775739
1794	1378482
1794	1996344
1794	4835261
1794	7198926
1794	7677836
1794	7677009
1794	5608285
1794	2238239
1794	5911091
1794	7217448
1794	329148
1794	837173
1794	3296719
1794	2104538
1794	6733184
1794	1568717
1794	1658872
1794	5000520
1794	7098876
1794	8757158
1794	7762837
1794	6541910
1794	5897308
1794	7192472
1794	4260799
1794	5160135
1794	8007577
1794	2967666
1794	4917000
1794	7152550
1794	8592229
1794	5137933
1794	3580516
1794	8818254
1794	2228311
1794	3370094
1794	5177673
1794	3554325
1794	6686528
1794	3885647
1794	5961366
1794	2130497
1794	6802329
1794	2554083
1794	7016250
1794	4446432
1794	6993693
1794	7552938
1794	6235582
1794	2648719
1794	3658912
1794	462617
1794	4188042
1794	1185380
1794	6129419
1794	2262418
1794	4437228
1794	5610002
1794	5936876
1794	3738234
487	3385439
487	2501544
487	6880345
487	7363020
487	8252412
487	5759661
487	3170422
487	7714563
487	5133870
487	1103643
487	8928601
487	3062654
487	3832418
487	4011999
487	1082208
487	7776846
487	3229429
487	182650
487	7313931
487	1744042
487	6692908
487	8592920
487	6901490
487	127196
487	5733102
487	8233334
487	4437828
487	7438810
487	8077658
487	1936809
487	4513518
487	1082102
487	7935770
487	2917601
487	2798602
487	7795348
487	5941457
487	1752105
487	5173974
487	5052811
487	662501
1057	8163173
1057	7386840
1057	3436657
1057	7236536
1057	6752624
1057	8896620
1057	2230989
1057	8211399
1057	7227656
1057	8033220
1057	7394474
1057	6755629
1057	6717526
1057	7184901
1057	4322922
1057	1004991
1057	5098832
1057	4467955
1057	8012397
1057	199960
1057	1557056
1057	4672955
1057	8094235
1057	2591759
1057	1393356
1057	7317431
1057	3149394
1057	8091602
1057	5802605
1057	1907995
1057	364105
1057	8867041
1057	7272825
1057	4700428
1057	3935857
1057	3792632
1057	352592
1057	7565606
1057	1735182
1057	2826439
1057	3923415
1057	3143888
1057	122070
1057	8894145
1057	143033
1057	5569704
1057	4549983
1057	2831474
1057	94013
1057	6401017
1057	5742016
1057	745312
1057	8556342
1057	1795274
1057	5035096
1057	6690077
1057	6895524
1057	7895965
1057	3667458
1057	4714638
1057	513514
1057	7501865
1057	5224727
1057	2016488
1057	7716209
1057	6838733
1057	3813965
1057	2330226
1057	135018
1057	358092
1057	6799284
1057	6713081
1057	1752803
1057	1474914
411	4005487
411	6538284
411	7477546
411	2396082
411	7963204
411	2175808
411	7470697
411	3054741
411	32815
411	6704113
411	5402193
411	192827
411	3613811
411	5101404
411	2862170
411	4257137
411	6471448
411	1806142
411	5317123
411	1058443
411	680709
411	8038509
411	8417242
411	1115887
411	4841878
411	840921
1017	2393612
1017	6608127
1017	3797684
1017	1060835
1017	4315582
1017	7407451
1017	1613400
1017	3945103
1017	4004715
1017	939590
1017	8354451
1017	2864082
1017	3884101
1017	1544434
1017	7756550
1017	484558
1017	8604317
1017	4076828
1017	3809094
1017	2096887
1017	6322343
1017	7754805
1017	1555167
296	7837017
296	4885779
296	2638119
296	905505
296	4045051
296	3269258
296	5935251
296	7563290
296	6843790
296	8120706
296	83365
296	1637442
296	3381997
296	4271180
296	1189699
296	2494561
296	237322
296	4769589
296	8063421
296	92704
296	5455902
296	5570239
296	1308094
296	325707
296	5372410
296	1626034
296	2368417
296	8515443
296	1718255
296	5472859
296	5685592
296	3984663
296	469607
844	5095250
844	1793734
844	5495642
844	3732173
844	3462696
844	2337141
844	6489349
844	3108970
844	6509217
844	489116
844	367013
844	5734612
844	3945407
844	8436026
844	55936
844	5996273
844	6707458
844	6023511
844	8877875
844	6392563
420	8375259
420	7459647
420	8691173
420	2615106
420	5819698
420	1252600
420	8072453
420	5842126
420	3144769
420	5798100
420	26250
420	7026112
420	1447480
420	6790948
420	2232813
420	4152225
420	3732017
420	8183977
420	894429
420	649548
420	543477
420	3068486
420	829594
420	3800124
420	3886591
420	8412884
420	5351295
420	1563694
420	4108809
420	2454430
420	1685435
420	4275266
420	1076239
420	4020965
420	7546789
420	7651034
420	260207
420	5317450
420	6746208
420	8532381
420	4659125
420	3257331
420	4654188
420	4399278
420	8318910
420	4947447
420	4650332
420	7955371
420	3055261
420	5622704
420	5622244
420	3028065
420	5307109
420	1381264
420	2113773
960	2687472
960	4884537
960	684244
960	4700968
960	5856703
960	2361990
960	1002613
960	6921531
960	5028492
960	7764238
960	2701641
523	7885740
523	2886281
523	7295857
523	8692877
523	6974025
523	5017721
523	6048043
523	807999
325	4792259
325	4938016
325	7320257
325	6032193
325	3248792
325	6735069
325	6258581
325	4902043
325	4062749
325	5982322
325	1353127
325	6742950
325	8524239
325	6393618
325	3299155
325	6661481
325	1135318
325	4976557
325	5451788
325	3112608
325	3113853
325	2124056
325	5766216
325	6256447
325	8218631
325	8578522
325	1224741
325	6373364
325	4290561
325	3868569
325	450953
325	4968459
543	2446305
543	6091523
543	8409184
543	2486396
543	766422
543	65132
543	4972250
543	2120160
543	6685871
543	5009510
543	1244073
543	5305546
543	3422635
543	4867059
543	1568694
543	2364000
543	4343670
543	8862475
543	2377020
543	7044763
543	1980428
543	562705
543	6336555
543	1638264
543	6373844
543	785218
543	5971858
543	8316159
543	4430223
543	5608358
543	7364101
543	4010758
543	7161392
543	7194482
543	6121929
543	8507015
1559	2319118
1559	4561677
1559	4192849
1559	6352391
1559	3184367
1559	8628622
1559	6768222
1559	8240840
1559	2353740
1559	479500
1559	3626533
1559	1130815
1559	3456121
1559	5991011
1559	7028121
1559	5552046
1559	6610030
1559	738996
1559	6965686
1559	1992012
1559	4555847
1559	2094689
1559	911043
1559	803100
1559	631766
1559	6491616
1559	1635108
1559	5432346
1559	2439288
1559	3147157
1559	5415568
1559	5774705
1559	4326433
1559	5661746
1559	5910900
1559	8217194
1559	2383475
1559	8019341
1559	2673682
1559	6086062
1559	2750460
1559	3647061
1559	3780658
1559	7070931
1559	8029600
1559	2032497
1559	6751026
1559	6225673
1559	6883613
1559	2234088
1559	8701264
1559	1999620
1559	1267539
1559	3241351
1559	3010063
1559	686030
1559	17645
1559	7617382
1559	4465845
1559	1689526
1559	219070
1559	6922525
1559	4367032
1559	4906460
1559	5583649
1559	7202234
1559	4736221
1559	7575624
1559	1021132
1258	3434454
1258	2628061
1258	6520180
1258	8787064
1258	3393608
1258	5650709
1258	6739816
1258	8694448
1258	8253608
1258	8560664
1258	1373692
1258	8452005
1258	5854285
1258	6211020
1258	20782
1258	2853475
1258	2654142
1258	2748133
1258	8605280
1258	2246613
1258	1790212
1258	4343294
1258	99888
1258	6901575
1258	7523394
1258	6969759
1258	6847021
1258	2796616
1258	973990
1258	8465785
1258	8920805
1258	3750298
1258	1144801
1258	6286891
1258	3871711
1258	748299
1258	638220
1258	6294540
1258	8474156
1258	957834
1258	5022470
1258	8859459
1258	6517615
1258	4486512
1258	8779063
1258	4334202
1258	4790216
1258	1817934
1258	4105289
1258	6241215
1258	2956914
818	2019039
818	4554912
818	2748219
818	2366848
818	6178744
818	8046358
818	4411597
818	7683053
818	3715398
818	7467537
818	2859430
818	1851643
818	188979
818	8055718
818	561614
818	5948079
818	7516185
818	7106624
818	5291121
818	4922500
818	2481842
818	8210581
818	7431910
818	3823938
818	4967285
509	7443362
509	4275673
509	1611694
509	2573678
509	2326927
509	311309
509	911007
509	3352442
509	1311358
509	2350500
509	6198099
509	1254651
509	8721773
509	847120
509	60004
509	7862104
509	5589046
509	2359546
509	6478495
509	3678952
509	3101655
509	1602780
509	4275678
509	7202334
509	2584846
509	2552613
509	5605228
509	186309
509	2506286
509	5824007
509	5716293
509	3029770
509	8527046
509	2805972
509	5498828
509	7591771
509	2112151
509	2269374
509	2466678
509	3581045
509	8380913
509	7809393
768	5878363
768	3889718
768	5755958
768	3342502
768	7262595
768	2272532
768	842648
768	5926452
768	5581657
768	7619068
768	5947486
768	2292687
768	1084245
768	1149202
768	1516762
768	7338801
768	7625195
768	8412676
768	429279
768	834120
768	1675692
768	1067012
768	1831698
768	7424819
768	1784714
768	3822492
768	6235705
768	1121796
768	1310772
768	8522791
768	1334682
768	8901636
768	7799506
768	8002734
768	534079
768	5213733
768	7744092
768	6413826
768	6829613
768	2439874
768	3811600
768	8113823
768	8013993
768	8103225
768	7667574
768	159825
768	1165161
768	7959841
768	3736555
768	2622435
768	400824
768	5632035
768	4397405
768	3277744
768	5277043
768	8636006
768	3825825
768	495184
768	7263301
768	1166195
768	5179237
768	6540405
768	8249231
768	8303792
768	4255745
768	8594289
768	4345038
768	3485294
768	6189591
768	3146624
768	7716311
768	4812804
768	8429313
768	2629658
768	8004363
768	6493511
1426	582789
1266	294235
1266	6424269
1266	1930998
1266	5936676
1266	8628686
1266	4669846
1266	4364138
1266	8787774
1266	3972660
1266	7068604
1266	6790675
1266	2152318
1266	6452842
1266	3143458
1266	5647455
1266	502636
1266	8788339
1266	6633435
1266	1880858
1266	1761648
1266	876333
1266	3607567
1266	8145731
1266	898141
1266	2364371
1266	7111404
1266	6610546
1266	2340353
1266	5590890
1266	8325187
1266	947804
1266	6768727
1266	798886
1266	343911
1266	6555246
1266	5194382
1266	196448
1266	8646208
1266	3559698
1266	7648716
1266	2672056
1266	3126769
1266	2618883
1266	5850682
1266	2103366
1266	435682
1266	8206286
1266	3965911
1266	3867193
1266	2287428
1266	3599860
1266	317129
1266	7117338
1266	5289621
1266	5163078
1266	934877
1266	3842685
1266	2491687
1257	3334720
1257	8256568
1257	8212889
1257	4736729
1257	4229599
1257	6813536
1257	1179951
1257	390967
1257	5214919
1257	3843915
1257	2056566
1257	4114443
1257	7754123
1257	6949304
1257	2971864
1257	514347
1257	7784221
1257	8304773
1257	6972099
1257	6858079
1257	4849099
1257	3068467
1257	6846186
1257	3218948
1257	2371639
1257	4616788
1257	8054726
1257	4607407
1257	464551
1257	5802518
1257	368931
1257	3422713
1257	7753358
1257	2068653
1257	1249558
1257	5426815
1257	7078483
1257	7439320
1257	7064734
1257	3649550
1257	6945431
1257	8003661
1257	4165201
1257	8589983
1257	8915435
1257	6161004
1257	7794014
1257	2345586
1257	1880239
1257	4045153
1257	7285453
1257	1062228
1257	644842
1257	95724
1257	1077241
1257	6707560
1257	2393312
1257	3947690
1257	7398290
1257	7944786
1257	4009006
1257	8409350
1257	3255207
1257	4763112
1257	3586847
1257	5302329
1257	8919625
1257	8185840
1257	4225591
1257	4465342
1257	6553051
1257	1997610
1257	1441369
1257	1180139
1257	8543893
1257	3090818
1257	388705
1257	446246
1430	2081643
1430	6005519
1430	6519511
1430	174401
1430	6943076
1430	1288137
1430	7352849
1430	5270577
1430	2875086
1430	5092212
1430	1071923
1430	3401347
1430	522848
1430	1627793
1430	6711208
1430	6654733
1430	1054578
1430	5601438
1430	7161249
1430	347049
1430	7354455
1430	6391444
1430	1271181
1430	7750126
1430	3703263
1430	5192286
1430	8486496
1430	8881349
1430	2058678
1430	7196467
1430	5432515
1430	6034688
1430	6546494
1430	5389997
1430	3208479
1430	5046546
1430	867429
1430	5056037
1430	5223658
1430	1312326
1430	6546988
1430	4001443
1430	3732895
1430	7463502
1430	6497201
1430	3920499
1430	4396422
1430	5997717
1430	2723741
1430	3243438
1430	7695726
1430	4015166
1430	8218302
1430	2004505
1430	3983031
1430	689813
1430	8477106
1430	630655
1430	7019205
1279	822334
1279	1788792
1279	2831530
1279	7420547
1279	6481629
1279	7718726
1279	7369102
1279	74268
1279	6964666
1279	623052
1279	439780
1279	1221960
1279	4509719
1279	6760018
1279	3966074
1279	2001737
1279	978059
1279	8153560
1279	3467667
1279	5663367
1279	198019
1279	8742906
1279	398570
1279	6808485
1279	571589
1279	5023225
1279	8848862
1279	5316943
1279	6175265
1279	6988894
1279	898597
1279	8214218
1279	708858
1279	3071769
1279	6716999
1279	6873604
1279	3699223
1279	5691573
1279	2322256
1279	1827367
1279	638112
1279	2077029
1279	3534492
1279	660129
1279	1278086
1279	7014498
1279	3916937
1279	3863793
1279	3199829
1279	3359491
1279	6176365
1279	4883375
1279	2172811
1279	817876
1279	5936351
1279	8886604
1279	7945463
1279	5371146
1279	5235131
1279	3153340
1279	4262019
1279	2329418
1279	7376907
1279	4474642
1279	2206686
1279	5831351
1279	2772233
1196	2263188
1196	3731138
1196	112119
1196	1676714
1196	5767459
1196	1209372
1196	2575464
1196	3947296
1196	4112049
1196	8801098
1196	3506415
1196	8699049
1196	5793073
1196	2243434
1196	2774507
1196	4510814
1196	8446553
1196	7202862
1196	2331786
1196	6273602
1196	7326934
1196	7765545
1196	8694997
1196	6346191
1196	1123634
1196	6813472
1196	1938886
1196	7775380
1196	4025672
1196	1716238
1196	5492588
1196	1277909
1196	4858529
1196	7039733
1196	810240
1196	2494681
1196	2597224
1196	4369515
1196	165377
1196	4370917
1196	8769499
1196	4011401
1196	277533
1196	5313723
1196	8752080
1196	5559157
1196	3754995
1196	5494518
1196	8342129
1196	2028853
1196	7821150
1196	8729903
1726	1659933
1726	1477292
1726	1166833
1726	3352158
1726	6194915
1726	6442699
1726	1098259
1726	4952525
1726	6815396
1726	6190206
1726	1304517
1726	6240106
1726	7767871
1726	8430651
1726	7083740
1726	4270163
1726	4680697
1726	1163601
1726	6569886
1726	4310247
1726	450360
1726	3798967
1726	2050368
1726	7490885
1726	5513981
1726	8393708
1726	3778595
1726	3347809
1726	1115433
1726	8845600
1726	2097033
1726	6095489
1726	6548647
1726	3506287
1726	466355
1726	4972874
1726	1766821
1726	3950698
1726	2805863
1726	8494784
1726	2152297
1469	4545955
1469	1854727
1469	4102760
1469	1001850
1469	6972874
1469	7498823
1469	7763914
1469	3259692
1469	2066481
1469	3952147
1469	2582589
1469	2862150
1469	6808723
1469	1841820
1469	7353125
1469	1468363
1469	5382895
1469	7782006
1469	1195412
1469	899049
1469	1328966
1469	4795495
1469	688951
1469	7925457
1469	8663886
1469	6748606
1469	4409075
1469	4289928
1469	3493708
1469	2042705
1469	2094913
1469	1471596
1469	4935825
1469	8601216
1469	6630059
1469	8337002
1469	7230374
1469	3428392
1469	4216905
1469	7998646
1469	6111608
1469	5361342
1469	3083121
1469	7815137
510	228354
510	6708166
510	3435295
510	23533
510	774958
510	8921995
510	3084881
510	571351
510	2776016
510	4218165
510	444369
510	6982628
510	6417367
510	4090053
510	8726356
510	5929619
510	7452353
510	1400204
510	5724187
510	1687552
510	3082047
510	7205629
510	1902038
510	8183627
510	1551380
510	4378577
731	3287993
731	1566840
731	7104448
731	2159687
731	7339139
731	8914580
731	4363608
731	159316
731	1464980
731	3710025
731	4428475
731	3895542
731	1823357
731	6351485
731	3660143
731	7426605
731	7179069
731	5906469
731	595341
731	7167906
731	537711
731	8221623
731	8252819
731	2146263
731	989187
731	6893553
731	5681641
731	989508
731	5040283
731	1642852
731	2901238
731	4303670
731	1701190
731	6954883
925	8338349
925	7962057
925	3292424
925	2419799
925	1260975
925	242177
925	3143754
925	7478055
925	6058488
925	3655034
925	2354600
925	1918212
925	2101057
925	7892958
925	192219
925	7149023
925	2636782
925	3915302
925	206701
925	5156289
925	5028653
925	4378600
925	6617988
925	7580506
925	5412849
925	4281873
925	1242218
925	2809350
925	620153
925	5760358
925	1812283
925	7971927
925	1252642
925	2277498
925	4359605
925	6094053
1659	6786848
1659	2271067
1659	2172998
1659	4496487
1659	2111683
1659	702597
1659	200592
1659	2228724
1659	2998199
1659	4969624
1659	2116237
1659	743284
1659	4520022
1659	4652862
1659	6493794
1659	7949333
1659	6044831
1659	7905358
1659	3482778
1659	4812478
1659	6284274
1659	1298071
1659	8037878
1659	5770157
1659	6061704
1659	3545927
1659	8795795
1659	6452294
1659	4928164
1659	2165359
1659	3399255
1659	3878098
1659	1909013
1659	4674526
1659	2404969
1659	8545592
1659	3303438
1659	3123673
1659	198063
1659	7342607
1659	4877252
1659	8177845
1659	4822313
1659	1428922
1659	1269427
1659	6034794
1659	6208770
1659	460951
1659	4192340
1659	705985
1659	1164539
1659	4130690
1659	7687182
1659	6303373
1659	5814133
1659	5080420
1659	5774000
1659	4368171
1659	2760300
1659	225390
1659	8871922
1659	5962211
1659	8004042
1659	3902479
1659	5704525
1659	5933332
513	8276906
513	2861780
513	325483
513	2991560
513	3886941
513	3531664
513	7414561
513	6469764
513	5906792
513	6837195
513	5929762
513	1388137
513	7003661
513	5230761
513	6188823
513	2910492
513	8014818
513	6962271
513	3124942
513	6448781
173	3003615
173	8097207
173	8030250
173	6149817
173	5125519
173	588431
173	7580727
173	8772493
173	193420
173	4787666
173	5280396
173	3989162
173	6858653
173	5664595
173	7653890
173	290235
173	2412180
173	3785955
173	3094594
173	2933446
173	1756985
173	8932733
173	4348837
173	858929
173	4644169
173	7182481
173	3567534
173	7872788
173	8583596
173	904268
173	1430035
173	4151947
173	6750655
173	5500762
173	7591332
173	3791095
173	1572213
173	7099586
173	5221639
173	4920342
173	2652230
173	1869693
173	1322565
173	6811917
173	5981739
173	6168694
173	6820471
173	233700
173	7584111
173	7335645
173	3394387
173	5319834
173	888476
759	2921973
759	7987405
759	522905
759	4271703
759	1587604
759	4497869
759	1190028
759	5928173
759	594398
759	8369510
759	192505
759	114906
759	2930815
759	5764895
759	2560679
759	8675238
759	1109493
759	1198328
759	6875915
759	2078382
759	8268636
759	6523517
759	7719867
759	3395406
759	6872474
759	840676
759	571658
759	84378
759	8087168
759	1232283
759	2659388
759	6943983
759	7140839
759	6694228
759	6312889
759	2320807
759	6318744
759	8107289
759	3462665
759	2618562
759	7553441
759	1170154
759	7535435
759	4415440
759	3377153
759	2804109
759	4427424
759	813333
759	8112175
759	517694
759	6942809
759	6437485
759	7568482
759	1390534
759	5710202
759	1060499
759	2295174
759	6714745
759	4648673
759	8746773
759	5031188
759	2598177
759	1432074
759	798950
759	4186655
759	1435064
759	7031779
759	7930112
759	488
759	1274819
759	1142514
759	7780952
5	8857416
5	5332029
5	5616273
5	8505377
5	2533705
5	5684218
5	6168208
5	88024
5	2326185
5	6795117
5	1993801
5	1431
5	2904921
5	4501662
5	7649885
5	3371381
5	1471465
5	3241184
5	8518772
5	2925844
5	8658004
5	2486177
5	715199
5	5467212
5	7576871
5	885753
5	1223330
5	2056600
5	8920532
152	1095866
152	5894901
152	6621171
152	1954675
152	1266528
152	5059084
152	3934760
152	4996169
152	8322613
152	6801794
152	1778705
152	5387612
152	7519754
152	2920752
152	8507420
152	5484729
152	4106280
152	1997685
152	4648157
152	131479
152	5698076
152	1890617
152	2259340
152	2512749
152	7072779
152	6862277
152	2262998
152	8514889
152	3312837
152	459295
152	7786990
152	447452
152	3371623
152	1291029
152	5332727
152	5519167
152	2680889
152	5563306
152	1023505
152	1406708
152	1774315
152	8734179
1490	7666031
1490	3522186
1490	8559094
1490	2528355
1490	177977
1490	8375492
1490	6804360
1490	7293368
1490	4790643
1490	4316808
1490	6372302
1490	1326756
1490	3488077
1490	4262244
1053	7026276
1053	8612945
1053	4053549
1053	6223961
1053	151874
1053	3688702
1053	7050675
1053	2086831
1053	4421153
1053	6395934
1053	5455823
1053	7287786
1053	5466712
1053	3630814
1053	7602176
1053	4116176
1053	7230037
1053	6508111
1053	7077498
1053	8168892
1053	929936
1053	7698529
1053	2987464
1053	3006791
1053	7078508
1759	1448826
1759	8452275
1759	3604092
1759	7960210
1759	2615482
1759	8072085
1759	998945
1759	4043423
1759	6162784
1759	2702621
1759	1896106
1759	4278564
1759	2274307
1759	1762211
1759	8713526
1759	8054975
1759	1577689
1759	8732182
1759	1245954
1759	7993562
1759	6664269
1759	383875
1759	5049603
1759	5842743
1759	1111502
1759	425918
1759	8123511
1759	5915468
1759	3121460
1759	2486858
1759	4225332
1759	6788648
1759	5124476
1759	8569138
1759	3237909
1759	2074068
1759	1675749
1759	3990756
1759	7854681
1759	2634328
1759	1952944
1759	341704
1759	1292693
1759	8111813
1759	2945161
1759	7908431
1330	3415466
1330	1464091
1330	69280
1330	5643361
1330	7525765
1330	7282912
1330	5013382
1330	8276695
1330	4853416
1330	7213425
1330	4035020
1330	8886084
1330	6461023
1330	5274451
1330	7668301
1330	4576653
1330	7554185
1330	6551814
1330	2281668
1330	4117118
1330	4346448
1330	1902429
1330	7287183
1330	4904947
1330	8154129
1330	3541334
1330	5204158
1330	2354570
1330	4269158
1330	6991832
1330	8089998
1330	4867864
1330	6042380
289	3770321
289	5623996
289	1625274
289	6350577
289	1342348
289	7408778
289	5780575
289	8879857
289	7947809
289	763512
289	8498937
289	7399752
289	6434319
289	2971316
289	612679
289	6760334
289	5112218
289	8878555
289	4304882
289	4848581
289	8841357
289	647946
289	6120459
289	90283
289	7578110
289	5291563
289	826663
289	2937910
289	420028
289	1958676
289	2221859
289	1335015
289	146055
289	3277697
289	1039582
289	5675545
289	1383959
289	4913825
289	1270564
289	286012
289	4324809
289	3751173
289	6130158
289	5233831
289	1781766
289	7247354
289	6110783
289	7593207
289	4665243
289	437532
289	1221752
289	3209922
289	3770837
289	5388351
289	7887602
289	5998059
289	2507224
289	1867656
289	6465898
289	8320811
289	5077687
289	7934854
289	3079334
289	7447894
289	8099472
289	5411004
289	6139021
289	6306043
289	1305723
289	2423109
289	2317551
289	500484
289	3933318
289	759856
289	7349298
289	4806886
455	5709359
455	3224211
455	4459842
455	410852
455	2321828
455	8652844
455	8508295
455	3044425
455	1445979
455	1949724
455	5191080
455	7695883
455	2539844
455	6310783
455	3768906
455	2513230
455	2221462
455	8745568
455	8325049
455	4944695
455	8884264
455	6519551
260	8224814
260	4517290
260	4190265
260	2957039
260	8495988
260	2911387
260	5543142
260	714905
260	4059678
260	5566042
260	7494630
260	7416476
260	6170657
260	2681484
260	2821113
260	6903210
260	6949463
260	8000045
260	5766345
260	687637
260	5574957
260	5086787
260	4231642
260	6218190
260	4945702
260	6590139
260	6500596
260	2655972
260	964598
260	7343176
260	7551601
260	5901690
260	6234565
260	2866768
260	855440
260	2635748
260	1810599
260	5987122
260	6055199
260	3614937
260	714982
260	5215521
260	8720649
260	7493380
260	5037607
260	4649939
388	2728256
388	2725136
388	6562715
388	8104302
388	3049564
388	1743273
388	1787918
388	8445694
388	891261
388	7981627
388	2284153
388	5199732
388	8022715
388	7946632
388	1331086
388	3408502
388	6451706
388	562123
388	1852838
388	6583142
388	441016
388	279226
388	7717251
388	7536025
388	8383317
388	5785343
388	7123024
388	8379770
388	5193574
388	8389485
388	420204
388	3437921
388	8395356
388	1897544
388	3951110
388	6752553
388	593784
388	1958433
388	1409666
388	5821492
388	5611932
388	5274111
388	3813599
388	5019225
388	2660576
388	8677907
388	8857777
388	7515071
388	7913709
388	3167781
388	7109189
388	5146348
388	7915231
388	60782
388	4816517
388	4573468
388	2967729
388	5072730
388	7387520
388	4637048
388	5044303
388	3769668
388	3123318
388	2156538
388	7796363
388	3737317
388	8122859
388	2984132
388	6268118
388	3398179
388	5631180
388	53178
388	6210550
388	7328157
388	739527
388	4059319
388	5922964
388	4615337
388	7689248
388	6362516
898	5634695
898	1938577
898	7749760
898	8711147
898	4477521
898	2645779
898	8379477
898	67026
898	4272153
898	7632607
898	4856327
898	7012004
898	66792
898	7859914
898	82284
898	3149066
898	8683997
898	258299
898	5578099
898	6211534
898	2940549
898	8676825
898	4675534
898	6742339
898	4768579
898	4677643
898	8188706
898	6294752
898	7378734
898	2621423
898	8007741
538	5476304
538	1172307
538	3723887
538	2358678
538	5871374
538	7521140
538	6007944
538	3154981
538	2490376
538	1316645
538	7455423
538	3186417
538	1892998
538	2876680
538	6109934
538	8624861
538	2248754
538	149463
538	4656005
538	1658785
538	6554777
538	4891058
538	5141312
538	2323797
538	1392574
538	66642
538	3705641
538	8106007
538	7647774
538	8405193
538	4357315
538	5261759
538	2655462
538	146268
538	2453058
538	3723244
538	5278679
538	6488349
538	4382461
538	1840266
538	1359482
538	8902158
538	7131869
538	8309628
538	3020398
538	1852635
538	5020127
538	1532006
538	7104025
538	1205223
538	1614194
538	2254515
538	8580951
538	693267
538	6408390
538	3160410
538	2760768
538	8808526
538	4709196
538	2216492
538	7884391
538	2211901
78	6490072
78	8793298
78	1822798
78	4431669
78	5213728
78	2713533
78	1690421
78	3475073
78	7422886
78	2424005
78	2676579
78	4247629
78	5995256
78	1094634
78	3493921
78	8287043
78	3603628
78	36647
78	4833865
78	302781
78	6963686
78	7285250
78	5142572
78	666600
78	5608841
78	4533015
78	5114417
78	7546539
78	6982122
78	3474898
78	5955922
78	2894750
78	7220343
78	1922088
78	4858499
78	5925976
78	8617414
78	7621501
78	8159515
78	3853440
78	1059860
78	4823939
78	2043316
78	5876115
78	5971340
78	2551592
78	3321888
78	4684656
78	5297172
78	4901417
78	121427
78	2452447
78	777478
78	6980762
78	6812218
78	8916896
78	381970
78	2282677
78	4287146
78	2142158
78	3175583
554	3504462
554	2239657
554	4423692
554	7655191
554	92502
554	5151747
554	6334173
554	3300243
554	2202265
554	4718289
554	1795244
554	5762505
554	3936216
554	4686608
554	46591
554	8207416
554	6570288
554	7259301
554	7027242
554	2790134
554	8605376
554	1571296
554	561274
554	6603054
554	3273330
554	3416131
554	944113
554	5194279
554	8386263
554	6125718
554	3413435
554	7365902
554	7255395
554	8293371
554	7097332
554	2203007
554	390508
554	3386192
554	8057131
554	5662437
554	7970437
554	389739
554	3861667
554	2183219
554	8736013
554	727184
554	4121951
554	2414345
554	2401260
554	3403945
554	4525037
554	3271199
554	2068188
554	551888
554	4680770
554	2524988
554	7531242
554	8050959
554	8803397
6	4087561
6	3961717
6	6222676
6	2591655
6	254798
6	3598199
6	7347984
6	774049
6	3759810
6	6913921
6	5084890
6	2926725
6	5227461
6	6152263
6	1176539
6	8873852
6	2448735
6	4491379
6	6752240
6	8327334
6	7671409
6	3664280
6	7510126
6	7348613
6	1256792
6	5185518
6	2972979
6	7790072
6	904679
6	1713854
6	3390310
6	4067479
6	6761120
6	6442406
6	2899485
6	3473342
6	5915757
6	1211714
6	803549
6	2618500
6	2745930
6	6922970
6	622761
6	4995932
6	6069697
6	3351307
6	8336257
6	6798568
6	6779776
6	3772499
6	3629839
6	1074979
6	4781076
6	2799089
6	5259369
6	6874500
6	8580051
6	1577371
6	8584004
6	2561132
6	7675899
6	4514111
6	2398174
6	7149478
6	3210555
6	7517087
1126	6486110
1126	2666616
1126	3195902
1126	6201221
1126	8256300
1126	6223477
1126	2612957
1126	2717815
1126	2218143
1126	8095012
1126	6789128
1126	7403937
1126	38409
1126	5074240
1126	7700951
1126	25625
1126	3885877
1126	390550
1126	7260836
1126	1188548
1126	2926684
1126	4798785
1126	1321228
1126	2820169
1126	5957593
609	498418
609	6412495
609	234415
609	7023156
609	2170248
609	1869010
609	4792101
609	2421793
751	616603
751	7389808
751	1077757
751	7550255
751	7936141
751	7697117
751	5850545
751	2876041
751	8753263
751	4990814
751	5974572
751	7844128
751	4296987
751	4658133
751	251983
751	6387121
751	7154989
751	2514063
751	8811799
751	7491936
751	7112459
751	8148200
751	4205588
751	2785660
751	8258538
993	6141066
993	6513821
993	8065406
993	758085
993	2678414
993	7433585
993	269163
993	2849234
993	5846850
993	5420803
993	7936858
993	5831422
993	6754046
993	6545694
993	2379443
993	598160
993	8431819
993	7506933
993	7935103
993	1751443
993	2478373
993	5327431
993	6838847
993	8102612
993	7872086
993	3702690
993	2995619
993	8894386
993	8304769
993	6106868
993	2249814
993	6699492
993	2962695
993	2808816
993	2741221
993	8370116
993	105973
993	4894641
993	4873105
993	7840331
993	2079798
993	2912717
993	3443121
993	3568902
993	8238055
993	3252297
993	233838
993	8841101
993	7191220
993	1431854
993	8812634
993	5577615
993	7525749
993	5803466
993	757674
1334	3356130
1334	4079003
1334	8890252
1334	1353176
1334	7877578
1334	6603596
1334	5225624
1334	5205974
1334	1839700
1334	1349000
1334	5850246
1334	5963414
1334	2653841
1334	8051015
1334	5133847
1334	7707455
1334	6522856
1334	296538
1334	2598283
1334	4656237
1334	1840641
1334	507020
1334	7382878
1334	4565727
1334	6185590
1334	1342805
1334	2343190
1334	8551643
1334	5248108
1334	6447627
1334	6130233
1334	2264671
1334	5135177
1334	8515052
1334	3349949
1334	7259984
1334	8231928
1334	1776772
1334	7521904
1334	6830345
1334	2263171
1334	3862745
1334	1220799
1334	7692751
1334	232322
1334	5437781
1334	5354651
1334	1493960
1334	448643
1334	2103158
1334	8246435
1334	738766
1334	1891131
1334	3376601
1334	3160990
1334	6779554
1334	6437466
1334	1279317
1334	7335762
264	1271731
264	1433529
264	8689734
264	5300427
264	3436947
264	4541613
264	3265851
264	7237525
264	7703708
264	5624955
264	4728870
264	591445
264	606455
264	2969553
264	384782
264	8527903
264	7781856
264	3305202
264	5912974
264	7920548
264	4466771
264	7056229
264	4865284
51	3156739
51	5768508
51	2258965
51	1895157
51	5245842
51	932703
51	6615629
51	773140
51	8810325
51	744601
51	3885486
51	5401381
51	703334
51	7025089
51	726374
51	6514919
51	3930823
51	7244800
51	5496698
51	2876170
51	7241545
1070	4890784
1070	6019271
1070	6064333
1070	1476322
1070	1075722
1070	7125424
1070	8401192
1070	8358876
1070	1477490
1070	7996158
1070	5971234
1070	4451150
1070	5139500
1070	7010772
1070	1468330
1070	7124901
1070	8793248
1070	629830
1070	4813193
1070	5503764
1070	8327215
1070	3391418
1070	7209902
1070	1533097
1070	3385023
1070	1446917
1070	1657319
1070	2871644
1070	2942055
1070	6574681
1070	1450890
1070	7335250
1070	8862199
1070	7219354
1070	910914
1070	6160044
1070	97119
1070	1680220
1070	8656118
1070	7861647
1070	1077006
1070	8727231
1070	7449710
1070	4689473
1070	4670959
1070	1321617
1070	5751974
1070	5045918
1546	2094757
1546	4063076
1546	7205285
1546	1971792
1546	8898512
1546	1839981
1546	946315
1546	6690605
1546	4140489
1546	5939059
1546	4508619
1546	8379529
1546	7222933
1546	2190019
1546	5221876
1546	7908316
1546	8494807
1546	5883192
1546	1516008
1546	2112021
1546	8401200
1546	3062514
1546	5094068
1546	3641005
1546	514592
1546	6032481
1546	2722901
1546	5600995
1546	5125969
1546	8077820
1546	2159299
1546	835513
1546	7268551
1546	2588184
1546	8600133
1546	431455
1546	7934738
1546	4013086
1546	205909
1546	6101875
1546	3390968
1546	6606213
1546	3300862
1546	7962948
1546	4258692
1546	3177903
1546	5670559
1546	6574835
1546	5555330
1546	7809360
1546	1180929
1546	8489084
1546	6187249
1546	5013190
1546	3053651
1546	3791668
1546	4647484
1546	8359184
1235	413708
1235	1280739
1235	3739998
1235	3935483
1235	8094377
1235	4780624
1235	2506982
1235	1730273
1235	7831245
1235	4082538
1235	8185738
1235	3219682
1235	2310558
1235	7675012
1235	8005568
1235	1271777
1235	1823361
1235	8518829
1235	58219
1235	6953001
1235	6652368
1235	6771293
1235	6007853
1235	6490021
1235	230568
1235	6976619
1235	1348392
1235	3447268
1235	8124283
1235	6297596
1235	7510176
1235	6980013
1235	6959052
1235	5601800
1235	5198574
1235	4203863
1235	5371663
1235	8520756
1235	195207
1235	1433938
1235	5611868
1235	3093185
1235	7347286
1235	6182264
1235	6329184
1235	3193033
1235	3791980
1235	7901478
1235	1710361
1235	5998741
1235	5887758
1235	1460299
1235	8519558
1235	2975953
1235	7851151
1235	8879217
1235	7489805
1235	1197536
1235	8444006
1235	8116721
1633	4064132
1633	3985961
1633	6057948
1633	2085238
1633	1367576
1633	84434
1633	8833916
1633	801360
1633	8345337
1633	5258441
1633	2479252
1633	435016
1633	6204931
1633	6000342
1633	3387078
1633	630322
1633	1842868
1633	1235027
1633	8218513
1633	446373
1633	7057826
1633	660588
1633	8069720
1633	3250387
1633	7180743
1633	2435992
1633	570143
1633	601577
1633	822026
1633	8393874
1633	6146368
1633	3261257
1633	2622532
1633	1966276
1633	7524964
1633	4832539
1633	3199976
1633	456910
1633	8903788
1633	7402158
1633	2820716
1633	3071615
1633	5927968
1633	6369112
1633	1938953
1633	6593110
1633	404510
1633	3210012
1633	1992541
1633	823334
1633	521167
1185	6707250
1185	4585777
1185	3755574
1185	4726307
1185	5322712
1185	5392916
1185	4703443
1185	2059495
1185	3467535
1185	8489103
1185	7565996
1610	6564726
1610	3049989
1610	5142414
1610	3566491
1610	367444
1610	1685877
1610	6872798
1610	8390114
1610	3887996
1610	3516364
1610	1283377
1610	7649075
1610	1032526
1610	149743
1610	1738360
1610	6616779
1610	5468165
1610	7721894
1610	1328522
1610	1095131
1610	1390451
1610	6724039
1610	1684712
1610	6027445
1610	6308040
1610	7371954
1610	136058
1610	5189153
1610	6034630
1610	8446357
1610	1244164
1610	1887122
1610	4277736
1610	241565
1610	8000409
1610	1061337
1610	8095395
1610	2429240
1610	2124973
1610	2698749
1610	7019116
1610	1300932
1610	2268635
1610	4088799
1610	2090213
1610	8040351
1610	7453404
1610	4341004
1610	2315677
1610	6477863
1610	4066720
1610	6983425
1610	5372456
1610	2552506
495	5043783
495	533432
495	6156224
495	8777365
495	2212953
495	894412
495	8071155
495	613684
495	1891078
495	5741811
495	5141248
495	8813540
495	2563090
495	4848494
495	7165874
495	5357528
495	365536
495	1513665
495	6499692
495	5987514
495	7753469
495	3055161
495	6460726
189	2940309
189	8071767
189	2951988
189	1662656
189	572504
189	1710140
189	7977135
189	7412893
189	3235727
189	7370167
189	7360227
189	1979566
189	6742627
189	3583610
189	1742327
189	8374149
189	8307603
189	2941481
189	6881690
189	7140339
189	5274921
189	4418121
189	6464166
189	5479660
189	4467497
189	8401694
189	867390
189	8696571
189	6468972
189	8253473
189	2987351
189	6053585
189	4374582
189	6126045
189	1570418
189	3245981
189	3476066
189	3576558
189	1558815
189	4878789
189	4151963
189	8069570
189	4034140
189	1962170
189	1007710
189	5850385
189	6190056
189	5284153
189	2398000
189	8461411
189	6526575
189	4709016
189	2931763
189	7707828
189	975941
189	2085224
189	227389
189	7622402
189	3316601
189	577434
189	5840699
189	280912
189	2037388
189	8324000
189	1678480
189	2509952
189	8797412
189	4975571
189	326988
189	4116092
189	3651463
189	119718
189	2612002
189	4806612
189	5424706
189	1181895
189	5945294
1231	7238396
1231	3967306
1231	7931062
1231	5053043
1231	3278280
1231	857949
1231	4940288
1231	6938668
1231	8120639
1231	3509143
1231	4257453
1231	4994354
1231	2430582
1231	4952680
1231	529757
1231	8632661
1231	5529512
1231	5602182
1231	4592278
1231	4244301
1231	734265
1231	5949063
1231	7095670
1231	8805552
1231	4718198
1231	2349118
1231	7280727
1231	2010466
1231	449481
1231	2075297
1231	4130732
1231	1859015
1231	5520593
1231	8720914
1231	8582066
1231	5362268
1231	4084491
1231	5942622
1231	5434802
1231	7003755
1231	5211655
1231	6075773
1231	718230
1231	825158
1231	3479474
1231	6010678
1231	7485664
1231	8510356
1231	620314
1231	373679
1231	5059244
1231	5362157
1231	8922396
1231	4590204
1157	5751356
1157	8368234
1157	2304344
1157	5659948
1157	8105450
1157	5173692
1157	6319536
1157	2291774
1157	210022
1157	1058877
1157	1945493
1157	25179
1157	398592
1157	284446
1157	5986819
1157	8118255
1157	5416396
1157	5951142
1157	3019887
1157	1784542
1157	686476
1157	3958876
1157	372471
1157	7251196
1157	5074552
1157	234532
1157	3196735
1157	7900178
1157	1923385
1157	5807476
1157	2982042
1157	2677984
1157	4384252
1157	3432579
1157	3136338
1157	8771668
1157	861272
1333	7020007
1333	7834526
1333	4425725
1333	88521
1333	5574996
1333	8204515
1333	3728187
1333	3487562
1333	5189097
1333	5705364
1333	3379998
1333	3461913
1333	4440817
1333	2861739
1333	2056069
1333	1986100
1333	4175254
1333	1296079
1333	3466076
1333	7146759
1333	6377598
1333	7705134
1333	5630894
1333	1170795
1333	3895423
1333	3886892
1333	1446647
1333	4100649
1333	1708094
1333	3905415
1333	4753638
1333	4940468
1333	8053170
1333	4872959
1333	8021828
1333	4192186
1333	7780808
1333	8574216
1333	4866955
1333	2455231
1333	2245582
1333	3581986
1333	6188712
1333	7000614
1333	6602786
1333	5069249
1333	6113742
1333	976031
1333	8690961
1333	4405505
1333	6978468
1333	3768888
1333	2574464
1333	1467520
1333	656306
1333	7857497
1333	4766012
1333	802393
1333	88034
1333	2281843
1333	4973085
1333	5142231
1333	2438660
1333	439920
1333	7751520
1333	243164
1333	4403605
1333	7816793
1333	1735936
1333	1935371
1333	127981
1333	3171522
1333	5536826
1333	167411
1333	4036708
1333	2253918
1333	749371
1136	7388827
1136	3413902
1136	8815091
1136	1073747
1136	4702388
1136	2490856
1136	2994006
1136	5635595
1136	2776813
1136	4501101
1136	2981116
1136	7881820
1136	3029257
1136	1960664
1136	8015345
1136	310635
1136	7553127
1136	5388300
1136	2092836
1136	2310583
1136	7647141
1136	2355021
1136	3890595
1136	6922936
1136	1287214
1136	329032
1136	7895864
1136	195001
1136	3466249
1136	844772
1136	559942
1136	2061718
1136	3830153
1136	3103821
1136	1804704
1136	3478848
1136	1003677
1136	7144256
1136	833782
1136	8637815
1136	826537
1136	2403246
1136	2659276
1136	3646735
1136	5298600
1136	5515569
1136	6058852
1136	7533558
1136	5685658
1136	4892471
1136	4302923
1136	200095
1136	5343646
1136	6076453
1136	2402071
1136	4241930
1136	3646670
1136	5233553
1136	8229484
1136	8519733
1136	2377344
1136	8822453
1136	2725125
1136	5859332
1136	4324233
1136	396128
1136	1763079
1136	5360318
1136	8560953
1136	7262087
1136	169572
1136	8328173
1136	8041607
1136	2833883
1091	1785239
1091	5072028
1091	4128467
1091	2401265
1091	6592255
1091	6005631
1091	51907
1091	2587880
1091	3892535
1091	4498717
1091	6414045
1091	7978453
1091	20751
1091	7126770
1091	7334568
1091	653078
1091	7082477
1091	7735467
1091	8853499
1091	7601364
1091	6376987
1091	8599656
1091	4309267
1091	5849198
1091	6873858
1091	4550192
1091	308669
1091	7764955
1091	1728150
1091	2007311
1091	7039882
1091	5856484
1091	1827018
1091	6010797
1091	6205680
1091	4036040
1091	777891
1091	7598421
1091	5061066
1091	5586000
1091	314254
1091	2773843
1091	1405933
1091	4715215
1091	8738845
1091	8874156
268	4131375
268	4032228
268	4367748
268	4664207
268	248077
268	7815616
268	1414497
268	8272128
268	6917862
268	7315711
268	3031877
268	1808818
268	110056
268	6979302
268	2017335
268	4974934
268	6835916
268	8611086
268	7549858
268	859445
268	8852814
268	3673552
268	8931182
268	7250576
268	1409330
268	2308136
268	1806358
268	4076012
268	3916856
268	965759
268	8296308
268	8895976
268	2924567
268	6777007
268	214588
268	2444452
268	889151
268	7698139
268	1457254
268	8453190
268	6815191
268	2486069
268	43539
268	6970828
268	1312836
268	5769138
268	2062486
268	7786009
268	5087567
268	7579988
268	1385395
268	5014015
268	430410
268	1538417
268	5473909
268	2919247
268	5270237
268	1669578
268	2673344
268	2852416
268	343838
268	8881472
268	7492956
268	4385637
268	2327907
268	1740116
268	4647621
268	2944256
268	6668224
268	6287880
268	2793628
268	1032121
268	5080746
268	7418989
268	4711374
268	8113253
268	3089122
268	482171
268	7667667
619	238505
619	2404300
619	2613721
619	4153963
619	803682
619	1150297
619	5601054
619	1772685
619	2329007
619	8585520
619	2774831
619	4395236
619	8047559
619	2298598
619	1439835
619	7850968
619	1236704
619	4787258
619	106554
619	6166090
619	520413
619	2227213
619	1311663
619	4382848
619	4046638
619	1992686
619	4917361
619	3427202
619	7039427
619	7188275
619	5618816
619	4764965
619	545300
619	6583942
619	2706771
619	4983934
619	1815828
619	4116955
619	1489055
619	4185972
619	1050558
619	5720633
619	5604611
619	8146367
619	5484478
619	453294
619	6867834
619	5045626
619	1066516
619	2624226
619	6106824
619	7446845
619	390413
619	1896257
619	3484645
619	6133405
619	7718961
619	6405716
619	1992832
619	5698198
619	8475331
619	7770863
619	1896211
619	6127241
619	299091
619	4423391
619	7992496
619	5020696
619	6057205
619	6109070
619	3037962
619	5417152
619	1490727
684	918050
684	6194395
684	2434467
684	6210929
684	8339138
684	3914419
684	5538174
684	5839692
684	23073
684	7468718
684	1319794
822	8604467
822	2537333
822	1000232
822	7118728
822	4113251
822	4534069
822	8383812
822	4169581
822	6630200
822	426685
822	5840531
822	1375936
822	7193591
822	7702714
822	4036183
822	3428745
822	7212952
822	5878755
822	7390194
822	895554
822	6848540
822	2817809
822	539746
822	2818338
822	5272530
822	5712108
822	7255036
822	1572552
822	1622174
822	5252257
822	1582728
822	242599
822	4907281
822	4640312
822	28019
822	3267319
822	4119921
822	2866094
822	4978308
822	3771892
822	78404
822	1068023
822	7720729
822	2815348
822	3456783
822	1063405
822	5097168
822	7046747
822	6752252
822	543986
822	3602928
822	190170
822	7856787
988	7078529
988	5348578
988	8036319
988	426802
988	4669824
988	1209606
988	8079487
988	6995611
988	4869879
988	8319816
988	876540
988	1077399
988	2578069
988	1597559
988	7983017
988	6221317
988	5282443
988	4680296
988	7827514
988	2089257
988	8495284
988	5650157
988	898049
988	8088107
988	8751878
988	1119331
988	8820127
988	2718130
988	5158540
988	916026
988	416953
988	4494925
988	6689706
988	3488736
988	8833444
988	474965
988	4193368
988	4574114
988	2867650
988	8179882
988	4383608
988	3949462
1597	1324022
1597	2616523
1597	3707270
1597	4476864
1597	5291575
1597	6334123
1597	51929
1597	2703258
1597	7084719
1597	6335645
1597	1722201
1597	7889268
1597	679728
1597	2290382
1597	585739
1597	8296394
1597	4533261
1597	7402758
1597	3527656
1597	6669370
1597	2897505
1597	6182880
1597	2784215
1597	3828719
1597	5599532
1597	8680136
1597	6677118
1597	5622799
1597	655006
1597	7826249
1597	8788310
1597	6300204
1465	1924731
1465	5305579
1465	1279404
1465	2318435
1465	3588424
539	5524360
539	2475548
539	2623426
539	535753
539	7397775
539	8336999
539	7234600
539	3394933
539	931643
539	3412291
539	2092808
539	7432493
539	6098016
539	8481847
539	2762247
539	8507906
539	6728885
539	5720493
539	945470
539	782501
539	5794078
539	6413023
539	382694
539	6391553
539	2524928
539	7957216
539	7155971
539	1271773
539	1825474
539	7140063
539	8657708
539	8833821
539	6854973
539	1672748
539	7927930
539	2083179
539	6410462
539	8170553
539	6270200
539	7069637
539	3261428
539	3833521
539	5243890
539	8029122
539	6895506
539	1834502
539	7828355
539	5632994
539	4165740
539	3551446
539	3522318
539	5952186
539	7850952
539	2287678
539	7678729
539	3633175
539	784480
539	6543128
539	3625218
539	3286651
1651	834886
1651	8170549
1651	2291221
1651	8250513
1651	5624292
1651	3243054
1651	4087836
1651	4444295
1651	8795419
1651	635769
1651	5551338
1651	6346048
1651	5157646
1651	2280876
1651	356708
1651	1738594
1651	2854024
1651	2095778
1651	235191
1651	1254733
1651	8803672
1651	4064979
1651	7359520
1651	3227822
1651	7145056
1651	923079
1651	1658070
1651	1229064
1651	8757645
1651	2751843
1651	1203218
1651	1379718
1651	7786202
1651	7245237
1651	542677
1651	7767169
1651	161321
1651	1753468
1651	5642362
1651	772992
1651	446078
1651	3865491
1651	2699187
1651	8781193
1651	3890811
1651	1334415
1651	4988580
1651	2286869
1651	1881300
1651	1365497
1651	687900
1651	1015028
1651	4867195
1651	2736126
377	6618066
377	1206227
377	2622625
377	414294
377	3564351
377	2917912
377	907540
377	7909680
377	8251307
377	1658663
377	1543553
377	2812156
377	2032806
377	7660121
377	5937061
377	1604518
377	212792
377	2521190
377	3372437
377	5944693
377	2596522
377	1298129
377	1032550
377	4563765
377	7609304
377	7866790
377	1369925
377	5347530
377	6223414
377	8678743
377	2010172
377	438220
377	1428509
377	8378912
377	2172771
377	3301092
377	7967695
377	2365752
905	3300501
905	3775283
905	7581174
905	1237133
905	6495585
905	2926817
905	6641048
905	2863476
905	2292850
905	6305214
905	7180531
905	3496434
905	224201
905	5228132
905	2581046
905	6306898
905	1053531
905	6917007
905	7653808
905	8809926
905	4918010
905	1565695
905	6849574
905	3317108
905	6956680
905	3600402
905	8092667
905	1132167
905	5371553
905	7664185
905	5635354
905	3873453
905	2715043
905	1539698
905	5978026
905	3408591
905	3523838
905	7245894
905	4952955
905	2213219
905	3142686
905	393219
905	8397444
905	6152329
905	7882536
905	734789
905	8495339
905	4414443
905	6338724
207	7238175
207	529975
207	7240341
207	6206370
207	6273224
207	7625645
207	1077746
207	1999407
207	7361272
207	3726403
207	823670
207	1722361
207	2938807
207	7124833
207	5460761
207	4633916
207	4074340
207	8384896
207	2445090
207	211732
207	107466
207	2749038
207	5701456
207	4321527
207	2577714
207	5465809
207	2272068
207	3420976
207	8203168
207	5694783
207	5557987
207	3883791
207	5204199
1756	6559160
1756	4492691
1756	8394218
1756	8643808
1756	4494828
1756	1988420
1756	4489075
1756	1868134
1756	8027244
1756	7199291
1756	3307482
1756	75979
1756	2568331
1756	1688243
1756	8536846
1756	866898
1756	1622169
1756	279194
1756	737392
1756	2007648
1756	7048927
1756	5063940
1756	7443247
1756	662851
1756	7142218
1756	7488537
1756	1900030
1756	166495
1756	4656909
1756	8515115
1756	516668
1756	3304369
1756	3389422
1756	2564307
1756	7621957
1756	900577
1756	1378929
1756	8539038
1756	8815136
1756	7803971
1756	5451390
1756	4105294
852	6855398
852	5107834
852	6294181
852	1122322
852	4509074
852	902196
852	8357223
852	4089257
852	982762
852	1120503
852	5907135
852	4789489
852	3666373
852	3499101
852	1396493
852	4091948
852	6069539
852	273339
852	8087550
852	1186751
852	2463920
852	7230098
852	4733573
852	6846067
852	8493037
852	7573590
852	6330967
852	7561939
852	1209123
852	7306104
852	289067
852	602257
852	4039241
852	8912003
852	3438772
852	4110554
852	4483500
852	1662357
852	1728202
852	8150249
852	972959
852	4488787
852	4177426
852	1957300
852	4481797
852	2212724
852	5990394
852	4072138
852	7499176
852	4413634
852	8446150
852	208608
852	6105664
852	1686773
852	418247
852	8322978
852	6108128
852	2546157
852	2290380
852	938780
852	5565382
852	6604039
852	6951090
852	8826556
852	8524849
852	4078211
852	3952813
852	8863577
852	8608005
852	176520
852	823972
852	6448177
852	3109162
852	3868022
852	1962255
852	5886739
544	1672771
544	5175322
544	6042664
544	4302744
544	7728142
544	4513088
544	2068542
544	532829
544	2847635
544	7471747
544	5436323
544	7992058
544	2350239
544	1992440
544	1228376
544	7134648
544	6263050
544	3876991
544	1760566
544	6033982
544	7354997
544	4449880
544	3363750
544	2563894
544	4547216
544	3125259
544	888617
544	3414977
544	4610717
544	8686722
544	6516842
544	8535417
544	138712
544	5990366
544	7572520
544	7214647
544	3791521
544	1151619
544	5069807
544	5076398
544	7277590
544	3496672
544	1500054
544	7866888
544	4031967
544	7000011
544	4473333
544	246655
544	5443573
544	8462083
1083	2579798
1083	3651941
1083	6159938
1083	591908
1083	4878847
1083	2107273
1083	5127092
1538	4188293
1538	7037970
1538	5256911
1538	3706721
1538	1486549
1538	5325734
1538	2920911
1538	5398760
1538	582794
1538	665467
1538	5004919
1538	4755992
1538	3210162
1538	7189426
1538	4365004
1538	4896736
1538	6481318
1538	6273843
1538	6346426
1538	8797654
1538	1319051
1538	3067424
1538	7201114
1538	2425909
1538	6388693
1538	8378099
1538	3591879
1538	3708441
1538	8365867
1538	1600965
1538	2305236
1538	1570126
1538	4580201
1538	4308147
1538	7366998
1538	5176136
1538	847632
1538	2291225
1538	3368585
1538	6099631
1538	8499884
1538	3686740
1538	5145658
1538	6029727
1538	3124697
1538	3178010
1538	6161390
1538	3412171
1538	7863821
1538	5215617
1538	6763310
1538	851656
1538	5607299
1538	636650
1538	2759031
1538	6961510
1538	8602597
1538	5405572
1538	4299826
1538	670312
1538	604694
1538	2274838
1538	3455857
1538	412757
1538	4994139
1538	6518339
1538	625073
1538	8840982
1538	5788702
1538	5698273
1538	3534758
1538	3558917
1538	4024083
1538	5883727
1538	6191847
1538	8704195
1538	1695380
1538	6768652
1538	4755066
514	994590
514	2579599
514	3475834
514	1730197
514	5285007
514	5530068
514	7715956
514	5237942
514	636102
514	8218421
514	6167615
514	8336566
514	8882214
514	2484353
514	6509460
514	138512
514	3163474
514	5381582
514	6876756
514	462459
514	399872
514	6102049
514	487486
514	3400089
514	3175961
514	6056195
514	5085300
514	7933194
514	7772449
514	4853113
514	2651454
514	672553
514	7959004
514	3866707
514	7281396
514	3104200
454	7434537
454	1184046
454	4604745
454	4942194
454	1331160
454	7629248
454	716354
454	2688841
454	1050041
454	553861
454	2679926
454	601723
454	4994902
454	1254436
454	6124869
454	8506059
454	6340984
454	4010124
454	7281270
454	2376449
454	7457671
454	1293193
454	4363378
454	2791430
454	6754903
454	2570022
454	2048684
454	3136570
454	6055057
454	2982018
454	831785
454	6002997
454	8473946
454	7379050
454	8029798
454	8164373
454	3520756
454	6526254
454	2381968
454	3701144
454	877108
454	8410484
454	7588507
454	6657722
454	3883021
454	7349556
454	1635575
454	2210829
454	7689948
454	8436125
454	2862130
454	7748577
454	948433
454	7954836
454	7772870
454	2372561
454	104305
454	2954838
454	2626992
454	8384472
454	8136758
454	3453663
454	3256692
454	5627348
454	8194933
454	343790
454	7661682
454	1777311
454	183682
454	4999568
454	7522144
454	3072779
454	7823620
454	7182420
454	6480344
454	6068034
149	4053079
149	5421082
149	99492
149	2976063
149	7930992
149	245035
149	6560873
149	5605494
149	4993375
149	3182589
149	7287752
149	6020611
149	6208659
149	444050
149	2176465
149	8687848
149	3146571
149	6206487
149	95153
149	1179401
149	5226546
149	6347193
149	4886224
149	8607109
149	4130621
149	6960148
149	1285680
149	2900331
272	3131767
272	4890852
272	3454531
272	2223920
272	1998695
272	8854696
272	2759105
272	4017839
272	4153669
272	1968787
272	7021330
272	3691786
272	1652814
272	4805526
272	5160392
272	6870351
272	1906283
272	7056816
272	3721956
272	8604453
272	5061710
272	8824003
272	3328505
272	8022092
272	7855672
272	8860292
272	179289
272	8356643
272	8152853
272	7317014
272	1481286
272	5932190
272	7792763
272	286270
272	7610413
272	6587193
272	6272026
272	809806
272	5898190
272	7225297
272	7130636
272	3789559
272	5527596
272	3136789
272	6324537
272	7461125
272	1039657
272	8520932
272	2434447
272	4170077
272	563323
272	8008871
272	2600349
272	5839124
272	1244999
272	6463547
272	526931
272	7685651
272	8293790
272	4361958
272	4265521
272	7709608
272	2756746
272	76384
272	3310084
272	2276532
272	8594283
272	4568414
272	5602936
272	4548832
272	3007518
272	3685158
272	4038961
272	8838380
915	8777320
915	3854460
915	6208521
915	5528986
915	1983807
915	7987977
915	3713723
915	758353
915	2585493
915	2343612
915	7585503
915	2682507
915	7462661
915	5546920
915	6577064
915	1442325
915	3187766
915	2738478
915	6934165
915	7067504
915	41054
915	1308442
915	864904
915	3108167
915	623362
915	974312
915	5013279
915	1993610
915	690301
915	4948794
915	362685
915	8128794
915	6843202
915	5945846
915	5003116
915	7418594
915	787699
915	5882453
915	7130134
915	91725
915	2691455
915	5812970
915	7105228
915	8429306
915	3220263
915	1709324
915	2565823
915	4137462
915	2207999
915	3052575
915	2736600
915	2106854
915	3437404
915	2563121
915	2859145
915	4795328
915	208515
915	4087543
915	865269
915	3274857
915	4340069
915	6645944
915	6164844
915	1894878
915	7707584
915	4336784
915	6923511
915	5431410
915	134340
915	4352381
915	281168
915	8587459
915	2192503
915	1188043
915	4039456
915	8081199
915	6896297
915	540855
915	4371163
1515	3635589
1515	2249738
1515	5126548
1515	6907597
1515	2259911
1515	8830266
1515	5014023
1515	1747608
1515	8549447
1515	266009
1515	260937
1515	3605559
1515	3610076
1515	295184
1515	8292632
1515	1811302
1515	4517913
1515	8503524
1515	491642
1515	5978651
1515	1110914
1515	6292166
1515	1723148
1515	4296867
1515	1934512
1515	1837049
1515	6004887
1515	2538497
1515	4031093
1515	1958580
1515	3012986
1515	5578173
1515	1275381
1515	2592307
1515	912059
1515	1812407
1515	8369308
1515	6879690
1515	73369
1515	5263562
1515	3931826
1515	6663509
1515	1098829
1515	6339932
1515	5096598
1515	8447946
1515	7160734
1515	8007956
1192	8399715
1192	2556774
1192	2233321
1192	5366900
1192	3192877
1192	3261713
1192	5461177
1192	5720153
1192	5010821
1192	2615421
1192	222329
1192	8396053
1192	1999451
1192	970554
1192	6008370
1192	7259151
1192	5409197
1192	465744
1192	5979131
1192	164113
1192	5003654
1192	829949
1192	7319167
1192	1872822
1192	8430768
1192	4005916
1192	6476104
1192	3207836
1192	5904489
1192	5159926
1192	1249545
1192	205303
1192	4780639
1192	7042788
1192	566424
1192	1081196
1192	4922974
1192	2561863
1192	2207968
1192	4889652
1192	3310150
1192	4021844
1192	3296994
1192	7660435
1192	2213980
1192	8144954
1192	7515047
1192	430871
1192	5866841
1192	6485422
1192	7099576
1192	8604132
1192	7883113
1192	3869584
1192	6817
1192	6564702
1192	5678017
1192	290753
1192	3963158
1192	474686
1192	8569241
1192	8206674
1192	2090381
1192	7490920
1192	2818060
1192	403131
1192	8041267
1192	8558212
76	2355273
76	2937701
76	7856823
76	2492849
76	777425
76	2715109
76	2865145
76	2845043
76	414129
76	4658819
76	1742742
76	2136823
76	98004
76	7942444
76	1885036
76	559513
76	1826405
76	6248151
76	2839465
76	3616688
76	5068543
76	6800703
76	8766803
968	5431979
968	5740588
968	2713177
968	1753619
968	6057393
968	6481036
968	4299451
968	1062700
968	3318667
968	5224544
968	7692352
968	5981280
968	4443412
968	5171712
968	6007134
968	4990342
968	8482510
968	3594065
968	4363572
968	7290412
968	1003771
968	2086686
968	7487355
968	288582
968	1318403
968	973117
968	4211455
968	2785062
968	2444113
968	441366
968	760060
968	3387638
968	4544373
968	7885947
968	906419
968	7479451
968	7771266
968	577722
968	511531
968	6488348
968	851338
968	8898431
968	3327465
968	2066667
968	4233960
968	7480873
968	2845962
968	3768470
1695	1731105
1695	611768
1695	8151479
1695	7410678
1695	6187616
1695	3930769
1695	8449730
1695	106998
1695	60410
1695	4010255
1695	6763215
1695	2743527
1695	6769733
1695	22243
1695	3110466
1695	7029790
1695	5841215
1695	2124703
1695	2231522
1695	2145993
1695	8776084
1695	8564243
1695	4327066
1695	4408838
1695	3740272
1695	5420566
1695	4453625
1695	2428391
1695	4275994
1695	7919170
1695	1694112
1695	7356641
1695	8199628
1695	3798582
1695	1280506
1695	6252347
1695	6143348
1695	3323184
1695	3927929
1695	6874371
1695	6229164
1695	1963428
1695	1095994
1695	845738
1695	6979801
1695	613101
1695	8449406
1695	4991903
1695	1429751
1695	1856000
1695	8165324
1695	333277
1695	4954231
1695	5491640
1695	5138978
1695	5607416
1695	4532893
1695	8757823
1695	3750395
1613	597729
1613	4540876
1613	1210269
1613	3057976
1613	6456870
1613	412735
1613	2210756
1613	4311004
1613	302238
1613	7996288
1613	7933013
1613	3064137
1613	1972282
1613	8256784
1613	8219037
1613	4960533
1613	6489452
499	7958052
499	6673542
499	259228
499	1945169
499	2204841
499	7998935
499	2714115
499	7760795
499	879029
499	6810
499	4071443
499	5020967
499	1645124
499	716286
499	1329796
499	3371740
499	5868730
499	6097255
499	3322343
499	5659280
499	7831097
499	5010235
499	7424424
499	4564147
499	8383656
499	1458141
499	2502863
499	8852487
499	4906750
499	665379
499	8664881
499	1999175
499	674661
499	3635470
499	6960504
499	8904529
499	4068548
499	4510943
499	6820943
499	6564680
499	808163
30	2428633
30	8683
30	6319189
30	1604016
30	6846016
30	135527
30	3190189
30	4147640
30	4767239
30	2205977
30	2847755
30	56232
30	2693349
30	603030
30	1567228
30	8024727
30	2489594
30	4374865
255	3516788
255	731043
255	780263
255	7952179
255	6799800
255	8668797
255	1208398
255	2607068
255	5699002
255	7281646
255	6143084
255	396429
255	2587961
255	108175
255	6715988
255	6231796
255	6125476
255	8193066
255	6897075
255	6410334
255	2428135
255	6304025
255	2782739
255	3375961
255	8003175
255	8306858
255	5018987
255	587683
255	8491988
255	4207762
255	4818352
255	7692398
255	6195185
255	6445774
255	8285118
255	75313
255	5126253
255	3624409
255	8739720
255	3655673
255	4070227
255	2575407
255	6369369
255	8780374
255	7569194
255	5596827
128	605791
128	2346404
128	2336632
128	5122127
128	357441
128	4031555
128	5112154
128	232896
128	6388704
128	8854636
128	6901591
128	4724860
128	7368939
128	6793739
128	8846417
128	253424
128	7103564
128	8804675
128	1509185
128	3925756
128	6388527
128	1300220
128	4980633
128	2420145
128	6471920
128	5059741
128	5023397
128	5601294
128	4410946
128	716618
128	8179402
128	8188136
128	3860831
128	8044655
128	1949497
128	3823
128	2349279
128	3723948
128	8750587
128	1993896
128	8429370
128	1409245
128	7495334
128	4849927
128	3627627
128	2427981
128	8498807
128	2554396
128	7212514
128	4439262
128	6979721
128	7196336
128	4686531
128	1229300
128	6270284
128	3918405
128	5330449
1189	7329039
1189	1819364
1189	6204462
1189	3352415
1189	7531904
1189	1652142
1189	2374839
1189	4708642
1189	6487084
1189	3587644
1189	633227
1189	2373969
1189	3358358
1189	3167144
1189	1907594
1189	3135104
1189	6332367
1189	980497
1189	6618057
1189	8598064
1189	1856839
1189	4898425
1189	5177507
1189	4054604
1189	8484846
1189	6224160
1189	3087080
1189	6474349
899	5277646
899	120508
899	7817856
899	5584838
899	7890756
899	494860
899	8490733
899	533534
899	3337441
899	7490814
899	3766067
899	7364250
899	5072123
899	5256500
899	5777703
899	6006575
899	7921358
899	5301865
899	6814778
899	246291
899	1576266
899	8152868
899	5270690
899	4135246
899	8088334
899	5220718
899	2676677
899	723934
899	1177132
899	2400881
899	7747139
899	4920041
899	6077415
899	2702225
899	956905
899	4960884
899	6559504
899	3136084
899	3780015
899	6261287
899	3842719
899	682458
899	1596956
899	4601809
899	4861319
899	5729656
899	3342839
899	897750
899	8137079
899	7338446
899	3038858
899	3539415
899	8382569
899	5357216
899	1702915
899	6416439
899	4403164
899	2204114
899	1675552
899	2420297
899	485786
899	5329238
747	1809180
747	6394028
747	2410009
747	2309778
747	7251893
747	4468042
747	1923141
747	734294
747	8871448
747	6252940
747	3353520
747	4058417
747	6180159
747	506184
747	8629817
747	7523478
747	1866288
747	4347681
747	7518153
747	2457770
747	4286876
747	2957440
747	655389
747	1206653
747	5184215
747	1687480
747	7326207
747	7220888
747	2095362
747	3735119
747	2870982
747	8366351
747	3883833
747	3360438
747	7449959
747	2946032
747	6846385
747	5640789
747	3109417
747	1540037
747	5007514
747	1478435
747	3113785
747	114041
747	3944914
747	3376959
747	6409740
747	1906758
747	137926
747	1623431
747	847947
747	5127764
747	2630997
747	1497225
747	5663832
747	105339
747	5625270
747	3843970
747	8527511
747	6692262
747	2944231
747	3068353
747	5881328
747	4902482
747	6542058
747	3896471
747	2354394
747	4293003
747	7888636
747	7700390
747	8712319
747	7262150
747	7630133
1287	2276872
1287	4062334
1287	3137028
1287	5742255
1287	3485612
1287	4922763
1287	6827574
1287	1074717
1287	8405392
1287	6000119
1287	490715
1287	3928210
1287	5583035
1287	4001749
1287	950186
1287	478030
1287	1962854
1287	5152964
1287	8423435
1287	2529662
1287	6811841
1287	275574
1287	4262376
1287	5676719
1287	8346141
1287	3318042
1287	6996124
1116	5543731
1116	2955704
1116	1401314
1116	2476696
1116	2104938
1116	6816329
1116	4486511
1116	3682957
1116	6130796
1116	3837506
1116	5940010
1116	5556156
1116	2202160
1116	3344646
1116	709539
1116	2813119
1116	6099393
1116	868599
1116	1581525
1116	4988903
1116	2581160
1116	1869464
1116	5769528
1116	737097
1116	8432570
1116	1546400
1116	6378330
1116	1742458
1116	6609604
1116	6768809
1116	4658557
1116	7974621
1116	7364418
1116	7860504
1116	5463552
1116	4555722
1116	2198761
1116	8818908
1116	2057424
1116	6352797
1116	7847353
1116	8158241
1116	7724524
1116	1526987
1116	4838843
1116	4540778
1116	7661694
1116	266168
1116	5104777
1130	2914662
1130	1148229
1130	4505950
1130	4743209
1130	864980
1130	6037579
1130	1911050
1130	5167001
1130	3261689
1130	7406579
1130	1833640
1130	7019285
1130	6154174
1130	6637288
1130	4280989
1130	3733373
1130	1941487
1130	755656
1130	3676106
1130	8670957
1130	4943772
1130	4273991
1130	1531693
1130	6195468
1130	4306964
1130	1350488
1130	8280723
1130	6709272
1130	5500406
1130	1769248
1130	1839963
1130	3387278
1130	317094
1130	2535314
1130	4612596
1130	4804497
1130	4013921
1130	8321247
1130	8167178
1130	8526286
1130	1167712
1130	7745137
1130	8523030
1130	5661059
1130	1165163
1130	3913115
1130	3605185
1130	7289859
1130	545603
214	4972389
214	5934854
214	8903276
214	8598880
214	8020167
214	2907986
214	5226026
214	4289490
214	5897753
214	1139007
214	1750452
214	231533
214	5968198
214	7465226
214	5965507
214	4795026
214	3222009
214	7839035
214	3827771
214	1614500
214	4037513
214	4727636
214	5600526
214	238387
214	2476581
214	7060776
214	4899211
214	7242738
214	6065591
214	902355
214	5992576
214	3274738
214	8226695
214	6895489
214	7820696
214	3017151
214	8700244
214	6867716
1329	3539264
1329	7688874
1329	14167
1329	5383579
1329	5870545
1329	4127054
1329	8295101
1329	697662
1329	3677383
1329	3982067
1329	5716041
1329	4750121
1329	198885
1329	7532637
1329	5855907
282	1326027
282	6267531
282	2240580
282	6539164
282	4994223
282	2832983
282	5929859
282	5337284
282	266370
282	6061308
282	359290
282	8747309
282	3330208
282	521161
282	8123569
282	2314939
282	5135290
282	2616368
282	7365247
282	7355975
282	4574682
282	6249009
282	6631088
282	4930147
282	4072158
282	8165612
282	2472252
282	2267422
282	3202896
282	4678436
282	5795567
282	2564295
282	1692246
282	6034349
282	467094
282	7680076
282	5247088
282	8834544
282	4829008
282	7751550
282	1621369
282	2178836
282	5559346
282	7384229
282	8046324
282	4173323
282	5542816
282	2568704
282	5127447
282	6989238
282	4811489
282	8057269
282	6566631
282	6805077
282	3796535
282	6718249
282	6024994
228	4310824
228	5082232
228	1721409
228	4993260
228	1940937
228	5518544
228	6503665
228	5203236
228	4512541
228	217698
228	7866560
228	4739347
228	5469525
228	5764968
228	302942
228	1479605
228	3535525
228	830562
228	5306090
535	3461307
535	2169199
535	6965592
535	5350688
535	1655394
535	888951
535	4196610
535	7308476
535	4648794
535	5918374
535	5955051
535	1634001
535	8875272
535	3548424
535	2843976
535	5351533
535	7560450
535	3147491
535	362655
535	8829093
535	4644541
535	5834475
535	1630225
535	1045638
535	3981246
535	906083
535	7440004
535	1356731
535	4026586
535	3540469
704	8742674
9	1969386
9	2830301
9	3196401
9	6781866
9	4195486
9	2671688
9	2860422
9	2885867
9	183608
9	5279559
9	8218550
9	1393579
9	357571
9	2445328
9	2798630
9	2365805
9	1129191
9	2427191
9	1771367
9	459371
9	5839886
9	7357926
188	7061000
188	5684781
188	19037
188	4644333
188	6252300
188	7601536
188	2574380
188	1831388
188	929650
188	2915664
188	8260871
188	6407680
188	4937057
188	3255600
188	1584957
188	7734632
188	564514
188	4639436
188	7701736
188	4194049
188	5559837
188	2566133
188	2689443
188	5606480
188	2664935
188	3675159
188	8878318
188	3787141
188	8752120
188	8566609
188	2309518
188	4862818
188	1588459
188	3358120
188	7710090
188	6005441
188	2956160
188	3668945
188	6613611
188	7961233
188	479681
188	8004580
188	2424668
188	3127310
188	1347858
188	37393
188	2428252
188	5076099
188	4430834
188	264212
188	473931
188	6127418
188	1809351
188	3403600
188	6607090
188	6881930
188	1196668
188	8003100
601	2281453
601	6961347
601	1325185
601	1840423
601	5110984
601	7503056
601	6565713
601	1992742
601	3460128
601	5521048
601	1391929
601	5600498
601	281716
601	737953
601	1083490
601	6541996
601	3745026
601	631406
601	361849
601	5363735
601	6587766
601	2528068
601	738813
601	83842
601	6510828
601	7523674
601	4228010
601	4063912
601	2457043
601	7177848
601	8245651
601	2132701
601	5846898
290	8605352
290	3834875
290	4490084
290	4199654
290	2077306
290	1422077
290	218942
290	7617196
290	2208326
290	6713958
290	1231614
290	3067549
290	3726268
290	3342793
290	1732908
290	5785621
290	8198443
290	5558279
290	4406141
290	346318
290	2107781
290	2314511
290	1944146
290	5325360
290	3449714
290	7120747
290	5154418
290	5395674
290	1892470
290	3268206
290	983099
290	8221769
290	2981176
290	867040
290	3383749
290	227367
290	2439786
290	7906442
290	3240684
290	1515502
290	571655
290	6877443
290	3582830
290	8337931
290	6095267
290	7239042
290	489655
290	7943420
846	8589001
846	7852867
846	7546869
846	1030378
846	3941036
846	302611
846	5015199
846	1506804
846	1420073
846	3824839
846	8425158
846	2559298
846	859109
846	5840295
846	2087977
846	1431012
846	22209
846	4749263
846	7926077
846	2519309
846	1420309
846	5552014
846	8873711
846	4484533
846	3103875
846	8286065
846	2557396
846	3409678
846	2849270
846	1550563
846	5011466
846	1996747
846	5491885
846	5801158
846	6478451
846	2604936
846	2767161
846	6527499
846	7162940
846	824546
846	8371982
846	7347854
846	304478
846	5642879
846	8710009
846	7924360
846	7081647
846	1962535
846	7053446
846	729289
846	2986033
846	7712005
846	6824911
846	3255198
846	7123936
846	7555865
846	6453604
846	3658530
846	2138759
846	4497628
846	7601605
846	1521937
846	4123929
846	681641
846	3629132
846	7391758
846	6411106
846	6704288
846	5528833
846	4514114
846	6767371
846	7815861
846	5718697
846	8925860
846	1927176
366	1652094
366	490163
366	7086304
366	2759407
366	7643435
366	7038283
366	3820988
366	1174714
366	1543340
366	3192315
366	415974
366	1022558
366	2516977
366	1114703
366	8908933
366	970134
366	4248758
366	7647230
366	7126628
366	7989913
366	3071764
366	2910289
366	8213059
366	4876781
366	865769
366	8446412
366	1988992
366	1086887
366	7005904
366	2209120
366	3058481
366	3956663
366	1845767
366	5707653
366	11534
366	909046
366	7095591
366	4476438
366	7170671
366	778253
366	3046957
366	2589702
366	3775842
366	1685701
366	5730419
366	8202335
366	8618757
366	5286046
366	2748409
366	8451314
366	3655142
366	7681593
366	2491683
366	762758
366	8646630
366	550620
366	7357147
366	3441269
366	5319577
366	2698480
366	2341366
366	1570702
366	3203758
366	7565060
366	2355263
366	1736651
366	101673
366	7291702
366	4589998
366	6674371
366	355327
366	3805566
366	1787306
366	3536437
366	2001916
1125	4374792
1125	8243234
1125	4976034
1125	1038199
1125	1456745
1125	7807192
1125	7375991
1125	6251043
1125	5055115
1125	8801537
1125	8013704
1125	3061569
1125	7644809
1125	8352953
1125	4074249
1125	4128018
1125	8269582
1125	2273386
1125	5752925
1125	8502007
1125	7472662
1125	6811026
1125	2366625
1125	3129960
1125	6077394
1125	8214335
1125	7102109
1125	3916254
1125	1757295
1125	3465430
1148	268815
1148	6310607
1148	8080076
1148	5480849
1148	7930326
1148	4996142
1148	4600801
1148	553620
1148	4217414
1148	6388289
1148	6440090
1148	677682
1148	717291
1148	8227251
1148	6172605
1148	7756354
1148	5339423
1148	5230901
1148	732412
1148	1666375
1148	4662087
1148	6759719
1148	2250696
467	5431513
467	3499591
467	8622230
467	8491283
467	4197789
467	374379
467	5814614
467	4641468
467	6899927
467	7657680
467	6499358
467	7053427
467	4341732
467	8473699
467	1010593
467	6339923
467	1759037
467	6053837
467	5334490
467	6939087
467	1965935
467	3503380
467	7980492
467	6848624
467	3073617
467	437849
467	7361039
467	6030435
467	8854150
467	3929518
467	2301316
467	2536596
467	4571075
467	4883064
467	6614989
467	7576684
467	8568297
1555	3775751
1555	5054376
1555	5857793
1555	2088124
1555	3369464
1555	2908161
1555	3613137
1555	6641687
1555	5669986
1555	3005955
1555	905187
1555	332684
1555	4894269
1555	7168368
1555	7917111
1555	4138836
1555	921542
1555	4639257
1555	7910296
1555	7881886
1555	6609444
1555	5199843
1555	8656346
1555	4169619
1555	2293845
1555	6183394
1555	3238960
1555	7050468
1555	1378374
1555	20364
1555	7831912
1555	5999311
1555	2278550
1555	5267657
1555	7307983
1555	2441817
1555	7055286
1555	1033162
1555	7574547
1555	7399833
1555	1819983
1555	7346066
1555	7954154
1555	3258083
1555	5332705
1555	5809999
1555	77758
1555	8073871
1555	3176451
1555	4598010
1555	5336309
1555	6310748
1555	7865763
1555	7655971
1555	1766231
334	7144176
334	6458441
334	7068756
334	2509575
334	6874469
334	4028664
334	5930518
334	3472598
334	7556363
334	4506566
334	4506372
334	5682454
334	8071218
334	6685621
334	1030146
334	7965334
334	7109690
334	7555783
334	8785084
334	667802
334	1267095
334	2378907
334	1768918
334	6844777
334	3978894
334	4759283
334	6322396
334	2049402
334	7357018
334	8678047
334	4499057
334	1255291
334	2741487
334	776657
334	6827062
334	2637838
334	3151410
334	897852
334	1889268
334	3820240
334	2646746
334	4603609
334	3074069
334	909996
334	3125234
334	6267782
334	4116964
334	2056174
334	5340479
334	7834679
334	4877447
334	5662875
334	3993747
334	5352710
334	5139349
334	8414055
334	6090778
334	3952517
334	7531564
334	8750744
334	3815957
334	6898003
334	8832417
334	6039648
334	2469203
334	6144639
334	1188844
334	6006705
1105	4248307
1105	6489177
1105	5503256
1105	5249925
1105	149045
1105	8242922
1105	3762928
1105	5789212
1105	8353022
1105	8547516
1105	5165
1105	2117225
1105	2151317
1105	6387864
1105	2931711
1105	7750216
1105	7355539
1105	2306055
1105	2331869
1105	6548301
1105	3825537
1105	3659483
1105	4343732
1105	7082641
1105	3878834
1105	5149132
1105	959866
1105	8035159
1105	792113
1105	6341256
1105	4658258
1105	1838729
1105	4507995
1105	6428418
1105	187898
1105	1740232
1105	2050577
1105	435821
1105	6452758
1105	7780248
1105	4740391
1105	8147181
1105	7100012
1105	2902874
1105	2175816
1105	1955024
1105	6207577
1105	442436
1105	4727118
1105	6629188
1105	7024779
1105	7187655
1105	3554310
1105	1026540
1105	6222380
1105	3166229
1105	6267855
1105	7555450
1105	8427049
1105	2165862
1474	1475002
1474	4700103
1474	1220989
1474	8833443
1474	7376402
1474	2733373
1474	8303964
1474	3936448
1474	4750052
1474	4796769
1474	6594998
1474	7967098
1474	1289652
1474	2903161
1474	6948705
1474	280293
1474	7865836
1474	7739377
1474	8881840
1474	2680324
1474	5345645
1474	3938156
1474	6669576
1474	1032804
1474	2384033
1474	8379487
1474	6666057
1474	3908262
1474	3241417
1474	6533368
1474	5870920
1474	5331389
1474	6397359
1474	7006829
1474	2357573
1474	2409907
1474	7341713
1474	4857009
1474	4649464
1474	3829133
1474	7586629
1474	3768637
1474	7775470
1474	3636089
1474	709755
1474	8222835
1474	8748394
1474	1519434
1474	8668621
1474	6147916
1474	6918452
1474	6886664
1474	4083213
1474	493953
1474	7217335
391	8920064
391	1147912
391	4078642
391	6767560
391	1505927
391	6057742
391	2690388
391	8885643
1420	5207318
1420	1797108
1420	4579177
1420	2594755
1420	6227429
1420	1893716
1420	6502586
1420	2679504
1420	1854782
1420	1275950
1420	4769158
1420	7317837
1420	5839939
1420	5066788
1420	1490586
1420	1968448
1420	562668
1420	6511800
1420	7422561
1420	1814571
1420	5331202
1420	5364342
1420	2156573
1420	6594036
1420	7007717
1420	8646991
1420	5585447
1420	50025
1420	3183422
1420	3273124
1420	7029380
1420	390396
1420	6637257
1420	5529800
1420	5581596
1420	950426
1420	8553525
1420	1517271
1420	2138101
1420	6136697
1420	7658112
1420	6288582
1420	6078935
1420	5076214
1420	3526012
1420	7863146
1420	6115323
1420	1248250
1223	7631160
1223	311194
1223	6901662
1223	3499569
1223	7860180
1223	2284953
1223	4855821
1223	1727887
1223	3085294
1223	3680425
1223	7530363
1223	2040949
1223	2708090
1223	4421969
1223	2935959
1223	8841792
1223	1164856
1223	1403750
1223	5209761
1223	266442
1223	5544669
1223	3037826
1223	1220881
1223	1262472
1223	7765171
1223	8634165
1223	8868315
1223	6754643
1223	3889897
1223	4881081
1223	4360887
985	7886701
985	1924546
985	476919
985	459869
985	6653643
985	8854869
985	5297900
985	4881553
985	1932547
985	3110905
985	4307924
985	5309361
985	7061880
985	8423089
985	3510252
985	1912733
985	6481714
985	6439889
985	6206412
985	538391
985	2347294
985	703247
985	8175491
985	7816356
985	2239221
985	2112825
985	3381179
985	4202820
985	643122
985	1517343
985	7016861
985	2908951
985	2877652
985	6795044
985	3953
985	2026839
985	5561050
985	432799
985	736062
985	6194737
985	370472
985	6069053
985	5784131
985	1079750
985	243007
985	3771584
985	3341049
985	4736250
965	1459266
965	6173031
965	2245162
965	7598259
965	4148222
965	8201255
965	5424484
965	3432519
965	8522685
965	6719472
1331	529833
1331	5323111
660	5135395
660	6769559
660	8606309
660	4590545
660	7022125
660	8296983
660	7614020
660	6026847
660	7920912
660	5566008
660	1091016
660	3741728
660	6677600
660	6320566
660	722402
660	2779559
660	2567548
660	5014459
660	8489789
660	5479000
660	3071182
660	2057875
660	6244147
660	4185115
660	6870503
660	4476643
660	4544178
660	5048630
660	1785677
660	7239950
660	8597926
660	1287864
660	3901448
660	8238704
660	260429
660	2279802
660	6422363
660	5195548
660	5361118
660	6620702
660	370363
922	4521387
922	6216459
922	3021400
922	4734760
922	6849226
922	2736667
922	2422192
922	6402398
922	6858473
922	3044842
922	2684515
922	6416724
922	6501347
922	7145749
922	1519436
922	2447295
922	8038801
922	7480660
922	2670780
922	3532104
922	2561425
922	5552087
922	4283704
922	659600
922	239046
922	5703693
922	5982868
922	6346477
922	6252257
922	6026808
922	404843
922	5008943
922	3653766
922	7418306
922	7745528
922	2451254
922	3516197
922	2933503
922	8763885
922	1116420
922	7250063
922	3887696
922	1322049
922	2657740
922	3274149
922	5436166
922	7013711
922	7093395
922	1839995
922	2703379
922	2264321
922	6668484
922	4351283
922	6774036
922	6083709
922	1788618
922	7796487
922	6188116
922	2988516
922	4429539
922	168789
922	2473683
922	6625938
1649	2507297
1649	5130044
1649	4182936
1649	7118507
1649	4057761
1649	2450574
1649	5578419
1649	2404516
1649	8760497
1649	5034487
1649	7439322
1649	1483705
1649	5393086
1649	5316491
1649	1921456
1649	6396318
1649	834705
1649	4937918
1649	233115
1649	2239005
1649	3512057
1649	970771
1649	2146151
1649	5284973
1649	7213638
1649	2578341
1649	8547813
1649	7501818
1649	6556693
1649	1858405
1649	6078696
1649	1714180
1649	2700846
1649	4898013
1649	2892334
1649	5895198
1649	3611434
1649	2329916
1649	2079089
1649	6735070
1649	2783535
1649	6569832
1649	96545
1649	2936293
1649	3425375
1649	5813247
1649	3100064
1649	1455618
1649	7319348
1649	6937581
1649	4993819
1649	7318836
1649	6704646
1649	4705415
1649	2399337
1649	7960820
1649	3978339
1649	3332667
1649	4206701
1649	2378551
1649	5485170
37	4285290
37	2250636
37	7804632
37	282339
37	1925587
37	8364309
37	795431
37	23981
37	3381867
37	8352883
37	2849481
37	978497
37	1850665
37	4368491
37	1676180
37	3441342
37	8650094
37	4234233
37	3637407
37	7663451
37	944354
37	1913796
37	6540729
270	6213604
270	2544883
270	2824223
270	1240303
270	2567822
270	4360747
270	8539036
270	3697330
270	8079505
270	4007475
270	4040738
270	3092413
270	6598549
270	7400289
270	3269569
270	2319835
270	6828997
270	6570211
270	152115
270	7956762
270	1234281
270	4521395
270	8765980
270	5638786
270	7004389
270	6607652
270	2775168
270	8641531
270	7625998
270	8289993
270	6029443
270	4034101
270	7309546
270	3982426
270	5345976
270	6242652
270	4537885
270	7614416
270	1033778
270	6798422
270	7682650
270	8702535
270	3501615
270	2271733
270	7279511
270	7254045
270	1632282
270	915840
270	6345194
270	3564926
270	6104317
270	7763100
270	2055112
270	7755925
270	8897880
270	1901686
270	6541164
270	4763719
352	1239587
352	1745776
352	2711260
352	2913684
352	4528621
352	5377165
352	7930868
352	2676042
352	7672388
352	1851182
352	6031076
352	6212767
352	8019313
352	1942314
352	4999409
352	5185506
352	4731821
352	564399
352	6029014
352	6360536
352	2223027
352	6433313
352	7218107
352	6314177
352	1316891
352	2630002
352	2339782
772	7062073
772	3771422
772	2784432
772	8547386
772	4970488
772	5783376
772	6941685
772	1741624
772	4627097
772	7367906
772	2383764
772	5422587
772	393149
772	8524385
772	2433540
772	2005666
772	7860952
772	6455858
772	2539575
772	8103607
772	2691501
772	5952146
772	937493
772	6535119
772	3323989
772	3878874
772	386357
772	2832163
772	7437648
772	1506048
772	6406121
772	7624018
772	3595038
772	3427797
772	4809790
772	5406607
772	1075418
772	2159685
772	5685018
772	4959301
772	2457622
772	2682179
772	3524639
772	4815209
772	1090469
772	1458889
772	1780299
772	5741315
772	917239
772	8383704
772	7181291
772	5049712
772	503331
772	7936614
772	1144957
772	1760323
772	994349
772	4678595
772	6735141
772	2022152
772	2188716
772	4087990
772	553913
772	1157502
772	7457460
772	807372
772	4073910
772	4021571
772	8680675
772	7301665
772	1505965
772	1296772
772	8159670
772	3725319
772	2695013
772	493343
772	4907974
772	4735945
772	1053681
772	4962067
1380	1411768
1380	4535625
1380	1406581
1380	6916111
1380	8072673
1380	7103469
1380	1585162
1380	5460125
1380	1210406
1380	1116638
1380	1803196
1380	5111967
1380	3131994
1380	2585708
1380	1372356
1380	2409119
1380	8913135
1380	8394005
1380	5875779
1380	3434166
1380	5279349
1380	4160643
1380	1920197
1380	1564280
1380	549729
1380	2928480
1380	1116933
1380	5473373
1380	6251429
1380	3356060
1380	2886687
1380	4201637
1380	8540885
1380	1244489
1380	2066754
1380	8888928
1380	3625914
1380	7382106
1380	820022
1380	3961514
1380	6694918
1380	3485920
1380	2983789
1380	5775631
1380	2130413
1380	4318989
1380	6071349
1206	2084471
1206	7569423
1206	364848
1206	6309429
1206	5690391
1206	12547
1206	4128993
1206	8908282
1206	8678992
1206	6949713
1206	1029971
1206	3805688
1206	7802963
1206	8630865
1206	5734452
1206	1602596
1206	3776634
1206	8204178
1206	1612665
1206	4736483
1206	3244657
1206	5697368
1206	2002425
1206	8688851
1206	6477301
1206	3419346
1206	4118922
1206	5859692
1206	4435246
1206	5125727
1206	5196397
1206	5393994
1206	6170506
1206	7283589
1206	7518199
1206	125759
1206	4441228
1206	3694836
1206	2602213
1206	8492575
1206	7976083
1206	1183370
1206	364465
1206	5926485
1206	2129502
1206	6334246
1206	3458723
1206	6348370
1206	3854171
1206	8698574
1206	3787285
1206	6295415
1206	8214028
1206	3095164
1206	8465029
1206	5503867
1206	2113537
1206	31514
1206	4841408
1206	7945134
1206	5318609
1206	6709937
1206	1449659
1206	8653328
1206	2607292
1206	8174962
1206	2980882
1206	3413263
1206	937367
1206	5600158
1206	7555772
1206	2522434
1206	8857363
1206	5073619
1086	5714198
1086	4209915
1086	5789420
1086	8600511
1086	1806671
1086	911811
1086	1470472
1086	8339153
1086	4637601
1086	365464
1086	1168086
1086	1753097
1086	186684
1086	5488902
1086	1725366
1086	5963906
1086	8347205
1086	4375069
1086	1074231
1086	6940126
1086	1384875
1086	6808792
1086	8468850
1086	6338587
1086	6117730
1086	4591787
1086	8790297
1086	3956636
1086	6768480
1086	370669
1086	6164377
1086	8638587
1086	3039646
1086	3475550
1086	3237926
1086	1703741
1086	8598767
1086	358873
1086	8364373
87	7250312
87	1970879
87	7452566
87	2180220
87	8660048
87	2249511
87	8430761
87	7361068
87	5886060
87	2433167
87	6917483
87	3021024
87	6216066
87	3413089
87	5737590
87	5734802
87	2018295
87	4200865
87	2155508
87	2954226
87	7499888
87	3421403
87	4596358
87	2535918
87	2569296
87	6593629
87	1613163
87	8890871
87	5914780
87	6905604
87	985733
87	6278202
87	4443292
87	4275930
87	2240937
87	1456800
87	6262838
87	1495219
87	765604
87	1078090
87	3403302
624	8663256
624	5082098
624	8312306
624	6761313
624	5091168
624	183503
624	1667747
624	4947018
624	4464627
624	7326788
624	6752989
624	7955675
624	7274268
624	5703702
624	3500878
624	422104
624	3914074
624	6345261
624	2798511
624	5967399
624	1991379
624	8833167
624	6694932
624	3118971
624	7570113
624	8758791
624	3467935
624	1367560
624	5665659
624	3366072
624	5797242
624	7514956
624	2922157
624	2957773
624	185100
624	6729416
624	921459
624	8581289
624	3085770
624	6983175
624	5774423
624	5722636
624	5091020
624	2544262
624	3055619
624	4454593
624	7125244
624	1555829
624	459124
624	2669920
624	1555977
624	617641
624	3196824
624	2458750
624	3605947
624	1205646
624	6979261
624	191153
624	5382892
624	5010138
624	682076
624	3450090
624	5609204
624	4122557
624	6124039
624	7506271
624	3499856
624	1911310
624	4998077
624	2190215
624	437872
624	5696406
624	6400970
624	720784
624	6265068
624	4318974
624	1442067
624	8335362
1575	334561
1575	1903178
1575	6506182
1575	8521804
1575	2556327
1575	78662
1575	5559064
1575	5126315
1575	5104490
1575	3049699
1575	2411416
1575	3688328
1575	1947045
1575	1724578
1575	4909999
1575	2748605
1575	4486719
1575	835847
1575	3040856
1575	849531
1575	1323995
1575	3658850
1575	8804045
1575	3322277
1575	6021956
1575	1525486
1575	2067111
1575	3414060
1575	7036114
1575	5228702
1575	7966984
1365	8182724
1365	6800217
1365	1168043
1365	8650549
1365	4725194
1365	5409654
1365	7485231
1365	8050631
1365	1932605
1365	3808889
1365	2923754
1365	7782648
1365	5007472
1365	6634781
1365	3766310
1365	4032762
1365	5524779
1365	5670062
1365	5272934
1365	6364156
1365	6412006
1365	2907442
1365	6614535
1365	2363659
1365	5725847
1365	7531211
1365	4515496
1365	7799136
1365	5620275
1365	654101
1365	867621
1365	3807936
1365	1579993
1365	2719892
1365	1251168
1365	1659070
1365	2275629
1365	2356289
1365	4345829
1365	5436898
1365	2794214
1365	8327068
1365	5621618
1621	3611357
1621	3086285
1621	4281845
1621	2284108
1621	5414405
1621	2906264
1621	5250218
1621	1800414
1621	355998
1621	4412882
1621	6865969
1621	198484
1621	4466878
1621	8834152
1621	7073141
1621	590593
1621	3345958
1621	5513238
1621	8922480
1621	6708375
1621	8096579
1676	7679459
1676	6625718
1676	8763567
1676	2063583
1676	6360972
1676	2813177
1676	3403928
1676	7877823
1676	5097495
1676	2936162
1676	7096986
1676	1087276
1676	2310742
1676	7498123
1676	1011778
1676	6868044
1676	420625
1676	3352130
1676	3322994
1676	1157169
1676	3499425
1676	8911286
1676	6365304
1676	5298367
1676	6871885
1676	6636106
1676	3398639
1676	6929182
1676	3547948
1676	2140160
1517	3085091
1517	6248244
1517	5438005
1517	3391061
1517	2987570
1517	6521905
1517	8043238
1517	1143707
1517	2159221
1517	6133608
1517	3595561
1517	7059931
1517	381657
1517	2608758
1517	788938
1517	8439634
1517	949698
1517	8563658
1517	118641
1517	1805020
1517	8677538
1517	8741256
1517	4214810
1517	2577408
1517	1330987
1517	5250529
1517	5113273
1517	5310934
1517	7871606
1517	1489902
1517	5043411
1517	1848499
1517	8174751
1517	5490747
1517	1222619
1517	4195263
1517	782159
1517	6657132
1517	7975359
1517	8663944
1517	2523958
1517	8361573
1517	8615174
1517	5968641
1517	2336594
1517	5562858
1517	8399571
1517	6999257
1517	6639253
1517	83281
1672	1487201
1672	4068148
1672	242433
1672	4552604
1672	8726032
1672	2137175
1672	5537742
1672	7085693
1672	7166734
1672	7327847
1672	720439
1672	8790233
1672	7100676
1672	2896756
1672	7233261
1672	7249917
1672	3397175
1672	5432551
1672	8333558
1672	910748
1672	8397374
1672	1848392
1672	8674770
1672	118382
1672	2848998
1672	5085231
1672	5686717
1672	6875493
1672	1556738
1672	6419350
1672	8225491
1672	4095074
1672	3812554
1672	843248
1672	4789594
1672	2170860
1672	4818421
1672	804308
1672	6791595
1274	6952273
1274	5392907
1274	3773798
1274	2328774
1274	6262414
1274	8065648
1274	855864
1274	2378304
1274	5443358
1274	7906965
1274	2004144
1274	244179
1274	4194698
1274	3042026
1274	1174720
1274	1544136
1274	1681362
1274	7625652
1274	1639444
1274	3751442
1274	4651263
1274	3027798
1274	7102502
1274	7535985
1274	7878255
1274	129172
1274	1735245
1274	3482159
1274	4347189
1274	2545189
1274	8771441
1274	4234509
1274	2997293
1274	561615
1274	1839136
1274	591591
1274	5971484
1274	2799756
1383	805849
1383	7845660
1383	3243948
1383	4856052
1383	7265645
1383	164214
1383	8451816
1383	5738665
1383	2966065
1383	7746852
1383	3383634
1383	1354756
1383	6711280
1383	643875
1383	773256
1383	8488032
1383	1227300
1383	2385584
1383	2583776
1383	3557655
1383	3604820
1383	506539
1383	1363422
1383	391362
1383	5381665
1383	4207353
1383	1817122
1383	193021
1383	1476365
1383	2348332
1383	5319604
1383	5036419
1383	2352838
1383	541233
1383	8407087
1383	1606791
1383	316831
1314	5277637
1314	5891552
1314	5585826
1314	5816627
1314	8933775
1314	1224566
1314	941354
1314	5781339
1314	6698980
1314	1747902
1314	58486
1314	437853
1314	4419615
1314	1200214
1314	3437691
1314	1583141
1314	5394321
1314	613006
1314	25259
1314	8317675
855	8469838
855	3139026
855	5377575
153	6827933
153	8897351
153	3039825
153	6850176
153	540566
153	5558116
153	3645678
153	5501575
153	3503399
153	3049851
153	1881983
153	6403877
1325	2671346
1325	5580314
1325	6373612
1325	3546349
1325	567698
1325	6546561
1325	3468810
1325	7098386
1325	1542091
1325	4987986
1325	4095474
1325	247807
1325	1678977
1325	813667
1325	4789238
1325	4408779
1325	315695
1325	266075
1325	3372548
1325	5940839
1325	3536689
1325	6336027
1325	1119257
1325	4429842
1325	3423198
1325	1954520
1325	6934795
1325	7654026
1325	8582767
1325	4783490
1325	4049037
1325	6214474
1325	8310333
1325	3414926
1325	3016323
1325	1864358
1325	7866009
1325	5358910
1325	6259545
1325	5181834
1584	8854796
1584	8759357
1584	6499033
1584	4041886
1584	5559136
1584	5317453
1584	4227125
1584	7574098
1584	2724881
1584	3883336
1584	1348449
1584	4811875
1584	1549619
1584	6978171
1584	2727157
1584	3492896
1584	4131132
1584	5189396
1584	2115662
1584	4279499
1584	7933538
1584	2927346
1584	1876156
1584	8432362
1584	4467772
1584	1782818
1584	7535627
1584	7515060
1584	8809178
1584	659270
1584	186762
1584	3184698
1584	261784
1584	8894600
1584	6799737
1584	3099616
1584	8128513
1584	4634200
1584	2647136
1584	4612947
1584	8223658
1584	4371690
1584	1154811
1584	6010968
1584	5318899
1584	5288231
1584	3904710
1584	5282761
1584	2315018
1584	6045471
1584	5366261
1584	6512450
1584	6528638
1584	6580569
1584	6560060
1584	2205922
1584	311821
1584	1338741
1584	4842285
1584	608255
1584	8889410
1584	2374808
1584	5328034
1506	4986474
1729	5695464
1729	4091687
1729	4827701
1729	6979980
1729	1467238
1729	612303
1729	2555772
1729	7078386
1729	5952662
1729	2416478
1729	94629
1729	5992347
1729	8551325
566	1240626
566	7070104
566	3170031
566	4316953
566	5128973
566	8769826
566	4161046
566	6375940
566	2476526
566	4460836
566	2821080
566	245672
566	7015290
566	7542166
566	4275647
566	1617280
566	5993951
566	7035065
566	1856083
566	2574827
566	3122354
566	1154089
566	2966078
566	7850915
566	5959933
566	2489703
566	6629102
566	1970476
566	7642601
566	6012522
566	2524643
566	8664824
566	6513747
566	4671409
566	6654491
566	4996488
566	4702841
566	5105317
566	5780364
1714	4343508
1714	6098392
1714	1271347
1714	3626001
1714	1044989
1714	493263
1714	4846426
1714	8383476
1714	5151882
1714	8326128
1714	8353241
1714	6687055
1714	7288557
1714	4631189
1714	3463399
1714	6913265
1714	2574516
1714	7940064
1714	4086129
1714	2552706
1714	8927793
1714	8680422
1714	539912
1714	8764041
1714	6239698
1714	3063414
1714	3987030
1714	6640502
1714	6784695
1714	2418757
1714	757623
1714	1412296
1714	2683987
1714	748478
1714	8567694
1714	520477
1714	2800404
1714	5152033
1714	8609629
1714	7853881
1714	6341496
1714	7047470
1714	5563382
1714	8794484
1714	8309576
1035	3281011
1035	7450291
1035	6782940
1035	8839352
1035	407448
1035	1688351
1035	6554774
1035	6611299
1035	2705249
1035	2999407
1035	7971054
1035	4443276
1035	7587613
1035	1238535
1035	6436792
1035	960507
1035	5801733
1035	8778306
1035	1896813
1035	5485123
1035	7025901
1035	3363096
1035	8086196
1035	7206998
1035	4221607
1035	3262426
1035	2510086
1035	6413621
1035	6727639
1035	1645574
1035	4551678
1035	548252
1035	8894807
1035	3023522
1035	3318389
1035	6994965
1035	818675
81	4334090
81	7640405
81	6260218
81	1995966
81	219771
81	8183267
81	6645358
81	3447262
81	2497199
81	2782648
81	3003484
81	443711
81	5352172
81	2427977
81	6812075
81	6674696
81	5452595
81	2281137
81	8829874
81	695644
81	8854455
81	5900361
81	1274055
81	3151885
81	4900222
81	1968998
81	5598821
81	1037505
81	1126823
81	20584
81	3760181
81	6699168
81	6774068
81	7419572
81	3193020
81	5206849
81	2338172
81	5847116
81	7291745
81	2430425
81	6231403
81	7134212
81	8853859
81	5670303
81	1129768
81	7987357
81	3535775
81	4723039
81	50739
81	1288275
81	2386445
81	7716796
81	7136080
81	7156658
81	273724
81	1791877
81	4406582
81	3230484
81	446603
81	153700
81	5032837
81	1388877
81	257897
1004	3918480
1004	1529545
1004	6955319
1004	6926629
1004	5239727
1004	6884269
1004	6047590
1004	8587795
1004	653670
1004	738531
1004	31671
1004	4051720
1004	4942987
1004	6856597
1004	1177264
1004	523443
1004	1977201
1004	4520746
1004	5803347
1004	7071042
1004	2610829
1004	3283491
1004	3839170
1004	6283576
1004	5967993
1004	7224627
1004	4214653
1004	2294032
1004	1497083
1004	8048321
1004	5973737
1004	6767390
1004	6339578
1004	1867183
1004	7312361
1004	8260851
1004	4762010
1004	653833
1004	5788731
1004	338348
1004	8096486
1004	3798178
1004	2169079
1004	6211122
1004	901550
1004	548367
1004	7821388
1004	7976997
1004	1329055
1004	7472408
1004	6287054
1004	1978525
1004	8830478
1004	7865156
1004	3209052
1004	1071659
1004	8409969
1004	3788625
1004	2846045
1004	6990741
1004	3997578
1004	5795871
194	780539
194	1316169
194	6406805
194	3560444
194	3434819
194	5356702
194	34057
194	5229446
194	2676622
194	676805
194	8709211
194	5334624
194	7904830
194	4400380
194	2311578
194	2888065
194	5332397
194	4819188
194	5335003
194	1483269
194	566927
194	3618433
194	4654044
194	88970
194	4457079
194	6810364
194	5864239
194	2958966
194	4135312
194	6819141
1427	7870755
1427	5924784
1427	901577
1427	1932851
1427	3844049
1427	8832160
1427	2100583
1427	4051471
1427	1005705
1427	3044780
1427	1848121
1427	7847347
1427	7052382
1427	1912467
1427	680088
1427	5709139
1427	1972766
1427	7644997
1427	6353053
1427	5862630
1427	108967
1427	8103341
1427	4964377
1427	3677910
1427	3185210
1427	8150049
1427	8397281
1427	1460037
1427	5391235
1427	5844474
1427	8873086
1427	2845347
1427	7774125
1427	6059109
1427	1451796
1427	19215
1427	7507051
1427	7343600
1427	1372385
1427	777667
1427	8749677
1427	6521832
1427	1132158
1427	4130087
1427	8692386
1427	2920468
1427	6375361
1427	5487087
1427	2201710
1427	5810160
1427	3128907
1427	8328485
1427	5681112
671	2919676
671	3023280
671	2511615
671	4597205
671	4572190
671	8387479
671	8810308
671	1458366
671	7872972
671	6003491
671	5449696
671	8889609
671	1377960
671	3642470
671	7639101
671	1379541
671	2616549
671	6590565
671	7641786
671	6163418
671	4777308
671	7861453
671	4429727
671	1125500
671	3540836
671	7766243
671	7530320
671	7799716
671	3000191
671	5448854
671	6854020
671	3521085
671	8628384
671	3152964
671	7215567
840	82301
840	7654752
840	2853125
840	5309907
840	4992937
840	3714131
840	2295553
840	5752990
840	5300021
840	4650839
840	5078283
840	7160327
840	4640025
840	5970015
840	20041
840	3988506
840	3306199
840	2575108
840	7438008
840	8620674
840	267679
840	4491514
840	4512548
840	6273726
840	5380903
840	1587801
840	5791207
840	6616778
840	4788856
840	7914709
840	4297780
840	4951587
840	7889627
840	3680546
840	4452228
840	3873146
840	8146865
840	8536424
840	752246
840	6958329
840	3047304
840	3295870
840	6797940
840	3005437
840	7068303
840	5022585
840	830399
840	4531726
840	2670968
840	7635054
840	6320001
840	2221756
840	6216490
840	8697040
840	5374175
840	7156357
840	2992304
840	5001175
840	3367959
840	6942344
840	654920
840	1913548
840	2462159
840	963778
840	2346114
840	8117604
840	8042485
840	4490156
840	3967617
840	1854103
840	8463746
840	8334689
840	8185708
840	4929508
840	7002130
840	1753486
840	534866
840	4010878
328	5035064
328	5574313
1405	3808565
1405	3305195
1405	3441682
1405	4299446
1405	2621739
1405	3949839
1405	8442485
1405	7414257
1405	4281408
1405	6740841
1405	7556819
1405	5674956
1405	344048
1405	6969782
1405	1921867
1405	6433592
1405	8047208
1405	3939995
1405	6799758
1405	3621314
1405	7188583
1405	853740
1405	4756129
1405	5444761
1405	2080510
1405	1416068
1405	6866976
1405	4880707
1405	5844149
1405	3946255
1405	8809481
1405	6933509
1405	8291780
1405	2735610
1405	2820967
1405	2894274
1405	2311414
1405	4485232
1405	331395
1405	3390035
1405	5988219
1405	5665210
1405	3990968
1405	4390541
1405	8926502
1405	4934346
1405	8288831
1405	2057863
1405	7618051
1405	4073607
1405	3354952
1405	4088681
1405	7706650
1405	7322524
1405	8759031
1405	2257726
1405	3975488
1405	3798738
1405	4562489
1405	6511569
1405	4642736
1405	8526432
1405	5339477
1405	4135663
1405	2565163
1405	8739806
1405	5002406
1405	1657243
1405	8187265
1405	6197066
1405	8046207
1405	3010779
1405	7744679
1405	2091015
1405	531602
469	947972
469	272398
469	2121697
469	3071095
469	8162960
469	3049176
469	3458973
469	6197052
469	4515882
469	8779528
469	8516196
469	7240874
469	5500104
469	1709950
469	101424
469	5586193
469	7815321
469	1983604
469	5028879
469	2870076
469	4003213
469	2389935
469	5740018
469	6352165
469	8528380
469	6348773
469	3101011
469	1333025
469	3419782
469	4115949
469	2857046
469	442543
469	7560890
469	3763419
469	1821593
469	8499602
469	7299646
469	3219874
469	3610108
469	7266995
469	2588533
469	1992404
469	8394391
469	8832892
469	6130406
469	7583642
469	6352158
469	2507843
469	3786504
469	7522425
469	4205445
469	3858395
469	8396972
469	89084
469	3465787
469	7457113
469	4408312
469	572688
469	8070708
469	4016780
469	4146894
469	8865424
469	5025069
469	4458267
469	6940923
469	8906388
469	7289059
469	4879073
649	5758593
649	7739623
649	7526593
649	1411365
649	5552315
649	2832659
649	4793454
649	6198555
649	4368868
649	8096950
649	6514916
649	4214941
649	8298667
649	532625
649	100137
649	815032
649	7688725
649	6838844
649	5792963
649	6121634
649	2193973
649	2831745
649	4892144
1748	384194
1748	6007021
1748	4769102
1748	22185
1748	5936839
1748	955914
1748	2965035
1748	4913563
1748	6304803
1748	5520560
1748	7271766
1748	6937248
1748	3111242
1748	468575
1748	2559336
1748	1041683
1748	5954047
1748	4334256
1748	3339674
1748	8689946
1039	292767
1039	7698140
1039	4058371
1039	7763094
1039	8804347
1039	7816391
1039	1256590
1039	7403195
1039	52046
1039	404700
1039	1911087
1039	796828
1039	7030309
1039	5196402
1039	6260173
1039	797212
1039	454268
1039	4307679
1039	2678013
1226	8678632
1226	8572571
1226	7320991
1226	8735223
1226	7644982
1226	1814283
1226	7911601
1226	4575787
1226	6097756
1226	3252924
1226	5943910
1226	3191736
1226	3709488
1226	2406302
1226	4541690
1226	438074
1226	6769441
1226	8240906
1226	6618048
1226	2348561
1226	1507441
1226	6381302
1226	3013658
1226	7066826
1226	173802
1226	7554002
1226	4585519
1226	1912119
1226	2226160
1226	4243768
1226	6056447
1226	970214
1226	5314766
1226	26784
1226	8152696
1226	5484801
1226	6840633
1226	795206
1226	2221634
1226	1046787
1226	4090038
1226	1439186
1226	234321
1226	8240130
1226	4264150
1226	6211101
1226	7615389
1321	3016729
1321	5699358
1321	2070329
1321	8118366
1321	6403087
1321	8709737
1321	5395640
1321	6008322
1321	5158486
1321	5674795
1321	1293570
1321	7297956
1321	2998123
1321	1722093
1321	5368773
1321	732103
1321	385507
1321	4753179
1321	1363024
1487	1512565
1487	5054939
1487	86241
1487	7374302
1487	3315215
1487	2169053
1487	1006215
1487	7778679
1487	1717253
1487	877424
1487	27009
1487	4403755
1487	4375141
1487	8412452
1487	2640440
1487	7578611
1487	2935653
1487	6332091
1487	1139737
1487	7563100
1487	2536554
1487	7148461
1487	3738995
1487	216183
1487	5165991
1487	2098307
1487	3629467
1487	2989634
1487	1938225
1487	5040318
1487	2329774
1487	534803
1487	2381865
1487	5712411
1487	1807668
1487	7189520
1487	8441161
1487	6704468
1487	76212
1487	1087625
1487	7652948
1487	1388146
1487	7765639
1487	132896
1487	5945936
1487	1242753
1487	3606377
1487	2620058
1487	7877210
1487	8315966
1487	8223318
1487	3390047
1487	6908163
1487	3068751
1487	846483
1487	7222745
1487	2060143
1487	606940
1487	6617268
1487	2488514
1487	1692928
1487	7503941
1487	482831
1487	7176291
1487	3052661
1487	1438322
1487	3178117
1487	5900336
1487	2671279
745	5370418
745	3900178
745	5966642
745	5228511
765	3589576
765	8346025
765	3524044
765	1217851
765	8757441
765	6182883
765	7792914
765	6029683
765	6129422
765	671157
765	6321068
765	1781067
765	6450601
765	7750022
765	5493704
765	4937136
765	6090715
765	6652357
765	8727539
765	2529372
765	7315516
765	6266570
765	4328555
765	3902920
765	4460108
765	557617
765	5970527
765	4009765
765	778964
765	8298528
765	1955064
765	5099350
765	5290577
765	8839155
890	5724367
890	7779871
890	1554348
890	5286312
890	7050432
890	2864075
890	6559892
890	2841023
890	3592345
890	4438444
890	7512992
890	5463472
890	8137233
890	4518471
890	1199969
890	1509636
432	3068304
432	850292
432	3826124
432	122846
432	8532866
432	7805040
432	4118254
432	8480135
432	3824103
432	3826695
432	4198073
432	2182956
432	7172272
432	1736436
432	4618822
432	2442188
432	943095
432	8558261
432	7804532
432	3200430
432	8358246
432	3723091
923	232544
923	1053236
923	2062348
923	6783849
315	6031757
315	5686703
315	8085633
315	4321739
315	245585
315	1012811
315	816241
315	4010831
315	8284433
315	6904185
315	7196961
315	5755867
315	1803820
315	6559753
315	6024595
315	3923784
315	7851643
315	4832423
315	7627226
315	776720
315	4936392
315	4723586
315	3881772
315	3559596
315	4815599
1447	641023
98	2319073
98	2752800
98	7763231
98	867511
98	5741607
98	8790709
98	8710414
98	1465828
98	4059426
98	6204380
98	3624767
98	5329047
98	8441030
98	5194795
98	1419771
98	2984050
98	5513897
98	4651614
98	1915336
98	8459122
98	5627415
98	5183931
98	7286161
98	168402
98	7796693
98	5759610
98	3441241
98	4845538
98	4371869
98	1593979
98	498426
98	5532584
98	7793637
98	5933145
98	7443619
98	4937619
98	5976413
98	6690827
98	3659266
98	8515706
98	1258759
98	8063491
98	3219692
98	6946888
98	8247251
98	2213297
98	8051377
98	6327218
98	1181176
98	5603776
1514	3989570
1514	5588929
1514	5014132
1514	6291699
1514	6062040
1514	3738782
1514	90490
1514	5025155
1514	7503194
1514	5033678
1514	5480618
1514	8002921
1514	2421462
1514	7680284
1514	2939442
1514	5314020
1514	1547538
1514	1155030
1514	3613367
1514	8597790
1514	3293331
1514	1448259
1514	5809382
1514	8497020
1514	4711198
1514	5927842
1514	2349336
1514	2873149
1514	6251700
1514	1908316
1514	6524936
1514	6292112
1514	6458628
1514	8726113
1514	584210
1514	5778815
1514	6807014
1514	6967355
1514	238784
1514	389985
1514	8228947
1514	1057300
1514	5315319
1514	185067
1514	6972369
1514	4846373
1514	5546543
1514	421364
1514	7364308
1514	3869012
1514	4426709
1514	5061150
1514	7045649
1514	6509134
1514	4685596
1514	1365442
1514	2415690
1514	3020370
1514	1470372
1514	4169149
1514	8806799
1514	3160371
1514	7215161
1514	3495835
1514	3926784
1514	6485307
1514	6092348
1514	3158070
1514	4256255
1514	6514238
1514	3496207
1514	3078094
1660	253479
1660	8060912
1660	5196691
1660	5552009
1660	2266145
1660	5568931
1660	5994711
1660	5283264
1660	2775923
1660	8458729
1660	7066156
1660	8536643
1660	2997425
1660	5544197
1660	3137013
1660	495529
1660	359125
1660	2232178
1660	5387417
1660	280080
1660	3094063
1660	7151852
1660	4611561
1660	326681
1660	6622899
1660	7338903
1660	7174639
1660	250847
1660	8622997
1660	1543526
1660	7441203
1660	8930090
1660	7876449
1660	1918198
1660	1287320
1660	7402399
1660	2459795
1660	6008331
1660	1152404
1660	8550134
1660	5703919
1660	6671287
1660	8198662
1660	2154028
1660	6005727
1660	5486757
1660	8108763
1660	535644
633	6057547
633	5092721
633	4308730
633	2554293
633	1279099
633	5905845
633	8908549
633	2684902
633	5167257
633	39087
633	7051117
633	1330111
633	6230055
633	198412
633	7757974
633	5722072
633	5443818
633	963826
633	8761578
633	19305
633	8662239
633	72343
633	3057988
633	3656646
633	7146855
633	2240806
633	2611423
633	7205197
633	2435000
633	7476597
633	6334777
633	6380606
633	5490110
633	1024885
633	6106340
633	43625
633	7028747
633	4373031
633	2505339
633	8346694
633	39970
633	2188925
633	6922678
633	1387975
633	4767774
633	4889523
633	759010
633	5166774
633	3668947
633	3887077
633	5239937
633	6210957
633	2140689
633	6895803
633	7263534
633	897867
633	8722
633	4210050
633	6745350
633	4240641
633	8790479
633	78587
633	7541885
633	8558902
633	985636
633	1930284
633	7621788
633	7768892
633	3328073
633	1592052
633	1269146
633	8500926
633	8153607
633	3607865
633	6156143
633	4439385
1150	1493122
1150	2066210
1150	3643793
1150	4441295
1150	7490152
1150	6752967
1150	1824790
1150	793268
1150	129005
1150	8365057
1150	7733038
1150	8851835
1150	28442
1150	2957796
1150	5734974
1150	2770400
1150	474442
1150	5278464
1150	1476273
1150	4398348
1150	2215165
1150	236125
1150	6504773
1150	4658947
1150	397556
1150	6067011
1150	4724162
1150	8573494
1150	6211494
1150	1803988
1150	762714
1150	5456396
1150	5535120
1150	4500774
1150	2398330
1150	8756857
971	8682741
971	6340728
971	5172015
971	5460340
971	111296
971	6872960
971	4263276
971	7730979
971	638287
971	5016766
971	1696515
971	8468105
971	3440107
971	2188730
971	2410151
971	2104264
971	2207860
971	7903907
971	3745697
971	5293535
971	3608278
971	3059222
971	1246907
971	8784705
971	6580197
971	7371241
971	7575113
971	3050081
971	1042819
971	5523502
971	6978087
971	7688288
971	4947776
971	7689589
227	353804
227	1104308
227	2785385
227	8617994
227	1286862
227	7738739
227	4886196
227	5686268
227	1577029
227	264328
227	1118777
227	4524264
227	5634521
227	6373467
227	7739461
227	3055105
227	5313117
227	5834424
227	2621879
227	2872632
227	7345138
227	7626782
227	960278
227	5520283
227	2911508
227	339132
227	7577948
227	6681554
227	8761017
227	2122124
227	2968729
227	690360
227	1147984
227	7493023
227	4463558
227	163863
227	8248606
227	8573185
227	3255916
227	5197
227	7435799
227	5165998
227	1048438
227	6674321
227	3102508
227	1328770
227	6461869
227	250563
227	8722221
227	6529184
227	1415391
227	2487920
227	4403334
227	8216974
227	7745157
227	1759388
227	6385642
227	1923418
227	8774985
227	2053236
227	8798104
227	8322909
227	6583097
227	1719413
227	7185149
227	3266535
227	3392867
227	1120650
227	1090870
227	3189577
227	301604
1247	4206362
1247	6619579
1247	6090132
1247	4856509
1247	1753688
1247	3923049
1247	5773167
1247	8095722
1247	753234
1247	3075549
1247	4255065
1247	5986991
1247	8459769
1247	7063870
1247	4839662
1247	7006384
1247	7741517
1247	5790530
1247	8210390
1247	3107599
1247	8345933
1247	8141668
1247	183270
1247	5148334
1247	4186000
1247	2195784
1247	7230703
1247	1387969
1247	6297445
1247	3168593
1247	3940803
1247	2979432
1247	7624049
1247	4576116
1247	4584622
1247	7569462
1247	284252
1247	2181147
193	2115377
193	6185313
193	420687
193	1535903
193	34849
193	2827209
193	3547634
193	5234159
193	2014966
1451	8073437
1451	1564392
1742	6150647
1742	2219412
1742	6408323
1742	1707347
1742	549147
1742	4154809
1742	7144038
1742	3422374
1742	293301
1742	8167480
1742	18325
1742	3216696
1742	6317418
1742	5725696
1742	2707007
1742	2854917
1742	1642554
1742	8767749
1742	5875773
1742	2339608
1742	7448527
1742	6829638
1742	5742968
1742	3574690
1742	3600702
1742	8634338
1742	8838173
1742	1693896
1742	3762057
1742	5568947
1742	4278504
1742	5839810
1742	3762736
1742	3889837
1742	2366531
1742	2646974
1742	5342227
1742	8037096
1742	4164195
1742	3823242
1742	7781213
1742	7537713
1742	2277435
1742	909013
1742	8797825
1707	3805097
1707	4080108
1707	7200590
1707	8318762
1707	1427220
1707	1994157
1707	5677702
1707	35257
1707	3672371
1707	605111
1707	6633977
1707	8560602
1707	7374095
1707	4024484
1707	3468496
1707	4630890
1707	3878162
1707	7829253
1707	8112209
1707	1001796
1707	8235681
1707	5685602
1707	5410789
1707	8010539
1707	3269447
1707	3500734
1707	1486538
1707	4839857
1707	240829
1707	4923974
1707	314866
1707	4244899
1656	3770231
1656	7336717
1656	6343373
1656	1903267
1656	5954121
1656	8001384
1656	5426415
1656	4404513
1656	8132642
1656	707114
1656	1755766
1656	4835934
1656	8333033
1656	128253
1656	1967203
1656	1476047
1656	225593
1656	1615171
1656	7621414
1656	5211052
1656	8625750
1656	8354645
1656	5380960
1656	6530290
1656	8864492
1656	2612170
1656	5605242
1656	2521834
1656	4218327
1656	8049545
1656	7698832
1656	3117814
1656	6204110
1656	1584918
1656	6866372
1656	1383108
1656	5291877
1656	6005630
1656	6605988
1656	2003754
1656	4143271
1656	8056367
1656	5115651
1656	3439456
1656	5068846
1656	2278385
1656	1517859
1656	7517798
1656	341133
1656	4650115
1656	5060192
980	7585532
980	1584988
980	8158783
980	4342456
980	7308132
980	2748560
980	1653672
980	1424061
980	7978962
980	5481188
980	4020537
980	5257052
980	3136424
980	535282
980	8472982
980	2242469
980	7374993
980	1604818
980	1515565
980	5466539
980	2039225
1743	2966385
1743	3464596
1743	506592
1743	2528243
1743	290400
1743	4679835
1743	109125
1743	7426261
1743	7415931
1743	2458070
1743	7000461
1743	5550831
1743	8551605
1743	8750771
1743	7955415
1743	4763773
1743	6103389
1743	8161590
1743	4533437
1743	1155602
1743	7703666
1743	5406705
1743	1990626
1743	4844366
1743	6667461
1743	1739304
1743	944415
1743	382941
1743	4416815
1743	5588955
1743	71377
1743	1713448
1743	1799416
1743	2875918
1743	674258
1743	2423833
1743	961291
1743	8737031
1743	400328
1743	7242167
1743	7907593
1743	280635
1743	5437638
399	7023737
399	7404424
399	412764
399	4232131
399	3249279
399	3474311
399	3792514
131	2446761
131	7177384
131	2743874
131	8818359
131	1455084
131	6656836
131	3257578
131	1217265
131	4012833
131	5329213
131	79697
131	3289621
131	172380
131	7260511
131	938976
131	2484891
131	2196790
131	5493952
131	2579072
131	1512301
131	1232886
131	3084690
131	4386744
131	8714350
131	6580596
131	5604205
131	5407249
131	1018233
131	7244355
131	656650
131	5525704
131	4061783
131	3181052
131	3473496
131	388963
131	208250
131	4952035
131	7548224
131	3328753
131	6648427
131	8847058
131	2210329
131	2447510
131	2574698
131	2331459
131	3372798
131	2391613
131	342398
131	1798588
131	7189360
131	6758229
131	5279753
131	7328313
131	3019695
131	1000834
131	8843310
131	1718878
131	906220
131	4090231
537	8436142
537	7705704
537	5646719
537	2250963
537	1122563
537	4253141
537	7760453
537	6745248
537	8284429
537	325819
537	8515188
537	7510705
537	1736425
537	1014035
537	6682960
537	245687
537	1808987
537	7456174
537	1987970
537	8254249
537	600405
537	4992238
537	1834170
537	5343146
537	2562917
537	1823909
537	5827267
537	1722888
1594	2064721
1594	5628772
1594	4917924
1594	1555809
1594	7175734
1594	4268909
1594	8473969
1594	6244815
1594	426307
1594	5436849
1594	1431051
1594	4838142
1594	4771665
1594	5435025
1594	3369755
1594	2113670
1594	5413621
1594	6013201
1594	4342983
1594	1402762
1594	1016378
1594	3987005
1594	3556419
1594	3608233
1594	1347789
1594	7076398
1594	327960
1594	5784888
1594	4154461
1594	471632
1594	1242909
1594	1990028
1594	939746
1594	7620135
1594	7247281
1594	8615621
1594	6026584
1594	5833004
1594	5037525
1594	5971915
1594	8923658
1594	7744645
1594	2421199
1594	3605706
1594	8821538
1594	2980968
1594	89935
1594	850839
1594	7609012
1594	586577
1594	6263849
1594	5867622
1594	3841011
1594	4775684
1594	6753522
1594	6974769
1594	8846002
1594	7480651
1594	3890274
1594	8713945
1594	7755043
1594	1617368
1594	6145424
1594	6129251
1594	8607742
1594	4500794
1594	8351596
1594	2065379
1594	4821447
1594	4017331
1594	2860777
900	3934577
900	223792
900	5435790
900	4503202
900	8150476
900	5244958
900	1643502
900	7323145
900	5951443
900	8526554
900	804675
900	7021806
900	8079728
900	4029628
900	6820948
900	1845577
900	2944585
900	667663
900	7803641
900	4581456
900	401082
900	4724918
900	2545826
900	7790040
900	2730050
900	7135596
900	1949317
900	4630959
900	72784
900	2042488
900	174932
900	1456563
333	5280599
333	6345824
333	2243691
333	8893164
333	5373753
333	5091187
333	442322
333	3347984
333	4454108
333	4775565
333	3570762
333	3196494
333	1000437
333	2859477
333	4399387
333	8602062
333	2317397
333	8511299
333	7248818
333	4897012
333	2520856
333	1162870
333	6729427
333	924407
333	4077691
333	7436716
333	2015719
333	1793839
333	4612417
333	8560535
333	5371855
333	1147562
333	5956862
333	3400509
333	8434905
333	6187166
333	137586
333	4639813
333	3813002
333	3313095
333	944193
333	4598252
333	3531746
333	7438937
333	841912
333	4076667
333	5573766
333	1462663
333	2481209
333	2268481
333	2583579
333	6700388
333	3602543
333	5890672
333	1432751
333	5021123
333	6440106
333	8904995
333	5189938
333	1411147
333	4336699
333	1536244
333	6228148
333	966383
333	2588585
333	1333948
333	4107319
333	198981
333	2082576
333	2412502
333	7620568
333	4719173
333	5597685
333	8186510
333	620926
333	1282623
333	802801
333	7698563
792	1918738
792	7528525
792	5869831
792	7293522
792	6226069
792	589600
792	4929522
792	4268883
792	3616575
792	5085621
792	4694328
792	8404905
792	5107754
792	8832886
792	573273
792	5772850
792	1740130
792	8464199
792	3661594
792	2802520
792	3899860
792	6800762
792	2770532
792	8452552
792	8216585
792	898556
792	4076945
792	2744210
792	4316064
792	8564820
792	4546622
792	3846899
792	7957552
792	2063388
792	5271878
792	8391543
792	2136213
792	401599
792	890199
792	8178204
792	1082891
792	4852935
792	7597587
792	4064260
792	7786593
792	4527860
792	5932986
792	8858574
792	4662002
792	2488353
792	6126866
792	744102
792	144062
792	6909671
792	7267973
792	24700
792	8785223
792	7101668
792	4766250
792	8283866
792	6697943
1212	8489099
1212	2461883
1212	1314114
1212	7108943
1212	6646781
1212	3741128
1212	8681042
1212	6174179
1212	7854453
1212	2253439
1212	4854104
1212	2525349
1212	5262897
1212	5574899
1212	4867698
1212	5979082
1212	4890341
1212	3005458
1212	2862087
1212	869587
1212	4015371
1212	1373890
1212	8888541
1212	2643766
1212	2689545
1212	2705670
1212	7914807
1212	4850513
1212	2917725
1212	3353219
1212	6349433
1212	6458413
1212	7241715
1212	714231
1212	4813496
1212	7057974
540	4729003
540	1259595
540	3838416
540	2818397
540	539079
540	1326146
540	7045828
540	689509
540	5561164
540	536958
540	2011920
540	3368608
540	4937900
540	6907290
540	5523726
540	2976625
540	7115620
540	82433
540	2401655
540	2288983
540	4936872
540	2903191
540	6771352
540	5479382
540	6945029
540	8619269
540	388481
540	3860162
540	1733569
540	1686465
540	1153042
540	3400711
540	6577474
540	8867337
201	6940022
201	6508778
201	3787659
201	2653937
201	4017661
201	1900043
201	1777597
201	1283284
201	6772261
201	1412989
201	8036978
201	407233
201	3891663
201	2594548
201	8840512
201	5845756
201	7262566
201	2335055
201	5051945
201	433383
201	5375350
201	8539795
201	3207763
201	8886246
386	7186634
386	3735633
386	4959195
386	1027941
386	3280219
386	3697727
386	7018400
386	1073112
386	2079396
386	1034079
386	3750720
386	1073549
386	1017068
386	7299071
386	2475806
386	3263654
386	1699890
386	2656432
386	4342970
386	8377158
386	7432966
386	4300117
386	3776432
386	8195876
386	5289839
386	2561744
386	4425724
386	3948481
386	7999837
386	6906290
386	1583775
386	2152315
386	6553653
386	6286148
386	3654872
386	7682241
386	3192191
386	4878138
386	4785674
386	858354
386	5894686
386	2244355
386	6326024
386	8264284
386	7351664
386	8730407
386	8642025
386	2087681
386	2753807
386	5655033
386	8370635
386	7767115
386	5963566
386	5662200
386	8367596
386	6164456
386	8810429
386	3451631
386	1887767
386	8630194
386	7969505
386	2740759
386	8763483
386	7794714
386	292768
386	3803866
386	2109911
386	239526
1381	8722494
1381	1584994
1381	5180588
1381	6374405
1381	2458857
1381	5695807
1381	6133219
1381	5624179
1381	1462254
1381	4601786
1381	4532732
1381	2135165
1381	1269043
1381	1258648
1381	82016
1381	6326070
1381	3692417
1381	2934459
1381	3142044
1381	6193899
1381	1252478
1381	5155155
1381	5908723
1381	4011581
1381	3851536
1381	5110204
1381	2268090
1381	8090562
1381	5013179
1381	1597143
1381	7662724
1564	196382
1564	7672745
1564	1491021
1564	4054022
1564	5954000
1564	426772
1564	3703851
1564	2232778
1550	6175763
1550	417975
1550	3640977
1550	6919233
1550	5997267
1550	3455464
1550	538966
1550	3479797
1550	1901855
1550	8771523
1550	2088779
1550	1238544
1550	4521945
1550	2253810
1550	1959479
1550	464783
1550	3282494
1550	6692914
1550	445804
1550	5311513
1550	8136523
1550	6820734
1550	6578291
1550	2554014
1550	1728214
1550	4665961
1550	4285421
1550	8309664
1550	7387553
1550	781885
1550	5951365
1550	5740293
1550	4355051
1550	1623902
1550	4104320
1550	6565260
1550	3993693
1550	4233841
1550	6611175
1550	1619404
1550	7785276
1550	1535979
1550	8057998
1550	8163944
742	1416561
742	2054379
742	5952648
742	3972177
742	6884196
742	5583279
742	8121126
742	8312952
742	6057927
742	715481
742	7765678
742	7711192
742	5660780
742	850485
742	8431864
742	7985705
742	8131393
742	6695707
742	2249094
742	6183581
742	509734
742	5060901
742	995651
742	3516752
742	523476
742	4538024
742	8227915
742	1096610
742	3990087
742	6883799
742	8408637
742	7220682
742	3480333
742	5004216
742	2952405
742	4001657
742	2784474
742	1413094
742	4760823
742	1098039
742	8448145
1138	158847
1138	5985869
1138	1597606
1138	1646833
1138	1762149
1138	4130865
1138	8414966
1138	3030502
1138	5836562
1138	6297206
1138	4805607
1138	6807498
1138	7496782
1138	7848578
1138	4467753
1138	7693068
1138	8463611
1138	3758883
1138	3203767
1138	4100577
1138	3700479
1138	8046209
1138	8526252
1138	1577369
1138	8468262
1138	3307129
1138	453693
1138	4864587
1138	2034009
1138	5179104
1138	1957624
1138	6751351
1138	1864096
1138	6114264
1138	3336644
1138	734917
1138	8248782
1138	4569752
1138	3147471
1138	6811502
1138	83074
1138	6768027
1138	6959061
1138	8628144
1138	8300041
1138	2569664
1138	4882004
1138	6597080
1138	7315547
1138	1338438
1138	1461612
1138	5140679
1138	2583307
1138	7305396
1138	867063
1138	8157139
1138	8608185
1138	7963115
1138	78520
1138	4292588
1138	1452066
1138	3655035
1666	8804752
1666	5743756
1666	2248816
1666	1429395
1666	402623
1666	7415828
1666	2114403
1666	5058608
1666	2113637
1666	6007360
1666	6498225
1666	4149565
1666	3174058
1666	264971
1666	6213764
1666	5196853
1666	4114413
1666	487764
1666	8827959
1666	6396041
1666	4723536
1666	6093923
1666	4263156
1666	5868473
1666	6084260
1666	6705435
1666	4203916
1666	3137409
1666	3671803
1666	5867626
1666	8902134
1666	5029868
1666	769615
1666	4093454
1666	3515912
1666	4443200
1666	5164551
1666	747220
1666	6095026
1666	5242416
1666	2735291
1666	5889364
1666	3498473
1666	3717501
1666	775097
1666	6789211
1666	441166
1666	8111172
1666	3325226
1666	1467548
1666	8336541
1666	1690552
1666	6650011
1666	2086170
1666	8010487
1666	2128408
1666	8602092
1666	3768496
1666	6049038
1666	6533875
1666	8663714
1666	3865134
1666	8585707
1666	648893
835	7739164
835	4436726
835	5840781
835	3669950
835	2907174
835	3958119
835	60659
835	41349
835	7293623
835	8331977
835	1567570
835	5093505
835	648032
835	6013422
835	6128234
835	2301830
835	6648204
835	7751216
835	3510688
835	4570429
835	966178
835	4593609
835	3813305
835	5556258
835	6505122
835	550885
835	6586532
835	6853824
835	2410445
835	7969250
835	498838
835	4837392
835	2552484
835	7667131
835	2105196
835	2727699
835	39142
835	3139148
835	830766
835	3566545
835	8843793
835	8228048
835	2068669
835	1742075
835	6939866
835	5722329
835	2123518
835	8842943
835	603207
835	6745725
835	6931432
835	1742766
835	5736445
835	6220012
835	3716590
835	4585582
835	6615905
835	237961
835	7140316
835	5153462
835	6611120
835	4383341
835	6550175
835	2291134
835	7839150
835	1665138
835	7828962
835	6150349
835	6735564
835	8811860
835	7941987
835	5299320
835	3044686
835	7142406
835	842755
835	546237
835	32426
835	207653
835	7164554
835	700153
324	3314481
324	2809346
324	8769365
324	2172511
324	1028911
324	7808808
324	6747307
324	6227390
324	8252548
324	5983931
324	2156313
324	8352190
324	8852206
324	1018476
324	961473
324	7994082
324	4101827
324	8342600
324	3603626
324	1217610
324	4751268
324	3469538
324	5495085
324	1800412
324	3918442
324	4092758
324	6876512
324	5079351
324	5051259
324	6442492
324	3877751
324	5306138
324	286994
324	221724
324	3774931
1167	1602959
1167	5057712
1167	8401346
1167	4970400
1167	1590734
1167	2552954
1167	1726482
1167	863764
1167	3590680
1167	6547561
1167	3894985
1167	4746866
1167	4542362
1167	4920714
1167	6411328
1167	185927
1167	4571342
1167	1676483
1167	2049320
1167	1739158
1167	2357099
1167	5005127
1167	1055642
1167	1419860
1167	2583203
1167	8776089
1167	3634802
1167	2482070
1167	2243295
1167	7110482
1167	3445412
1167	3179332
1167	8053204
1167	3525995
1167	7110664
1167	5258906
1167	8545317
1167	532051
1167	5057271
1167	6045868
1167	8476491
1167	2023871
1167	7182059
1167	3322013
1167	6573643
1167	2951772
1167	4345670
1167	2239888
1167	8780669
1167	1827939
1167	6400143
1167	6602248
1167	6722203
1167	6346457
1167	7239498
1167	988055
1167	8348642
1167	2091595
1167	5451407
1167	7243879
1167	3148882
1167	1936499
1167	797793
1167	7648799
1167	6983684
1167	1237519
1167	958774
1167	7704059
1167	3323523
1167	2104190
1167	5365815
1167	6984461
1167	946417
828	3529273
828	4529858
828	8088598
828	5445895
828	8466198
828	4552153
828	7436808
828	3690265
828	1917052
828	8555295
828	4310353
828	2390225
828	166539
828	3590922
828	5823616
828	796110
828	8409415
828	1467309
828	7072765
828	4946233
828	5620388
828	8361358
828	7266891
828	7759916
828	4462686
828	5044110
828	7377203
828	7674458
828	314705
828	5715209
828	5025022
828	5614820
828	7380982
828	5383562
828	6800444
828	1678629
828	7975599
828	4067617
828	6104973
828	4382925
828	6953275
828	5360793
828	2052677
828	4428455
828	6123796
828	6357707
828	4157678
828	2946391
828	3677011
828	5242566
828	5049286
828	7810326
891	4926817
891	7061531
891	1159231
891	8834611
891	2013659
891	6024590
891	3903774
891	7371378
891	463242
891	1035005
891	5991395
891	5783908
891	3755450
891	3023297
891	7132645
891	968684
891	3800192
891	8142401
891	2395378
891	867489
891	3149390
891	3357456
891	6870863
891	7855955
891	7576637
891	5960230
891	2433255
891	1835990
891	6063063
891	7061883
891	4072397
891	6743999
891	2980890
891	5540854
891	2131065
891	4228849
132	7674963
132	511169
132	5412193
132	5346531
132	6088544
132	7891769
132	5332363
132	1252423
132	1365673
132	3674429
132	6172430
132	6919520
132	6643079
132	3522360
132	2564007
132	6468293
132	6890336
132	5846021
132	39442
132	1546131
132	347675
132	1111700
132	1491681
132	4667461
132	2800910
132	7181803
132	1965813
132	185778
132	544258
132	87756
132	2771972
132	2656982
132	7097960
132	1274204
132	1643504
132	8378023
132	7842587
132	6528622
132	5825659
132	6721034
132	944560
132	279748
132	4162135
132	2846054
132	567149
132	5712244
132	4906809
132	7632018
132	851792
132	1989870
132	4745314
132	1266541
132	6666939
132	3331066
132	43283
132	53442
132	3478074
132	3244369
132	8702974
132	4032509
132	4503356
132	2080817
132	2849472
132	3215969
132	6883838
132	2104346
132	6447322
132	4920467
132	8256446
132	1731954
132	1383463
132	6664345
132	4409230
692	3684380
692	4975088
692	6438732
692	2590899
692	1368556
692	6004083
692	3568258
692	4391170
692	8319074
692	284726
692	1036451
692	2916546
692	5396635
692	2591793
692	2264573
692	3290960
692	3063169
692	5551693
692	8440137
692	6531308
692	3026016
692	1012575
692	62669
692	2357725
692	8519693
692	4956651
692	8710115
692	1172252
692	191603
692	1699006
692	1057881
692	3432358
692	601785
692	5528419
692	2877877
692	6077589
692	2850459
692	6572622
692	7827143
692	7894250
692	5130063
692	490732
692	7025095
692	958832
692	311847
692	8861288
692	8236077
692	637419
476	8430707
476	5799110
476	8389594
476	2042037
476	7624927
476	8634821
476	2477018
476	729487
476	2035850
476	3739566
476	362476
476	6833671
476	4370383
476	2120267
476	1231966
476	3142332
476	4295818
476	3262895
476	378463
476	8141941
476	7723411
1269	5170366
1269	3556739
1269	7175036
1269	7032008
1269	2878261
1269	3052238
1269	4416198
1269	4079192
1269	7276243
1269	7948271
1269	5190605
1269	7536353
1269	7087507
1269	7339647
1269	2739165
1269	6116166
1269	4087675
1269	849408
1269	311626
1269	1307926
1269	4141685
1269	47291
1269	4967457
1269	8175531
1269	5859474
1269	1511272
1269	3456113
1269	2601929
1269	1026794
1269	8256024
1269	6507297
1269	4990489
1269	3548756
1269	5520978
1269	3463504
1269	3848732
1269	4357875
1269	2304125
1269	6065834
1269	5507050
1269	7939025
1269	4764529
1269	2880188
1269	1405649
1269	3435505
1269	7353154
1269	3245999
1269	4608044
1269	7275
1269	378495
1269	4797546
1269	2659192
1269	7755101
1269	8564214
1269	4000872
1269	1626898
1256	5652243
1256	6923004
1256	8723555
1288	3268123
1288	4112755
1288	3385153
1288	1254182
1288	3638732
1288	5047271
1288	3325209
1288	4755279
1288	3122390
1288	2421465
1288	4718540
1288	2095533
1288	8677504
1288	4215241
1288	5337815
1288	5234896
1288	3069537
1288	5323672
1288	7790778
1288	1982350
1288	6424717
1288	4052504
1288	3089290
1288	423
1288	8094405
1288	2409425
1288	2010443
1288	1579728
1288	5333617
1288	2183918
1288	7674128
1288	486280
1288	6583692
1288	3980658
1288	7365589
1288	170400
1288	5334657
1288	930702
1288	511380
1288	4912940
1288	3028526
1288	982278
1288	8700502
1288	3859184
1288	3847781
1288	4884801
1288	8411836
1288	4736111
1288	2166151
1288	863968
1288	1175068
1288	5660327
1288	2275134
1288	3596539
1288	5235453
1288	7448730
1288	718357
1288	7206974
1288	2761822
1288	3750792
1288	7215715
1288	1855537
1288	1810570
1288	4033408
1288	5288035
1288	2996308
1288	2825065
1288	4171138
1288	7878478
1288	6217113
1288	3907373
1288	1579583
1288	4322574
1288	8008017
1288	7094068
1288	5602580
1471	8888235
1471	5491804
1471	2612830
1471	3215014
1471	4346815
1471	5331543
1471	8732273
1471	2808815
1471	1022159
1471	359708
1471	1030689
1471	7544197
1471	7225484
1471	5671622
1471	4217107
1471	2645659
1471	1837177
1471	5078435
1471	6371450
1471	4868243
1471	4000240
1471	5205302
1471	4008664
1471	6316266
1471	706471
1471	1520275
1471	4226034
1471	458958
1471	943155
1471	766355
1471	5876977
1471	2000907
1471	916720
1471	5432770
1471	4036255
1471	2075479
1471	2817531
1471	7910733
1471	4809717
1471	2205205
1471	2699892
1471	3479893
1471	4448643
1471	8391843
1471	6135341
1471	1836709
1471	1431529
1471	5912144
1471	7015305
912	1273346
912	8351575
912	2149786
912	5440371
912	1512332
912	670488
912	4592499
912	5917557
912	1991876
912	6550913
912	4449914
912	5759725
912	2659049
912	3134990
912	8364069
912	7472644
912	4067302
912	6190672
912	7496934
912	1667547
912	169524
912	4759916
994	3505448
994	5465501
994	7730416
994	2490772
994	3580789
994	5530891
994	770514
994	3243506
994	7798706
994	7877985
994	726802
994	3293792
994	6080818
994	7527970
994	4919777
994	8525906
994	960579
994	7318390
994	2075332
994	8415771
994	1462495
994	4560472
994	1127087
994	151263
994	6315153
994	678309
994	4300796
994	3511387
994	473435
994	8392507
994	1893405
994	4387630
994	6003091
994	3366124
994	1884918
994	4650263
243	8351941
243	3943446
243	6630693
243	4397227
243	3186528
243	5790854
243	3248854
243	78736
243	4699310
243	5961446
243	7161058
243	8766261
243	2512178
243	88332
243	970175
243	7380718
243	7673379
243	6705813
243	8336490
243	6744646
243	7350745
243	1919613
243	7434687
243	6987922
243	315761
243	6329336
243	8828800
243	4082620
243	7753167
243	3121018
243	7073816
243	8075748
243	1860632
243	5642943
243	8322762
243	1067791
243	2889073
243	2362541
243	4274325
243	2272392
243	8296369
243	3287763
243	4209396
243	8279719
243	6921913
243	6714323
243	4240372
243	8148934
243	3418353
243	4003892
243	6060771
243	7701363
243	6037497
243	6525372
243	6918987
243	2787393
243	2647428
243	1740547
243	2027835
1031	217085
1031	2563449
1031	6105703
1031	3583420
1031	47751
1031	1168491
1031	1790359
1031	3061231
1031	1736849
1031	2938067
1031	3818435
1031	5234914
1031	8177269
1031	4895803
1031	6503947
1031	3233430
1031	5338533
1031	7658911
1031	6788919
1031	6586170
1031	6151233
1031	5579881
1031	7415804
1031	122526
1031	8011175
1031	3462205
1031	7781892
1031	7491562
1031	7230573
1031	2366421
1031	2922643
1031	1791669
1031	3043211
1031	411668
1031	7427540
1031	6246891
1031	3307806
1031	5028209
1031	5733806
1031	1762597
1031	6846402
1031	5494893
1031	7158142
1031	6969310
1031	1858974
1031	8775907
1031	5614782
1031	2174181
1031	3196993
1031	7611737
1031	2518551
1031	3156873
1031	3796100
1031	1820399
1031	5420266
1031	8901009
1031	7052940
1031	1783203
1031	5486145
1031	4238369
1031	6265845
1031	1199288
1031	7201018
307	8266581
307	2793161
307	5308871
307	5110057
307	2157343
307	8640601
307	5785528
307	2557569
307	4741780
307	555782
307	2501648
307	3707593
307	5243474
307	3300640
307	5779188
307	1568043
307	7493151
307	7277829
307	4236682
307	6734411
307	1571828
307	8028212
307	7689229
307	2335495
307	6511050
307	4813430
307	4202401
307	3798094
307	3796658
307	4908254
307	7069133
307	5481816
307	5739013
307	4778164
307	8384253
307	7955153
307	4535716
307	3243245
307	2180267
307	7923693
307	5654079
307	3015915
307	1633770
307	1347466
307	3655370
307	4012615
307	8467160
307	4716285
307	5081878
307	8065849
307	2958663
307	3578321
307	7841772
307	4243556
307	8369799
307	5385479
307	2665549
307	5881693
307	5821743
307	3035813
307	6540099
307	2535337
307	8113028
1221	933869
1221	6554227
1221	2763825
1221	5630089
1221	1310070
1221	7584825
1221	8286905
1221	6758225
1221	1966045
1221	1461441
1221	8857216
1221	401724
1221	2667490
1221	1277997
1221	1819002
1221	746400
1221	4676748
1221	929505
1221	8197624
1221	6452618
1221	8778086
1221	2948111
1221	1835515
1221	6364036
1221	6228668
1221	8250457
1221	5335414
1221	548461
1221	2720751
1221	7204168
1221	5837984
1221	5352116
1221	771377
1221	1948188
1221	6366644
1221	6362418
1221	5950799
1221	7100529
1221	4005587
1221	8658438
1221	911037
1221	3898034
1221	7694384
1221	5051425
1221	5610588
1221	5160755
1221	4100463
1221	4474309
1221	5369228
1221	7719655
1221	2343748
1221	5932203
1221	1600049
1221	2847508
1221	2164738
1221	5356672
1221	1479160
1221	5637776
1221	5456924
1221	4536976
1221	3021015
875	8436006
875	7635161
875	1651106
875	3235933
875	298045
875	2692754
875	6327023
875	6003166
875	8272081
875	8319907
875	7591718
875	7491039
875	2966300
875	7705678
875	5082338
875	6987772
875	156467
875	3641276
875	3186178
875	7569420
875	8386002
875	2379571
770	6063709
770	8479496
770	808289
770	4965932
770	8514622
770	5705951
770	7369635
770	5980711
770	7026803
770	2695608
770	7725504
770	2202903
770	3355680
770	5608663
770	1381767
770	5831414
770	4036194
770	392517
770	4433414
770	7978897
770	7061753
770	4688664
770	8481404
770	757054
770	5913182
770	4859092
770	3522945
770	284016
770	2150270
770	6934117
770	966325
770	2803806
770	6929158
770	1841506
770	5336298
770	7776040
770	5087159
770	3173650
770	6830620
770	5357131
770	8520342
770	6902474
770	2021262
770	5631251
770	4374916
770	7204808
770	1045444
770	1124091
770	3199778
770	5061393
770	5921316
770	7446997
770	1311496
770	2623218
770	76285
770	4387239
770	5452612
770	8374423
770	5316416
770	2866298
770	4579850
770	6479158
770	6318596
484	3002371
484	3755988
484	8199545
484	5562005
484	4255190
484	6668297
484	369554
484	7038658
484	5616450
484	6700632
484	3523466
484	1660182
484	8635399
484	1549373
484	55107
484	3474986
484	1396697
484	5241513
484	138633
484	111788
484	1761068
484	3664535
484	3034562
484	3970131
484	7786655
484	3386333
484	5218486
484	3538965
484	4837131
484	6247316
484	137906
484	3848596
484	7859677
484	4662605
484	228253
484	7414720
484	4512367
484	8023489
484	5563518
484	1132248
484	1139215
484	6739811
484	3565669
484	1150017
484	4232392
484	8243369
484	8209600
484	966481
484	1442701
484	3824045
484	6368595
893	6560026
893	4512812
893	3001249
893	2402753
893	8221124
893	1617208
893	5349269
893	5512603
893	5595308
893	3989362
893	8890232
893	4013784
893	1189880
893	8663492
893	6104565
893	8082260
893	6333297
893	7060164
893	5945648
893	8694984
893	4212202
893	4275200
893	2489506
893	5655781
893	4066090
893	8179201
893	5140496
893	336188
893	1641180
893	7152167
893	3088109
893	1955222
893	3619240
893	7423010
893	143375
893	3077280
893	1035534
893	1359339
893	7526450
893	6365776
893	4265514
893	8593419
893	3087797
893	7444463
893	5271900
893	5367643
893	6979988
893	7790108
893	7855592
893	6466419
893	5828783
893	6482584
893	5545481
893	6675937
893	5356293
893	5659699
893	4285336
893	3524918
893	6900823
893	4710324
893	5175990
893	5713111
363	8321784
363	5963553
363	6943338
363	3347065
363	3961145
363	3765556
363	3280406
363	5042177
363	2395605
363	6958362
363	1888896
363	1997588
363	7759757
363	4121363
363	3805985
363	5859278
363	6587682
363	6471493
363	7181088
363	7425046
363	8868805
363	1648917
363	5563882
363	5267869
363	2725144
363	193212
363	2683849
363	4617934
363	1344208
363	2903244
363	3397552
363	7082358
363	3570733
363	90452
363	6741250
363	5517664
363	6159745
363	6637037
363	4575255
363	3586950
1496	8194808
1496	6452031
1496	6474480
1496	82923
1496	7479355
1496	2685361
1496	208512
1496	6535645
1496	5948394
1496	5063168
1496	6883754
1496	5698746
1496	4371487
1496	4993814
1496	5594653
1496	8750309
1496	8060298
1496	5526483
1496	2179426
1496	6739404
1496	2807286
1496	7577691
1496	7408271
1496	4583706
1496	7864901
1496	4370405
1496	6841973
1496	2954400
1496	2803259
1496	5120763
1496	8777130
1496	1172777
1496	5152738
1496	126440
1496	53397
1496	6900426
1496	6174766
1496	8094068
1496	1188236
1496	4978385
1496	3870662
1496	5033641
1496	6629440
1496	3589043
1496	6962288
1496	4067924
1496	6269704
1496	36830
1496	1023902
1496	607048
1496	821204
1496	1055653
1496	7685798
1496	5375393
1496	3110308
1496	8651178
1496	6616893
1496	7703291
1496	2952479
1496	1932091
1496	3175154
1496	4575299
1496	8204673
1496	3611841
1599	1040607
1599	936534
1599	1896098
1599	6899955
1599	4667983
1599	1133264
1599	7980304
1599	4977713
1599	8414911
1599	4259164
1599	8749895
1599	908969
1599	7633604
1599	1307016
1599	3798398
1599	4462760
1599	6656061
1599	2398994
1599	1398067
1599	6717427
1599	3588813
1599	4729152
1508	8564030
1508	8059568
1508	6764820
1508	2213103
1508	3166700
1508	6436016
1508	7747876
1508	8674632
1508	5276674
1508	3703463
1508	4421646
1508	1326268
1508	705090
1508	1089028
1508	2131179
1508	5986185
1508	8052459
1508	7625140
1508	8179044
1508	2195254
1508	6446550
1508	4581377
1508	3039132
1508	4843379
1508	5556090
1508	5381763
1508	3736980
1508	1413366
1508	5700230
1508	1769123
1508	6285832
1508	6391771
1508	2704655
1508	8205773
1508	738812
211	3633146
211	5071791
211	4682013
211	5766546
211	7026297
211	4575468
211	1111306
211	5911064
211	2722034
211	4786538
211	1878116
211	5975405
211	8338576
211	7060655
211	2912965
211	8168623
211	2237049
211	8491093
211	6483629
211	7445184
211	4232260
211	6312868
211	5574426
211	55848
211	7099634
211	1698714
211	8028403
211	8878482
211	3239152
211	1658344
211	4468935
211	8731474
211	3315705
211	4401318
211	4411122
211	3735488
211	1443199
211	7375393
211	6484378
211	1494213
211	8126560
211	7052205
211	2067654
211	7750768
211	2620668
211	8045643
211	8928345
211	7658194
211	5275270
211	6206814
211	123957
211	2060272
211	3745994
211	8239676
211	6156051
211	2117592
211	5108804
211	900425
211	1446181
211	6592351
211	214308
211	5092734
211	1937801
211	5761
211	2785391
211	290878
211	569148
211	8471180
211	3013932
211	6980727
211	3657109
211	5867983
211	6404290
211	1664214
174	553499
174	2977435
174	8507876
174	1786363
174	5690096
174	2096640
174	3890620
174	7806189
174	7098100
174	296147
174	7673473
174	4878522
174	4746529
174	5202593
174	2316031
174	4583591
174	3600594
174	5519953
174	490073
174	2303239
174	4164268
174	1873328
174	2961225
174	8159812
174	5087790
174	3679254
174	6526137
174	2128409
174	3392531
174	2430747
174	4668247
174	1245480
174	8400404
174	212593
174	478022
174	1884119
174	1113199
174	3490376
1507	8872259
1507	3825283
1507	1467317
1507	7688255
1507	2839303
1507	3847146
1507	7421033
1507	725431
1507	1128200
1507	6414730
1507	7245878
1507	5383280
1507	5372947
1507	1728511
1507	4246127
1507	2850948
1507	13640
1507	5656685
1507	5225306
1507	7194104
1507	7458749
1507	5164588
1507	2583609
1507	595620
1507	7790529
1507	3712165
1352	8028852
1352	3028962
1352	7125259
1524	7279184
1524	764299
1524	6702252
1524	2638995
1524	4432798
1524	2015614
1524	801613
1524	5593590
1524	1075979
1524	3763560
1524	1295329
1524	697705
1524	1201206
1524	2463355
1524	2766928
1524	6864006
1524	8322650
1524	8770786
1524	6363717
1524	7000110
1524	2716311
1524	5677611
1524	5049541
1524	8353016
1524	7710543
1524	3247712
1524	2632692
1524	4814614
1524	6646777
1524	7025910
1524	2621322
1524	1561907
1524	3990922
1524	7115241
1524	1209721
1524	6626723
1524	1558422
1524	3086221
1524	7956526
1524	348862
1524	3768998
1524	8604308
1524	433110
1524	3318727
1524	3440456
1524	5726747
1062	3636643
1062	5616138
1062	81289
1062	350364
1062	6473018
1062	3092316
1062	5806758
1062	6330534
1062	3741138
1062	758379
1062	3991686
1062	2719287
1062	590392
1062	521404
1062	2566950
1062	6337042
1062	7496122
1062	1805598
1062	3102178
1062	6478445
1062	6388711
1062	1548743
1062	6327929
1062	4521330
1062	7975355
1062	846368
1062	2043358
1062	3838720
1062	3742467
1062	6411942
1062	7161426
1062	2206434
1062	3909212
1062	8400550
1062	8662861
1062	6636021
1062	8010352
1062	580449
1062	6479739
1062	8576445
1062	8558292
1062	3325916
1062	8624503
1062	8842170
1062	2279266
1062	8033177
1062	3570101
1062	7200513
1062	5309521
1062	1616691
1062	5596727
1062	5204965
1062	2589956
1062	6581898
1062	6806855
1062	4736973
1062	4628867
1062	515319
1062	1827471
1062	5540311
1062	3131447
1062	7958623
1062	8137690
1062	6318655
1062	8175179
1062	6580163
1062	7710681
1062	3367347
1062	1818240
1062	100919
1062	6166038
1062	6704773
1062	2929267
1385	6138804
1385	5008726
1385	4669592
1385	199158
1385	3806498
1385	5930411
1385	4161760
1385	4671546
1385	6793048
1385	8781538
1385	145650
1385	8915388
1385	3854496
1385	6239413
1385	8844353
1385	3865966
1385	3212989
1385	5095351
1385	8702511
1385	7296363
1385	8131624
1385	7436063
1385	8562988
1385	3070903
1385	3011330
1385	3819712
1385	2598409
1385	3986194
1385	3793067
1385	6314765
1385	4450540
1385	6776755
1385	1994899
1385	3171102
1385	1792159
1385	1753519
1385	51341
1134	6105733
1134	6085529
1134	7510535
1134	5747999
1134	3861794
1134	6166328
1134	2574940
1134	3478107
1134	7739773
1134	2071307
1134	3276849
1134	7082763
1134	7847335
1134	5950043
1134	8209563
1134	5159836
1134	72988
1134	8905518
1134	7570643
1134	2286309
1134	1465852
1134	7280739
1134	7247922
1134	5781579
1134	6834613
1134	5487999
1134	7846675
1134	373354
1134	7055200
1134	1199252
1134	6104099
1134	609271
1134	5543837
1134	8132383
1134	855794
1134	5186815
1134	1765262
1134	2127547
1134	540605
1134	6474075
1134	3627402
1134	6833555
1134	3446810
1134	5258146
1134	1699286
1134	4538721
1134	3941457
1134	2878001
1134	7046697
1134	1657731
1134	402538
1134	8075350
1134	6390093
1134	5696613
1134	8347650
1134	991767
1134	266464
1134	4969008
1134	1545140
1134	3144297
1134	7061945
1134	8876576
1134	1533441
1134	1085269
1134	5875740
1134	3526628
1134	3936089
1134	4424985
1134	1336661
1134	6251812
1134	3673628
1134	1817234
1134	2089271
1134	459610
1134	2902670
1134	3324797
1134	3133427
1134	4163935
1134	2735721
1134	4136248
970	401210
970	7243822
970	7588689
970	2406510
970	3890871
970	7366372
970	8768946
970	6075799
970	6665215
970	5021145
970	4215684
970	1921611
970	5988976
970	8908788
970	6071486
970	90098
970	1533979
970	1407268
970	4183227
970	8706744
970	8619759
970	7612148
970	597218
970	5541010
970	2277201
970	2555461
970	8351447
970	4433485
970	6247380
970	6289400
970	7973331
970	1457789
970	1512898
970	5686029
970	3982705
970	5938788
970	8020371
970	4235828
970	3500179
970	4988485
970	7562126
970	6706740
970	3637786
970	597727
970	3528825
970	7572888
970	759894
970	4416046
970	842922
970	67267
970	7101561
970	331388
970	3257619
970	8534908
970	1672728
970	4428347
970	5905341
970	5871591
563	2154947
563	644980
563	5263758
563	4034670
563	5768369
563	44520
563	1496505
563	5929931
563	7415744
563	687880
563	1783981
563	8322054
563	4282990
563	7210463
563	3707132
563	8412009
563	8460627
563	4752315
563	5049754
563	861715
563	3059495
563	5874450
563	3766247
563	5334043
563	2366431
563	6986826
563	3559594
563	7016805
563	4160910
563	3732071
563	8219511
563	1631030
563	5087253
563	5745104
563	1214388
563	233674
563	5170882
563	675904
563	502796
563	3088858
563	2488107
563	3923173
563	533165
563	4849330
563	6227369
563	7269236
563	357780
563	4617293
563	4360953
563	3625789
563	1614741
563	8182646
563	1421100
563	2630049
563	8309741
563	3378103
563	3810966
563	2186274
563	3850355
563	273363
563	2465500
563	1861722
563	54655
563	7889135
563	2655614
563	6204621
563	5702931
563	1306901
563	6449435
563	5664841
1571	7589780
1571	3920121
1571	7654564
1571	5091006
1571	5023341
1571	8642608
1571	6027901
1571	4563589
1571	5710273
1571	7915224
1571	1655461
1571	2896469
1571	410138
549	6642408
549	598385
549	1626927
549	2672934
549	1177604
549	1458350
549	3031317
549	4826083
549	7103059
549	4428871
549	871951
549	522349
549	8171220
549	4306181
549	4862907
549	8491565
549	5160848
549	3255866
549	2303894
549	3305842
549	5995986
549	103468
549	1967417
549	6824685
549	4859507
549	3077917
549	4055655
549	1995527
549	8107051
549	3402542
549	5295696
549	5108262
549	1317620
549	7077564
549	7909988
549	4961233
549	742353
549	1783227
549	3195494
549	8504927
549	6367561
549	2498072
549	1881513
549	8242638
549	2513455
549	8285796
549	7179192
549	131599
549	2479860
549	2705872
549	8016691
549	4194078
549	4309892
549	6522865
549	2580200
549	7358685
549	883846
549	1200469
549	3359712
549	3552528
549	1389523
549	937232
549	5206887
549	5734733
549	1432214
549	1405402
561	7362029
561	5816281
561	3922268
561	5038419
561	2415278
561	6152991
561	3112094
561	5442166
561	8238346
561	4759935
561	7964157
561	8007760
561	3064147
561	3813799
561	6274488
561	5913195
561	7834358
561	5622522
561	5594904
561	4531176
561	8700112
561	2886392
561	4212585
561	1807397
561	511599
561	5070897
561	3309385
561	8438922
561	1715495
561	6657420
561	5507123
561	5061324
561	8267252
561	8621474
561	3393540
561	7437378
561	5994115
561	1975619
561	1124825
119	5318233
119	5679991
119	6441407
119	1071512
119	2988851
119	8516918
119	2204151
119	332992
119	6759200
119	1136902
119	395542
119	4617762
119	1417127
119	1516172
119	7813482
119	4359041
119	2457085
119	3518867
119	1848897
119	8053110
119	1698442
119	3084868
119	5022884
119	1539745
119	4074311
119	2972630
119	7717730
119	6334191
119	6614218
119	5821963
119	5952750
119	5460597
119	4804123
119	2148975
119	4670646
119	4415399
119	5146881
119	5663606
119	16179
119	6999145
119	4996409
119	4985636
119	8137057
119	4941162
119	6613717
119	4659628
119	421930
119	4752642
496	692608
496	4272196
496	8005735
496	5661872
496	4154548
118	8077869
118	8346131
118	3865413
118	8805905
118	8542812
118	5259446
118	536293
118	8454584
118	4832093
118	4372448
118	602371
118	8521393
118	5253713
118	3010472
118	1432019
118	470496
118	8567063
118	6515216
118	4681053
118	2330431
118	7631740
118	7754198
118	7813878
118	7782410
118	224421
118	7734050
118	6696435
118	1652351
118	2659224
118	5816165
118	3714932
118	3792867
118	1799985
118	4762660
118	8464821
118	6727215
118	1080198
118	467175
118	334074
118	8885724
118	7265309
118	6822569
118	281343
118	3648046
118	1810889
118	3798209
118	787599
118	5611673
118	2512502
118	5044979
118	7714683
118	7539373
118	7704099
118	1862393
118	8636414
118	1594985
118	4169282
118	453641
118	2524120
118	5779599
118	4929807
118	8464962
118	1934810
118	7827278
118	2667358
118	5801454
118	7918236
118	1472073
118	2339849
118	6981817
118	1201361
154	1342752
154	6361059
154	2426625
154	7156046
154	4310524
154	1227590
154	5572769
154	6826141
154	1491711
154	161502
154	8487000
154	1380416
154	1505322
154	3205302
600	3225284
600	664386
600	1168299
600	5275107
600	4412039
600	981814
600	6847776
600	4534992
600	4684808
600	8470390
600	712518
600	3405616
600	1567244
600	3177302
600	2471105
600	6837246
600	1607654
600	2527790
600	4356691
600	2212312
600	4983849
600	3979051
600	3104961
600	7628748
600	6165058
600	3940557
600	2039448
600	3377700
600	7993678
600	3004910
600	5056246
600	913596
600	6508594
600	83076
600	3585652
600	7504909
600	1948051
600	6536653
600	7621954
600	7913180
600	5611129
600	3178867
600	673192
600	5363682
600	2462936
600	591823
600	5904108
600	5843689
600	4347574
600	5986154
1014	265340
1014	7695828
1014	7030656
1014	4405383
1014	2897408
1014	3950590
1014	7297409
1014	1395643
1014	1064479
1014	8439582
1014	6212084
1014	3757707
1014	107339
1014	5288151
1014	833667
1014	7771521
1073	5314910
1073	8506276
1073	6237149
1073	5930827
1073	8441512
1073	3242565
1073	4353634
1073	4349604
1073	4484257
1073	6473812
1073	6422689
1073	2879364
1073	3197700
1073	4419357
1073	123220
1073	4892759
1073	7094112
1073	6632969
1073	3189927
1073	6169027
1073	5925129
1073	3932350
1073	5995959
197	2938603
197	8337869
197	4230403
197	4291754
197	1286913
197	4817329
197	119060
197	2328476
197	3756795
197	7258512
197	575912
197	1433779
197	6606603
197	382795
197	5265392
197	7821976
197	3548683
197	3737034
197	6423656
197	2228137
197	3248635
197	6137191
197	2724081
197	1980924
197	4610677
197	3449471
197	5237449
197	7489228
197	419167
197	3998469
197	7872726
197	1341983
197	3696447
197	4413322
197	5458985
197	2335553
197	7577238
197	2281087
197	5934119
197	743540
197	1702890
197	1373086
197	8513896
197	3182284
197	4911514
197	1942270
197	7702934
197	3729028
197	3845984
197	8183452
197	4558987
197	2607278
197	410922
197	5883641
197	4354248
197	8485254
197	4980836
197	5456761
197	1971322
197	439942
197	454201
197	4637609
197	7254709
197	7435306
197	8868571
197	5471849
197	4674945
197	4107090
197	6146309
197	4125093
197	8054400
197	284526
197	2615684
197	2796684
197	2812490
197	886951
197	1449794
197	8364550
1520	8615439
1520	463765
1520	2512122
1520	1572419
1520	2987058
1520	7253486
1520	4001698
1520	6957604
1520	840779
1520	787172
1520	5666265
1520	4522579
1520	7477586
1520	6840804
1520	3480512
1520	3835263
1520	5871789
1520	2275469
1520	3392488
1520	517609
1520	8185007
1520	1729735
1520	2469621
1520	8659724
1520	7682913
1520	913562
1520	8352841
1520	5682
1520	1766775
1520	2811708
1520	6336244
1520	1990433
1520	5971087
1520	5818403
1520	8882996
1520	2275392
1520	4644144
1520	3356932
1520	2221645
1444	900682
1444	6028817
1444	1600235
1444	1883384
1444	4754638
1444	4310021
1444	8214475
1444	4578861
1444	3057933
1444	7044599
1444	3190307
1444	2064595
1444	5490420
1444	2658227
1444	1026405
1444	8763796
1444	7920623
1444	8506103
1444	5847886
1444	7564672
1444	5762344
1444	3431081
1444	548123
1444	1514619
1444	1079100
1444	6014370
1444	8709848
1444	7356138
1444	7020106
1444	4394688
1444	8514169
1444	7741395
1444	7138623
1444	4038522
1444	6239488
1444	6502824
1444	5344036
1444	1605557
1444	832664
1444	1357666
1444	6930377
1444	8787572
1444	259460
1444	8099662
1444	7048045
1444	1681975
1444	7941616
1444	1802654
1444	5145394
1444	104948
1444	4842619
1444	5746061
1444	6781848
1444	259456
1444	4050810
111	6192559
111	7556325
111	5894677
111	3945258
111	260968
111	2350022
111	8149518
111	8826178
111	5283135
111	4198710
111	2875469
111	3704892
111	5726287
111	2602073
111	3291150
111	4440785
111	8040824
111	8199325
111	7075367
111	1591187
111	1737712
111	1503580
111	4845215
111	645945
111	3037290
111	2205163
111	8355781
111	6210333
111	4691179
111	147604
111	1383904
111	5212158
111	160187
111	3457150
111	4626314
111	6265543
111	5819964
111	1286037
111	3421702
111	1711414
111	5761325
111	4141701
111	2646427
111	7995315
111	7687853
111	5238974
111	208063
111	4422805
111	4131960
111	1992274
111	2056792
111	5222415
111	3360490
111	4544569
111	5380199
111	8091655
111	7568882
111	2381975
111	8443084
111	6547417
111	6776341
111	1981405
111	883111
111	5364642
111	169297
111	1963792
111	1045304
111	7698503
111	1931620
111	5205744
111	4857099
111	3140843
1411	2660735
1411	7021017
1411	4613546
1411	7904562
1411	4552493
1411	3937878
1411	5425943
1411	8891692
1411	4847855
1411	549307
1411	7724860
1411	8485833
1411	2252195
1411	6703833
1411	609815
1411	4988121
1411	5140620
1411	4822472
1411	1910257
1411	8428153
1411	8306161
1411	6643627
1411	3890397
1411	3530307
901	2662858
901	6233719
901	8399526
901	6963966
901	8807835
901	7850480
901	1073457
901	7221766
901	4377268
901	1894756
901	7804449
901	4135157
901	7044001
901	429199
901	4804054
901	7428224
901	3463941
901	5729463
901	2756864
901	7995193
901	7395058
901	7088167
901	2763475
901	4708908
901	6699146
901	2056741
901	1522791
901	7373574
901	7341593
901	1882994
901	3654088
901	6840893
901	1638439
901	4967212
901	5207097
901	2136469
901	1478246
901	7949097
901	2025513
901	8826329
901	6463347
901	3187728
901	2588861
901	8871951
901	6179133
901	1366039
901	7925509
901	6489535
901	8748066
901	4621054
901	746764
901	8839422
901	1396872
901	380866
901	3413955
901	106294
901	6840300
901	1645188
901	6252557
901	6186510
901	3227753
901	4225896
901	1333039
901	7317699
901	804203
901	503546
901	1532845
930	7198627
930	5789070
930	5514310
930	7978288
930	3156193
930	8898988
930	7603910
930	3934201
930	5929776
930	3748287
930	217056
930	1653889
930	44534
930	7522315
930	1100370
930	3296786
930	1532416
930	918553
930	2348658
930	3998444
930	3034448
930	1908865
930	2971819
930	8220822
930	4959500
930	564032
930	4035866
930	2797186
930	8155983
930	8351448
930	300443
930	2853771
930	6310
291	2592531
291	2014651
291	5085362
291	6363289
291	1345263
291	1407131
291	5435661
291	2243386
291	6686474
833	7709428
833	4100552
833	4615305
833	108643
833	4204160
833	1875132
833	2940171
833	4385608
833	3545832
833	1358653
833	8038061
833	7572529
833	3994698
401	6479976
401	719238
401	1178143
401	6916944
401	8188012
401	4625117
401	3568423
401	8867276
401	4983608
401	8015386
401	3500908
401	6379995
401	2055558
401	1057592
401	2606824
401	7240371
401	8201548
401	8343545
401	5542914
401	3129788
401	8884494
401	2351296
401	5297954
401	1319099
401	4307980
401	4287573
401	5365361
401	8619352
401	1716705
401	1564842
401	2727601
401	6977901
401	8096877
401	681000
401	2930920
401	7520529
401	8298333
401	7171679
401	8650110
401	8047937
401	8486034
401	2800696
401	8595809
401	1905503
401	8793702
401	4191669
401	5027858
401	4562931
401	4894630
401	7871555
401	4121361
401	1670733
401	6772523
401	4465068
401	3450209
401	1133553
401	317337
401	2006630
401	2973024
401	4029848
401	7489457
401	2962211
401	1880362
401	3202168
401	4199071
401	3840922
401	273549
401	2196484
401	5136145
401	1097497
401	2528186
401	8488244
401	8317140
401	3292111
401	1200990
401	3642281
401	1487229
1754	3977509
1754	4760381
1754	5440254
1754	1950328
1754	3427285
1754	2520904
1754	8121026
1754	929575
1754	6000239
1754	3527750
1754	4809586
1754	6101233
1754	5818021
1754	4678640
1754	8889355
1754	7085156
1754	7255361
1754	7341044
1754	3127976
1754	6894527
1754	801674
1754	6725571
1754	7478862
1754	1784793
1754	1527084
1754	5202028
1754	452009
1754	1465181
1754	7155889
1754	2958122
1754	6507871
1754	4242431
1754	7620098
1754	5107465
1754	6712022
1754	4050440
1754	2728907
1754	3211734
1754	538172
1754	8389484
1754	4791688
1754	5673703
1754	3428941
1754	4357349
1754	2463519
1754	4984544
1754	7060105
1754	6736077
1754	6093364
1754	3041397
1754	599496
1754	4412258
676	7099295
676	3776295
676	8411777
676	8114495
676	535201
676	2227290
676	6377656
676	1409954
676	2238793
676	769530
676	3255279
676	6087852
676	2162759
676	8160632
676	5816432
676	5443620
676	6710678
676	3991016
676	3745769
676	6620096
38	8341160
38	6272605
38	7024894
38	1414155
38	2477715
38	1510882
38	4369879
38	478724
38	7023997
38	5709604
38	5191476
38	1575714
38	6807831
38	3770809
38	6783564
38	7423370
38	1847400
38	2427390
38	767617
38	3008964
38	2569141
38	8210906
1698	4480498
1698	2100504
1698	7890466
1698	514724
1698	1284899
1698	3056015
1698	5304961
1698	5367675
1698	8500941
1698	5792527
1698	6037640
1698	2918681
1698	3755444
1698	6703744
1698	1995739
1698	6693448
1698	3909184
1698	6066547
1698	3828649
1698	3833952
1698	8259053
1698	5695653
1698	2221171
1698	1141730
1698	647032
1698	7574487
248	5438118
248	4893701
248	1056784
248	1759343
248	4900213
248	1129819
248	1421147
248	3695018
248	8608604
248	5204693
248	18774
248	6724781
248	2840662
248	3095510
248	2186805
248	2688760
248	7401966
248	5522645
248	4889339
248	5309080
248	1176352
248	7531011
248	2760909
248	3109875
248	1866119
248	8146138
248	5041609
248	1609374
248	1301717
248	1813409
248	2152680
248	2755198
248	7221507
248	6896625
248	3897546
248	6359011
248	947832
888	4006261
888	1295526
888	6052873
888	7479120
888	1748937
888	1081484
888	1966283
888	2614756
888	7665700
888	632609
888	2540034
888	7949578
888	1269357
168	4811159
168	1611270
168	7271623
168	1290099
168	278789
168	5961669
168	6224428
168	5258459
168	5720038
168	572550
168	4043008
168	6564402
168	7497707
168	1642461
168	6406674
168	1712550
168	7258943
168	5857589
168	5927213
168	4850405
168	2550837
168	3152202
168	6403771
168	3730544
168	3929127
168	7640819
168	4068833
46	5418102
46	8408655
46	4935729
46	6270589
46	1427962
46	868651
46	2756522
46	394617
46	3146907
46	3859500
46	1732831
46	2361075
46	3633272
46	2015771
46	3674465
46	5978031
46	8397373
46	2860545
46	6638454
46	4762309
46	607702
46	8493191
46	6805696
46	1697084
46	5355442
46	1661430
46	3308512
46	1307144
46	8874804
46	6956249
46	3699298
46	841813
46	7763518
46	3044547
46	6630085
46	7494950
46	3547808
46	1592840
46	5541173
46	4531914
46	8894859
46	8180119
46	262036
46	7555202
46	5720151
46	7849000
46	4177955
46	5807255
46	7514147
46	2852815
46	7780989
46	553754
46	7218321
46	8928319
46	4449271
46	3305474
46	1484134
46	2939703
46	5600651
46	7592972
46	3676745
356	3493230
356	3918596
356	958129
356	8262142
356	366085
356	3172090
356	3447146
356	1273553
356	2700714
356	5528671
356	4355705
356	7393158
356	916397
356	4992842
356	3788005
356	3904956
356	8839625
356	4872837
356	2188707
356	1451172
356	7122458
356	3054625
356	6381349
356	5146009
356	3392293
356	8222569
356	2890965
356	2111586
356	1488384
356	8745817
356	8869807
356	5491461
356	2663296
356	2793335
356	5908234
356	2697467
356	7400437
356	4866193
356	1894098
356	7327837
1069	921689
1069	2555883
1069	7209832
1069	3480110
1069	1938905
1069	4423407
1069	6392414
1069	2188635
1069	2609599
1069	1133635
1069	5513073
1069	2727575
1069	7649612
1069	8361209
1069	4880573
1069	3558889
1069	201575
1069	7459709
1069	4419730
1069	8804177
1069	5833584
1069	5767548
1069	3723006
1069	4734847
1069	745248
1069	978807
1069	6224260
1069	7043690
1069	3684613
1069	6237182
1069	639607
1069	439100
1069	3395792
1069	5151172
1069	584165
1069	7533681
1069	7712503
1069	6877027
1069	2552046
1069	2525937
1069	1454738
1069	3003186
1069	290623
1069	303919
1069	3549936
1069	5803438
1069	6565322
1069	1875020
1069	2460020
1069	6631626
1069	4995270
1069	3675042
565	7816502
565	1689847
565	2631966
565	871744
565	7749152
565	166135
565	1819357
565	3190337
565	7287081
565	8921896
565	3672319
565	4316554
565	4642614
565	4621630
565	4481077
565	1336598
565	7616441
565	2387960
565	2961528
565	6698760
565	1779414
565	1912572
565	544394
565	7658117
565	6459563
565	8372938
565	5000846
565	5048615
565	700959
565	7709234
565	4679373
565	4268494
565	8087916
565	4656415
565	966822
565	7518840
565	4947537
565	7825297
565	4692859
565	3143759
565	5674380
565	3546395
565	4106461
565	7583858
565	7964281
565	6772681
565	4135526
565	5187586
565	7517145
565	7641013
565	2555432
565	4615143
565	4234970
565	6248974
565	7959078
565	5903682
565	5207836
565	1385167
565	7182163
565	5264533
565	6778343
565	5090865
565	1820420
565	2965701
565	2895463
565	8366723
565	2064515
565	1519125
565	6921455
565	2751020
565	163096
565	5032567
565	2038042
575	8032826
575	2106918
575	1781584
575	4534820
575	49383
575	39129
575	5540546
575	301117
575	1248120
575	2626358
575	6026207
575	5008254
575	1316227
575	1532383
575	2698329
575	8021808
575	6318184
575	6481288
575	8459803
575	8315159
575	8893199
575	3315400
575	8725599
575	3320150
575	548784
575	131855
575	7164110
575	7565027
575	3999614
575	6506612
575	131571
575	953905
575	886857
575	8137620
575	7840461
575	8351473
575	8302164
575	280957
575	3251744
575	8559054
575	2799206
575	191786
575	542445
575	6551483
575	6240888
575	3462761
575	6765899
575	4557352
575	1531317
575	6514322
575	7917515
575	3822638
575	3657597
575	5703537
575	6089590
575	3368034
575	7810391
575	7961455
575	3470012
575	2487289
575	720848
575	5913786
575	3227370
575	6384585
575	2063942
575	7831332
575	8266243
575	4809820
575	6941613
575	7921337
575	5523760
575	2504236
575	7682998
575	1416235
575	5366206
575	7566128
575	226042
28	8296225
28	2398761
28	2653965
28	7349634
1253	2367783
1253	7211756
1253	7378871
1253	7994523
1253	5489965
1253	8073370
1253	5566956
1253	2209454
1253	1934930
1253	5763914
1253	8262073
1253	6881299
1253	6917206
1253	5807527
1253	1565972
1253	1257402
1253	4116437
1253	3862255
1253	5291366
1253	3552990
1253	4769610
1253	6984376
1253	145948
1253	2019052
1253	1338227
771	7179994
771	3702669
771	7915188
771	4021809
771	6996788
771	5972919
771	7086360
771	5400578
771	6323005
771	319049
771	6206282
771	5619485
771	4912929
771	7558689
771	4963620
771	6210997
771	39343
992	7168719
992	5757969
992	1518678
992	2776422
992	6971252
992	4589606
992	3081583
992	1493121
992	1748161
992	8056800
992	7112473
992	4095095
992	8138798
992	1784539
992	2897488
992	2599805
992	2487263
992	8079085
992	3751041
992	6143553
992	5419369
992	7451844
992	3763130
992	6460345
992	8324987
992	8659746
992	6386975
992	6954076
992	3979393
992	3856771
992	8292274
1434	4490589
1434	93634
1434	134934
1434	3360609
1434	7665421
1434	4790725
1434	5586488
1434	3148234
1434	1999495
1434	6751994
450	8244719
450	6624435
450	5609785
450	5353650
450	8843652
450	3206508
450	5315152
450	403903
450	4084184
450	555321
450	2969515
450	1952691
450	5937231
450	2518274
450	890947
450	1645528
450	4243120
450	1459166
450	698070
450	1589866
450	2474919
450	1779570
450	47342
450	2270710
450	7576815
450	2806221
450	7061874
450	1270053
450	6683956
450	7219781
450	1234661
450	5328524
450	1465732
450	5662150
450	7563333
450	6221498
450	1029417
450	7622957
450	2628466
450	1225554
450	3670830
450	4780587
450	7066829
604	3733765
604	4857652
604	4047539
604	833861
604	5439552
604	1277783
604	264741
217	1499272
217	7125950
217	2196578
217	6525459
217	6319407
217	1780262
217	7771164
217	2649587
217	3772797
217	7974057
217	468089
217	3958620
217	6806049
217	6667909
217	2500837
217	4240895
217	3478248
217	7515074
217	146955
217	2268117
217	236694
217	3152398
217	3920658
217	7251811
217	7603512
217	799444
217	2074841
217	755573
217	956624
217	5240617
217	2509980
217	6478380
217	3279721
217	8733139
217	2680539
217	1406348
217	785568
217	3328846
217	7434814
217	2314245
217	8576537
217	345162
217	1295688
217	5885511
217	7819399
217	4751962
217	1824378
217	3937852
217	7770719
217	1636402
217	77178
217	1142010
217	5269959
217	1272741
217	1677088
217	5986340
217	5564274
217	7846037
217	7242111
217	2808670
217	7404850
217	2752295
217	1864939
217	6580602
217	4593821
217	5577274
217	2842842
217	1772179
217	3866055
217	8545942
217	1609680
217	8792041
217	2772938
217	4758089
217	2782562
217	4522949
217	403492
217	5314573
217	654217
217	3691778
1601	8194356
1601	512598
1601	5655824
1601	2622716
1601	2805129
1601	3526
1601	7679626
1601	8900074
1601	6227665
1601	4281149
1601	7014908
1601	6755595
1601	636337
1601	4198123
1601	3750260
1601	7102371
1601	6419470
1601	339346
1601	3241992
1601	3879578
1601	2324401
1601	1573525
1601	2200886
1601	2211626
1601	1296261
1601	8510823
1601	4343389
1601	3967188
1601	3800476
1601	322693
1601	5093452
1601	8384119
1601	2199280
1601	7965422
1601	40395
1601	5934863
1601	1622737
1601	2725957
1601	8578811
1601	5454164
1601	8175231
1601	3254383
1601	4387966
1601	163306
1601	96931
1601	7301496
1601	3170985
1601	905664
1601	3688696
1601	464080
1601	26780
1601	8227065
1601	2401042
1601	5902578
1601	4664610
1601	3017769
1601	7613594
812	4658179
812	4083496
812	3260094
812	3129827
812	1302583
812	3550104
812	5327364
812	8627163
812	534945
812	3306540
812	2163136
812	1291723
812	8762945
812	4324201
812	2048105
812	2184490
812	37613
812	1463314
812	3283511
812	7275511
812	2382669
812	3857047
812	3203608
812	6625600
812	4870270
812	5709660
909	414576
909	3069134
909	3365024
909	5032903
909	6790976
909	8883002
909	799935
909	3478544
909	1158818
909	6388522
909	894189
909	8274426
909	755255
909	4844832
909	6100973
909	1091190
909	2080776
909	4812548
909	6048031
909	19357
909	4006673
909	2164326
909	3609455
909	4254754
909	4691146
909	5181057
909	5737905
909	3154942
909	1917377
909	8104029
909	7031104
909	7546321
909	4143976
909	2086658
909	2955943
1299	4048037
1299	8048363
1299	48007
1299	7980427
1299	6676479
1299	6263652
1299	3829229
1299	3234948
1299	5865237
1299	4532262
1299	1473819
1299	8367616
1299	311565
1299	2960806
1299	8683778
1299	1143173
1299	1950517
1299	6127226
1299	8668224
1299	1692161
1299	607232
1299	759226
1299	2473033
1299	5917740
1299	3902669
1299	4735114
1299	681970
1299	6845114
1299	1671824
1299	812672
1299	4196835
1299	2707546
1299	4055841
1299	4675520
1299	5093537
1299	2406406
1299	5780869
1299	929955
1299	1670300
1299	1092791
605	3093958
605	5802018
605	8712952
605	1997697
605	7712372
605	1637866
605	7627679
605	2578488
605	3883148
605	230843
605	538967
605	8096901
605	7777917
605	4186506
605	1617946
605	5436107
605	1602551
605	7129395
605	1365990
605	2032468
605	416646
605	133029
605	8926365
605	1546018
605	422825
605	7652600
605	3381171
605	2998940
605	8865195
605	8584608
605	8760150
605	7145873
605	7337640
605	4797660
605	6760898
605	3769193
605	8347585
605	6020331
605	4264537
605	6968213
605	5142372
605	4257058
605	2153079
605	7348065
605	6833948
605	2790726
605	6588786
605	612139
605	8500096
605	8009036
605	6527231
605	1147510
605	4263637
605	5010204
605	6721938
605	1376754
605	2696552
605	518185
605	8336246
605	4861603
605	1850647
605	1161097
605	580520
605	5330945
605	4167510
605	255227
605	129714
605	1055183
605	766819
605	8372171
605	7445871
605	2518104
1262	3443806
1262	3465992
1262	7576342
1262	5362120
1262	3858980
1262	8851475
1262	3398849
1262	6924814
1262	7280572
1262	3758908
1262	5678651
1262	5834670
1262	4902042
1262	5432687
1262	4847887
1262	3875276
1262	678964
1262	5546431
1262	1702250
1262	4815731
1262	5072653
1262	7563677
1262	6064427
1262	8886713
1262	2155378
1262	8112333
1262	1719369
1262	6831256
1262	5782487
1262	2598660
1262	987739
1262	3155751
1262	8933651
1262	2855271
1262	1686399
1262	4970594
1262	4464670
1262	3409572
1262	5849722
1262	3962480
1262	530333
1262	1075675
1262	6679830
1262	352781
1262	3769501
1262	1052997
1262	8169141
1262	1917198
1262	1939707
1262	579317
1262	503707
1262	1419520
1262	7149509
180	6554765
180	3062421
180	5650041
180	8332240
180	7737900
180	7238471
180	3222842
180	2776801
180	8179238
180	7235717
180	7117547
180	6616452
180	5097720
180	6335937
180	7482375
180	5872043
180	1497138
180	1543489
180	3677348
180	4597163
180	6704322
180	6845126
180	5627911
180	6246133
180	549324
180	8062072
180	1544573
180	6481124
180	8624441
180	1350793
180	2146735
180	6563355
180	1025740
180	7669114
180	1108512
180	4678186
180	7116750
180	2214804
180	5458117
180	4306777
180	6289021
180	5442462
180	4619332
180	5362284
180	890388
180	5347271
1002	8923385
1002	4205082
1002	7518039
1002	7208921
1002	3205884
1002	5466130
1002	6649741
1002	2401481
1002	1113195
1002	4992690
1002	5611785
1002	8236596
1002	2865024
1002	6984190
1002	477552
1002	5848659
1002	1058526
1002	2987513
1002	1745504
1002	17852
1002	6094705
1002	6886494
1002	1588089
1002	5514631
1002	7897735
1002	8690978
1002	4366372
1002	7874688
1002	3619669
1002	3268521
1002	4701083
1002	2461773
1002	8854453
1002	3394670
1002	2658616
1002	1830571
1002	6710194
1002	7641724
1002	8889013
1002	4652864
1002	5362529
1002	13884
1002	1752773
1002	7421901
1002	8616946
1002	3660002
1002	650289
1002	899722
1002	8160599
1002	4899584
91	7405673
91	1336608
91	5826052
91	855772
91	7021738
91	3465401
91	3709306
91	5364746
91	8371930
91	4959461
91	2511257
91	4388462
91	3702341
91	6604674
91	4668716
91	5546136
91	7988819
91	4077865
91	2279421
91	7365124
91	7736364
91	1274656
91	7751127
91	7235759
91	4799325
91	218883
91	1863949
91	5155389
91	5866239
91	2974844
91	5190808
91	6573604
91	6518359
91	3361543
91	2231874
91	3793956
91	4335574
91	7784378
91	6164680
392	2494173
392	3996736
392	3826602
392	934533
392	2119333
392	7163909
392	6421088
392	4306011
392	2116705
392	3426437
392	1731975
392	2507009
392	3571452
392	3174373
392	1615903
392	208066
392	6967654
570	926412
570	5254024
570	6351544
570	7552929
570	5572839
570	4656857
570	6988649
570	5415246
570	1378969
570	6719460
570	2137184
570	6071327
570	4788640
570	2792165
570	5818128
570	7025150
570	3950563
570	7701182
570	244298
570	448063
570	7119198
570	524345
570	8217962
570	4939170
570	7081803
570	3220016
570	7858576
570	6539867
570	8008084
570	6566626
570	1334928
570	2663448
570	1099024
570	684509
570	976670
570	1284257
570	2914900
570	2796158
570	4255266
570	5895345
570	5922559
570	676157
570	3893343
570	7437928
570	4129431
570	8006368
570	2780933
570	2235398
570	4591177
570	5221010
570	2191646
570	8548851
570	5678222
570	3853252
570	7757988
570	1854441
570	3159876
570	8847983
570	2959907
570	7940512
570	605663
570	3746375
570	792262
570	8087808
570	6841996
570	2521157
570	6271397
570	1617761
570	2299641
570	3905652
570	8801772
570	5590425
570	6553493
570	6393747
570	4050072
570	712055
1320	3724329
1320	8866589
1320	6965377
1320	3177946
1320	4833967
1320	4336638
1320	8647637
1320	7228597
1320	6339602
1320	3820683
1320	6737985
1320	8895524
1320	4724841
1320	3569703
1320	6088400
1320	13510
1320	4829989
1320	142513
1320	5428529
1320	668970
1320	1811777
1320	7435660
1320	3790392
1320	4608490
1320	6495617
1320	1787066
1320	4648607
1320	6187266
1320	7173213
1320	1925019
1320	2105220
1320	7618154
1320	4613921
1320	2546746
1320	7124445
1320	3414827
1320	1564641
1320	4419408
1320	8377858
1320	982228
1320	385642
1320	4598467
1320	159374
1320	2675711
1320	7065347
1320	2936924
292	4810573
292	6588543
292	5992260
292	5234026
292	6075925
292	7349249
292	7076615
292	8861825
292	4008237
292	4096088
292	4364286
292	3981877
292	7451775
292	5389463
292	3459376
292	5953937
292	8662172
292	6909662
292	5580062
292	6933835
292	509018
292	2581265
292	2308276
292	2854141
292	4682625
292	1142553
292	1256912
292	3716818
292	2622718
292	3988156
292	576189
292	472788
292	7442331
292	4059715
292	6663743
292	2216368
292	479226
292	3139076
292	1705820
292	4224781
292	54494
292	4851236
292	3923829
292	5105022
292	8428883
292	441348
292	1411541
292	8238717
292	1617297
292	1779838
292	3441853
292	7661403
292	8274082
292	57619
292	4627164
292	8845350
292	6121721
292	8299518
292	7873358
292	4127219
292	5119039
292	6708612
292	200945
242	8271861
242	2686155
242	4709284
242	8671208
242	216121
242	6532953
242	558934
242	1029930
242	8248960
242	3145942
242	3489283
242	5856406
242	1305774
242	288277
242	7099415
242	3413783
242	7703333
242	6458739
242	4189585
242	2781676
242	8647384
242	439309
242	2686082
242	5320638
242	4401030
242	5159913
242	5699940
242	6761968
242	5494054
242	6356598
242	6014446
242	4162796
242	7779494
242	5644669
242	4053078
242	125224
242	8130241
242	8086903
242	3702267
242	245548
242	5490701
242	6688514
242	2780510
242	1526098
242	3211561
242	1538200
242	5514944
242	1638290
242	4407351
242	703563
1255	6570881
1255	7185211
1255	4957514
1255	7950854
1255	7210187
1255	2333421
1255	5645298
1255	7460228
1255	3300905
1255	7351208
1255	1418693
1255	7653821
1255	1381009
1255	4000243
1255	5510853
1255	1844671
1255	8354867
1255	4257489
1255	2263373
1255	3590070
1255	5936481
1255	1424787
1255	2826188
1255	4589324
1255	4705306
1255	5044153
1255	2977479
1255	4385878
1255	8268089
1255	1925084
1255	5554236
1255	2050608
1255	6006902
1255	3560824
1255	1732636
1255	6897440
1255	7045633
1152	3156921
1152	8529269
1152	5455832
1152	3658704
1152	5579301
1152	74762
1152	3500911
1152	1697762
1152	1323280
1152	5311891
1152	7897246
1152	6859576
1152	4392957
1152	7493899
1152	8668623
1152	6462455
1152	8365958
1648	2684548
1648	4117060
1648	7905535
1648	1109155
1648	7839929
1648	63746
1648	6813151
1648	1218018
1648	8182902
1648	4053421
1648	898747
1648	3485800
1648	3555014
1648	4794328
1648	8246303
1648	877384
1648	5521253
1648	4986024
1648	1526330
1648	4703799
1648	3179874
1648	729939
1648	4287432
1648	6227616
1648	6159573
1648	1688110
1648	3726664
1648	6921635
1648	7027733
1648	4765156
1648	3552745
1648	5086873
1648	7283781
1648	8616263
1648	4150272
1648	7735326
1648	7978808
1648	1570554
1648	6397238
1648	2889184
1648	4822825
1648	3978831
1648	7538197
1648	5633377
1648	7968465
1648	1253674
1648	3914226
1648	6702011
1648	1840630
1648	3959011
1648	1106789
1648	1708119
1648	1793031
1648	7749577
1648	3020893
1648	5972823
1648	4154069
1648	8534006
1648	7330848
1648	3793577
1648	8545743
1648	5670439
1648	2813178
1648	3706025
1648	718661
1580	6138498
1580	3696559
1580	4354003
1580	4385613
1580	3141436
1580	7494897
1580	6880655
1580	6038624
1580	3623701
1580	6894400
1580	853642
1580	4803410
1580	5838611
1580	519948
1580	1746756
1580	6716608
1580	4511490
1580	6924714
1580	533006
1580	4719598
1580	4583539
1580	7328993
1580	5439941
1580	855992
1580	2581909
1580	4449561
1580	4465157
585	5647967
585	8733566
585	6698018
585	1617345
585	8334615
585	7079127
585	6460044
585	6811636
585	2796849
585	1759077
585	4232068
585	4861876
585	8424649
585	86506
585	3758635
585	7994963
585	3283635
585	2940550
585	2627440
585	3285005
585	1266283
585	3259499
585	7724644
585	7162075
585	5672010
585	8793563
585	2352411
585	781878
585	3102988
585	6842469
585	5930492
585	6309371
585	6642517
585	7486006
585	1930941
585	7635181
585	6358964
585	1921948
585	5046946
585	2224424
585	5503171
585	8436050
585	2150776
585	6665492
585	2494349
585	1530449
585	5364332
585	7249034
585	7910831
585	8129701
585	277164
585	6874571
585	2033072
585	3593762
585	8711128
585	8177384
585	7662562
585	995877
585	8000954
585	7397077
585	6109492
585	8017181
585	2953402
585	127024
585	855127
585	5992741
585	5017150
585	5408989
585	603516
585	865913
585	3719610
585	3611161
585	5692723
585	1430088
585	450165
585	540258
585	4222004
585	550831
585	2068072
585	1659604
1753	6445863
1753	4865507
1753	6571766
1753	2576053
1753	8477637
1753	2758115
1753	229040
1753	4901188
1753	5608701
1753	3506148
1753	7776570
1753	429094
1753	2309723
1753	6401118
1753	1131823
1753	8241771
1753	7310479
1753	826822
1753	5866016
1753	128438
1753	7025757
1753	2382832
1753	493178
1753	7552734
1753	2524552
1753	664937
1753	1463612
1753	7017808
1753	1373104
1753	8087517
1753	6247359
1753	51951
1753	6293815
1753	7805227
1753	2475846
1753	6050530
1753	6990366
1753	316016
1753	1283039
1753	4763780
1753	3903789
1753	1825303
1753	1000220
1753	7503303
1753	7417311
1753	4844835
1753	3559174
1753	2656962
1753	3721255
1753	4206018
1753	3632980
1753	6029778
1753	5408816
1753	602794
1753	6434455
1753	7885189
1753	490987
1753	6969947
1753	1393151
1753	3456945
1753	8925373
1753	480603
1753	8001097
1753	6944569
1753	6412277
1753	6044597
1753	2646885
1753	4805388
1753	8710400
1753	1144226
1753	2766559
1753	1446515
1753	5577164
267	8810054
267	2717413
267	8743643
267	3329116
267	2154240
267	1972335
267	2015149
267	8257446
267	3311091
267	7010022
267	2395449
267	7106263
267	4903138
267	8876135
267	2195879
267	5998379
267	8924297
267	7302212
267	5018915
267	6376360
267	5887460
267	4941325
267	4054565
267	7351245
267	5850906
267	835190
267	4635392
267	6395089
267	929903
267	4575688
267	8819549
267	5352231
267	8236543
267	6987106
267	6892245
267	5579204
267	804527
267	5461533
267	5121868
267	5547317
267	7552525
267	6183860
1040	8240464
1040	5048055
1040	4587256
1040	6803630
1040	7747354
1040	6787067
1040	8869741
1040	3798438
1040	2139136
1040	4049260
1040	8195216
1040	4920527
1040	6760202
1040	2927553
1040	2822207
1040	4089681
1040	1394493
1040	489614
1040	688150
1040	6228013
1040	2045397
1040	5634862
1040	4582139
1040	6954043
1040	4297111
1040	5660268
1040	6118492
1040	2872910
1040	4429926
1040	5372852
1040	7098758
1040	2713222
1040	8142416
1040	7786569
1040	8705295
1040	2164436
1040	3710495
1040	8257300
1040	5263110
1040	6413391
1040	5741478
1040	6434779
1040	535536
1040	3326186
1040	1096860
1040	3239952
1040	1495352
1040	2069293
1040	2843457
1040	1516
1040	8100733
1040	278198
1040	6391185
1040	1503033
1040	4119637
1040	8644839
1040	2481903
1040	3956423
1040	7421710
1040	161122
1040	2885672
1040	7940976
1040	3404789
1040	7572470
1040	8700539
1040	7423024
1040	1807932
1040	2229106
1040	4230077
1040	5026498
1040	5987775
1040	871805
1040	2375313
1040	1778269
1040	7859750
1040	1452873
572	1198162
572	365838
572	1680475
572	2619424
572	4168052
572	5238375
572	1842439
572	2646419
572	4004385
572	1158666
572	1573713
572	3889690
572	7616125
572	2206437
572	8801467
572	5838308
572	5702492
572	5204479
572	5895903
572	3997836
572	4013932
572	688765
572	3322316
572	3428161
572	8809872
572	2680294
572	4963877
572	2887729
572	6612765
572	6580789
572	7030583
572	263592
256	4641694
256	2335502
256	5730739
256	5343357
256	1208251
256	807075
256	5359535
256	8336323
256	5653421
256	2441191
256	7410234
256	2917612
256	560214
256	2433712
256	8016966
256	1851935
256	5546456
1337	3418586
1337	3442528
1337	693812
1337	6669337
1337	6976040
1337	6890828
1337	8218011
1337	1239007
1337	5088398
1337	1095787
1337	6636250
1337	8144100
1337	2721792
1337	7972381
1337	2557681
1337	1197848
1337	1851605
1337	1288493
1337	7058664
1337	2405599
1337	2547646
1337	121679
1337	3102597
1337	1398247
1337	6105272
1337	3901027
1337	2785245
1337	7157631
1337	976628
1337	7829732
1337	8126535
1337	4957071
1337	5212629
1337	5059806
1337	6945478
1337	264828
1337	8582369
1337	3923616
1337	1437415
590	5004073
590	1267479
590	5322172
590	8387277
590	8378134
590	7154473
590	2757893
590	4275461
590	1022148
590	6443995
590	6746427
590	609659
590	7926850
590	5030186
590	1749915
590	906052
590	1109468
590	6775857
590	6492429
590	6015035
590	7171452
590	6663267
590	4676415
590	38663
590	1932930
590	1133531
590	987840
590	4539301
590	8110882
590	866873
590	4443935
590	2479604
590	4857326
590	4570746
590	4552912
590	658320
590	4721113
590	5625464
590	4900676
590	4451842
590	269999
431	3964893
431	6320290
431	8199238
431	3090394
431	3721691
1783	5193071
1783	4369071
1783	8920794
1783	7322933
1783	862256
1783	4637241
1783	4758458
1783	5809952
1783	960995
1783	4157159
1783	630585
1783	170710
1783	3268416
1783	1958959
1783	7016217
1783	7249972
1783	5803829
1783	3289804
1783	3538959
1783	4315049
1783	501454
1783	535682
1783	4107043
1783	3262025
1783	6894157
1783	5449842
1783	59901
1783	7205237
1783	4046064
1783	5242043
1783	6732618
1783	6435640
1783	6554541
1783	7960557
878	6111039
878	5851937
878	5171336
878	8366212
878	1278194
878	4580559
878	7022944
878	1147099
878	1073485
878	2333978
878	3106235
878	5550231
878	1318487
878	7468541
878	5051827
878	6927654
878	4069772
878	3713813
878	959953
878	4055389
878	6965150
878	8025599
878	5895197
878	3612177
878	1726101
878	6372065
878	4836673
878	7629339
878	8749465
878	7193677
878	5993720
878	7331524
878	3507824
878	1827162
878	7906534
878	5652960
878	2961929
878	2198884
878	2576803
878	2431541
878	7796948
878	7668756
878	3837053
878	4483062
878	6473094
878	2845051
1198	4878678
1198	5109379
1198	3162534
1198	549306
1198	2969025
199	4365247
199	3681028
199	8495491
199	3305651
199	1099736
199	8154719
199	8049421
199	8582758
199	6775611
199	6286803
199	1256179
199	2454965
199	774779
199	2372508
199	626295
199	483748
199	8918878
199	6807826
199	8806730
199	7927984
199	3078754
199	6480115
199	7037263
199	6635039
199	645743
199	4154044
199	8849659
199	1045257
199	1790447
199	8932642
199	3160667
199	7305044
199	2670760
199	4652175
199	1331124
199	1593115
199	1023689
199	5747293
199	3099567
199	6144315
199	3280889
199	6538542
199	5638418
199	1812210
199	8375503
199	4910043
210	6424155
210	5345953
210	3005917
210	4053255
210	2023570
210	1316147
210	7703816
210	8196207
210	7348013
210	3169841
210	5731809
210	869921
210	1046196
210	4378222
210	8175102
210	1487081
346	91346
346	1658422
346	4041878
346	8915612
346	388136
346	2209982
346	5134581
346	5983020
346	4516445
346	5433205
346	6476445
346	2475969
346	4394568
346	8182573
346	7849920
346	3970950
346	7398420
346	6824557
346	1789487
346	5393933
346	3762517
346	5179973
346	3271268
346	1817884
346	107552
346	621961
346	5553193
346	8427373
346	3801524
346	4384582
346	8168315
346	1891017
1789	2766873
1789	3933457
1789	5625742
1789	2353170
1789	7325612
1789	4552647
1789	981733
1789	1577655
1789	865414
1789	4306149
1789	8499564
1789	3891943
1789	5585948
1789	5021264
1789	8855739
1789	6928662
1789	3640800
1789	2886056
1789	2594407
1789	2293016
1789	3722533
1789	3007145
1789	6978613
1789	2405245
1789	4443631
1789	2434734
1789	1449967
1789	2424798
1789	4249286
1789	5172093
1789	8226272
522	2697070
522	4445018
522	1600713
522	4875783
522	2837687
522	2412157
522	2261894
522	7312241
522	2813323
522	1384188
522	3487200
522	1756556
522	6305799
522	5631445
522	5593058
522	3936761
522	7192613
522	8649689
522	3157262
522	2245097
522	3366385
522	131323
522	4995128
522	4657766
522	2834143
522	3432064
522	7353786
522	5884600
522	2363647
522	665026
522	6036391
522	4258597
522	6978058
522	3151170
522	4809101
522	1949831
522	4636532
522	6970480
522	4550311
522	6056678
179	4677286
179	1012221
179	2211390
179	6357847
179	943874
179	3680404
179	6897104
179	6015820
179	3713819
179	794321
179	6809732
179	5127846
179	5931451
179	7030615
179	4358094
179	5560864
179	4156601
179	959208
179	5333733
179	8112286
179	5173415
179	5280433
179	3897264
179	4109716
179	7190799
179	6880243
179	4766528
385	169836
385	5127363
385	7421698
385	8836838
385	8749797
385	4119081
385	6436198
385	8741141
385	3293191
385	7017032
385	7154211
385	2413657
385	7036880
385	8797214
385	5305181
385	8007858
385	1046799
385	3834377
385	938635
385	5127927
385	3092518
385	7802551
385	3346760
385	1384218
385	8361061
385	3336001
385	4460433
385	1201289
385	863514
385	1092371
385	5233254
385	2354717
385	8905627
385	4718191
385	4567924
385	7923006
385	4750363
385	8701760
385	7206493
385	844286
385	2575507
385	3216842
385	711138
385	8606727
385	1162808
385	1295420
385	1779908
385	6775873
385	154086
385	5948043
385	2774217
385	372769
385	255866
385	1077565
385	4714073
385	6486943
385	1856987
385	776607
385	696326
385	2214514
1585	370295
1585	3081140
1585	8797636
1585	8099174
1585	1772788
1585	7336803
1585	3695159
1585	5449979
1585	1990288
1585	2539837
1585	835626
1585	2195469
1585	4747235
1585	6595402
1585	6143830
1585	7068679
1585	5787912
1585	8390889
1585	7813129
1585	4841454
1585	5478798
1585	4746255
1585	2398525
1585	3121550
1585	3420781
1585	6746125
1585	4249350
1585	2447769
1585	3318799
1585	6942957
1585	8859192
1604	2106040
1604	7352090
1604	241329
1604	5443101
1604	525851
1604	2606640
1604	4221514
1604	8529038
1604	4120196
1604	8299352
1604	1793685
1007	3180761
1007	3155550
1007	223148
1007	4699857
1007	5593994
1007	3087742
1007	7677085
1007	4741187
1007	6119232
1007	4049565
1007	6109822
1007	4905851
1007	8817078
1007	4733788
1007	1669405
1007	2485960
1007	4908918
1007	1922046
1007	3095598
1007	292439
1007	5362497
1007	5787602
1007	3443165
1007	3342465
1007	3020964
1007	4128368
1007	329433
1007	6662795
1007	4943884
1007	4489280
1007	3430434
1294	3154399
1294	8421542
1294	1882331
1294	4339151
1294	82499
1294	3520078
1294	1507064
1294	6771767
1294	2809668
1294	3898784
1294	3663949
1294	5934319
1294	4936878
1294	2575216
1294	8319524
1294	7927314
1294	3645808
1294	6072557
1294	7165225
1294	1713100
1294	7856989
1294	1155897
1294	6602368
1294	2807531
1294	254005
1294	3313969
1294	2387191
1294	3330298
1294	3528380
1294	1292716
1294	583669
1294	4603867
1294	1155367
1294	704435
1294	3382403
1294	2068269
1294	8792091
1699	5949521
1699	8415717
1699	8456659
1699	5623283
1699	4124684
1699	7389280
1699	2085702
1699	1550177
1699	5729223
1699	2119492
1699	5923507
1699	4499182
1699	2097698
1699	1185561
1699	4843233
1699	7859328
1699	89865
1699	7113065
1699	3525038
1699	2823538
1699	34207
1699	8672074
1699	1318667
1699	7120847
1699	2367637
1699	1235854
1699	735258
1699	2961029
1699	691742
1699	6954291
1699	1129561
1699	2503232
1699	7289855
1699	554871
1699	3511878
1699	4655206
1699	2646818
1699	8157936
1699	5772855
1699	6691907
1699	4719580
1699	8914558
1699	2152088
1699	7108945
1699	8254175
1699	3503558
1699	5398905
1699	404877
1699	1079784
1699	5213999
1699	5235648
1699	3281043
1699	337532
1699	7568603
1699	5395874
1699	5457087
1699	2482717
1699	3540055
1699	4668686
1699	6413275
1699	4865891
1699	1893424
750	8721843
750	719901
750	66706
750	1903967
750	3741444
750	80418
750	6986899
750	694503
750	4823068
750	2908777
750	6785083
750	3758393
750	231276
750	795970
750	8101687
750	4261674
750	8431349
750	143066
750	2443668
750	2107013
750	1483264
750	8096449
750	8833741
750	5314208
750	4630914
750	46071
750	3972322
750	4061004
750	1305185
750	5352397
750	3664359
750	8436742
750	2988736
750	8202468
750	7986426
750	7363421
750	6730316
750	3464332
750	3521823
750	2059317
750	1211829
750	1315158
524	1143014
524	5633341
524	3948269
524	3037296
524	373238
524	1554172
524	707985
524	4084913
524	3490514
524	6842386
524	8890377
524	2738864
524	6995247
524	980038
524	7529984
524	4585655
524	8441573
524	7297138
524	8432931
524	7892210
524	2128379
524	8633564
524	8105967
524	2891854
524	1880073
524	8491771
524	1077652
524	5710859
524	6460320
524	1885439
370	1129909
370	2521511
370	4512157
370	7277599
370	7977196
370	4247362
370	6748697
370	3445541
370	1228767
370	2783937
370	7209117
370	3187428
370	1294313
370	3629211
370	8186728
370	4059617
370	6269096
370	2828081
370	8048115
370	8815179
370	4804646
370	3197731
370	1973653
370	3748658
370	4158989
370	6007962
370	4645232
370	4532431
370	2128681
370	8151271
370	8076051
370	1086812
370	7072439
370	3337404
370	7989548
370	7350679
370	3838927
370	8290503
370	4755995
370	2070299
370	6156431
370	5786983
370	7884737
370	181573
370	7958318
370	7717878
370	531775
370	1161920
370	3926286
370	8463804
370	1449073
370	7655422
370	695917
370	5240349
370	7989477
370	3626285
370	7826735
370	1958511
370	7761279
370	3567736
370	8020001
370	6388297
370	5413141
370	7922240
370	860200
370	3518877
370	762724
1169	6418408
1169	5782543
1169	7002342
1169	2728775
1169	3511673
1169	4461969
1169	5927717
1169	3174289
1169	3003925
669	8015685
1523	8085032
1523	4391568
1523	465637
1523	6672407
1523	1724252
1523	7168903
1523	5566373
1523	4922161
1523	5889013
1523	6851789
1523	7090819
1523	6903360
1523	4359279
1523	592379
1523	257986
1523	8176395
1421	6443613
1421	6822272
1421	3600000
1421	2425771
1421	7770499
1421	2928000
1421	6859018
1421	4252670
1421	6296982
1421	7655456
1421	3285880
1421	8229863
1421	860057
1421	4552887
1421	1123909
1421	4898554
1421	1776709
1421	2658910
1421	2181798
1421	8635402
1421	3916098
1421	3059153
1421	437839
1421	5270328
1421	1735032
1421	2899771
1421	3089985
1421	3884595
1421	5979379
1421	30129
1421	3360567
1421	7859377
1421	1630609
1421	7428956
1421	2423758
1421	2718861
1421	139295
1421	3715536
1421	577333
1421	230816
1421	7220540
1421	6665985
1421	4998972
1421	7379928
691	2061609
691	8502138
691	3826055
691	4656249
691	6435092
691	3820408
614	6268700
614	6112548
614	4833419
614	4742321
614	4225720
614	2550759
614	5482461
614	5385165
614	2301908
614	1936131
614	4058465
614	5774657
614	1986466
614	8674432
614	8457930
614	3131082
614	6451574
614	8541994
614	1672250
614	7715790
614	8827872
614	2515508
614	318798
614	6559394
614	8440187
614	8469042
614	2126801
614	3060515
614	4531220
614	6824794
569	1690070
569	5151669
569	8465111
569	8037601
569	7220099
569	5011912
569	6806111
569	8896290
569	6511263
569	4580336
569	2211994
569	3759110
569	2426777
569	7619927
569	1516536
569	908332
569	7218423
569	2761623
569	7194989
569	794339
569	8158709
569	5105724
569	8786394
569	6804843
569	8053332
569	575895
569	5282754
569	8924724
569	1737128
569	5319547
569	228968
569	4617723
569	5270555
569	3485977
569	4242315
569	6591309
569	7373071
569	5748915
569	3324959
569	8043637
569	3845844
569	5460345
569	6452664
569	7227278
569	5009484
569	4534636
569	7893983
569	6760647
569	6936376
569	508393
569	1213471
569	3006830
569	5853489
569	6304458
569	4629544
569	1063366
569	4955906
569	7842796
569	7773256
569	735651
569	1424810
569	2782152
569	5007114
569	1340101
569	3999949
569	8289036
983	8859883
983	7531770
983	2339393
983	4995609
983	982489
983	4154268
983	5230876
983	8510152
983	5104166
983	5321192
983	5673307
983	3408617
983	8354621
983	3940141
983	6028769
983	6180076
983	2760073
983	6352102
983	6042477
983	6463977
983	3448184
983	7812553
983	5749745
983	6288249
983	1219819
983	8127754
983	8821776
983	2174187
983	1551682
983	5103427
983	4993647
983	6959081
983	3588062
983	5217020
983	2808687
983	2854636
983	8730988
983	5056686
983	4208752
983	6262118
983	3900606
983	6224950
983	5161525
983	1058532
983	7462246
983	2672216
983	4775299
983	2613138
983	7729461
983	1324552
983	4899777
983	207949
983	5617587
983	8580134
983	2593704
983	1899000
983	4081808
983	8704352
983	8526053
983	8746168
983	813649
983	1319430
983	7102674
983	4951188
983	3615108
983	4932727
983	4628410
983	1061222
983	3512355
983	7958407
1117	6701021
1117	4820255
1117	6587621
1117	4667681
1117	4705968
1117	3419592
1117	3505116
142	8584414
142	3568025
142	4731201
142	683100
142	3121570
142	4244250
142	3807010
142	807376
142	2918468
142	3926285
142	4185246
142	4182758
142	2549406
142	3730249
142	5783669
142	3188083
142	4904676
142	1669596
142	6412350
142	3417839
142	4839044
142	7709020
142	4103909
142	5306699
142	1688730
142	3655799
142	5848545
142	434596
142	76306
142	7293532
142	1846741
142	2558429
142	55526
142	5866055
142	2651111
142	4898546
142	137171
142	8229590
1067	7616246
1067	2209430
1067	3574246
1067	3805795
1067	315344
1067	4251118
1067	3696124
1067	895023
1067	121602
1067	7095344
1067	7191767
1067	1388634
1067	2323903
1067	1306718
1067	5574754
1067	6141356
1067	2081188
1067	5186354
1067	8770359
1067	6195659
1067	7771249
1067	7878934
1067	3257212
1067	6409090
1067	4594029
1067	6385714
1067	2477552
1067	5163717
1067	179630
1067	171413
1067	6532161
1067	8863688
1067	195841
1067	2440809
1067	311838
1067	120991
1392	4770474
1392	6377355
1392	1771363
1392	2394326
1392	7360190
1392	7024086
1392	6677194
1392	2565679
1392	282427
1392	7954099
1392	6235604
1392	4746452
1392	3057464
1392	3793191
1392	3715
1392	650897
1392	5430888
1392	3338049
1392	5168860
1392	3658679
1392	7901280
1392	7835892
1392	3263736
1392	176740
1392	964314
1392	4956506
1392	5319832
1392	1997476
1392	5954672
1392	7870341
1392	228149
1392	5667343
1392	5536797
1392	8873157
1392	2254447
1392	499757
1392	7346489
1392	1393098
1392	694533
1392	5143156
1392	8830289
1392	4851340
1362	7234803
1362	1528413
1362	591600
1362	1683487
1362	4652272
1362	4904149
1362	846229
1362	6029936
1362	5992947
1362	3425603
1362	5569788
1362	3853072
1362	5253101
1362	2444069
1362	7080489
1362	8454526
1362	324792
1362	7368249
1362	6258521
1362	7936509
1362	701081
1362	163415
1362	184969
1362	3319347
1362	3415701
1362	1661314
1362	6286125
1362	3740107
1362	947049
1362	6361238
1362	2311121
1362	2684333
1362	3958654
1362	8202015
1362	2224472
1362	1722412
1362	4200286
1362	5914726
1362	8581804
1362	7148206
1362	6298087
1362	3209507
1362	4816981
1362	8643702
1362	2663485
1362	3362087
1362	4109407
1362	836332
1362	3867796
1362	3898826
1362	4677729
1362	6102901
1362	3953044
1362	6428490
1362	671542
1362	3297560
1362	4741154
318	5968846
318	6387354
318	1941727
318	6889884
318	7725629
318	3484411
318	2019403
318	1402264
318	6316964
318	5286162
318	4472538
318	3808634
318	3365429
318	4977335
318	4958392
318	2415294
318	7312664
318	2129837
318	85623
318	2281185
318	3334231
318	5129634
318	8166438
318	6143435
318	433582
318	1050373
318	3700299
318	4929395
318	241121
318	3158399
318	6881635
318	980523
318	575581
318	1007003
318	3536777
318	4172114
318	1701859
318	8227961
318	6021390
318	1804605
318	6062338
318	2664172
318	7179401
318	4745457
318	2168930
318	8632663
318	2064394
318	5161965
318	8419068
318	3213612
318	5309054
318	1938535
318	3247232
318	5915014
318	844411
318	959474
318	6740792
318	2546866
318	7284131
196	2028818
196	8308662
196	1645352
196	4081090
196	6948467
919	195161
919	5540313
919	3196064
382	3067158
382	4278447
382	169734
382	893285
382	7943679
382	4072380
382	5346339
382	6767550
382	6903095
382	6174683
382	4508538
382	8226202
382	8244243
382	7447530
382	8351761
382	3016079
382	5177953
382	6510001
382	6843592
382	952957
382	2934750
382	4895551
382	1972515
382	553712
382	5255208
382	8112976
382	6509978
382	6275922
382	5241609
382	5525977
382	8249263
382	8533280
382	5992914
382	1762659
382	6962436
382	5003721
382	3643035
382	3583060
382	3599528
382	4709102
382	3035289
382	6937609
382	5533796
382	4517106
382	5623497
382	1953259
382	6439105
382	8021029
578	4973006
578	6743597
578	8853006
578	694629
578	7272942
578	4879140
578	5014558
578	1143527
578	1294532
578	5786164
578	8142903
578	8153431
918	3691084
918	790022
918	5085259
918	3988339
918	2062434
918	2357603
918	4724366
918	5900218
918	5643398
918	392470
918	3698030
918	8039712
918	6930805
918	5922967
918	6664342
918	2644638
918	4111236
918	4376705
918	2394478
918	7057341
918	286949
918	76886
918	8787476
918	2345954
918	1215799
918	3114975
918	8211917
918	5769070
918	5494769
918	8638438
918	2418637
918	8454939
918	355780
918	5015480
918	4510155
918	7001312
918	6255150
918	322913
918	7281249
918	5078182
918	5998539
918	3506362
918	3589492
918	2829268
918	865756
918	7276114
918	6272184
918	4698319
918	3432248
918	2955523
918	1328484
918	4387850
918	8474827
918	1540167
918	2419391
918	4942997
918	1054168
918	4812039
796	8712977
796	6848042
796	1348250
796	7947225
796	362944
796	1759130
796	4005650
796	7067775
796	8397190
796	6063366
796	8622351
796	577656
796	7401369
796	786634
796	2070463
796	7300473
796	5726028
796	946253
796	7624941
796	7660264
796	2392558
796	6685170
796	291584
796	1642556
796	5322066
796	2205759
796	495163
1030	7817700
1030	1115293
1030	980203
1030	1960501
1030	4933336
1030	1534254
1030	3758595
1030	8801376
1030	4547133
1030	327011
1030	7095290
1030	8241420
1030	5877196
1030	2459202
1030	8356205
1030	2003169
1030	6219709
1030	5284623
1030	5024577
1030	6106963
1030	6393319
1030	6994785
1030	4321467
1030	815237
1030	5392811
1030	5922413
1030	6500737
1030	5014835
1030	1721270
1030	3376053
1030	7044352
1030	7393751
1030	3968396
1030	4876049
1030	6643874
1030	2605
1030	281815
1030	567768
1030	4938381
1030	7552111
1030	7562391
1030	2482784
1030	4924046
1030	6319613
1030	2950618
1030	5897231
1030	3304504
1030	1344227
1030	6986400
1030	4342132
1030	7016940
1030	2875371
1030	6539065
1030	8240538
1030	5660508
1030	8612206
1030	6640701
1030	2360497
1030	325466
1030	691635
1030	8695059
1030	2750056
1030	1782292
1030	8762514
1030	7042916
1030	2580667
1030	2115591
1030	8508150
1030	6937671
1030	2059562
1030	3161009
1030	2412471
1030	7643506
1030	3885952
1030	3889746
1030	8225845
1030	7227392
1030	7690483
1030	466202
1030	4723028
863	5572700
863	2800395
863	8695411
863	6245511
863	6754862
863	4948892
863	4460215
863	8247309
863	7197396
863	6455731
863	8254384
863	4123652
863	233898
863	5713326
863	6369066
863	6494912
863	7406076
863	7537452
187	1022315
187	4610705
187	4998079
187	2398328
187	421588
187	6972947
187	5114278
187	3480189
187	1236811
187	2969522
187	6810846
187	7747924
187	6617824
187	2304434
187	6748488
187	4529045
187	3973047
187	3930926
1234	6631281
1234	5019553
1234	7221098
1234	5061099
1234	7755539
1234	6846540
1234	6448606
1234	934079
1234	5630858
1234	5430600
1234	2506196
1234	7960981
1234	1917542
1234	2860709
1234	1544306
1234	7482700
1234	236133
1234	6490978
1234	5354653
1234	746396
1234	5764731
1234	4348260
1234	7392448
1234	5088991
1234	7833782
1234	6792129
1234	5444000
1234	1543370
1234	3981332
1234	257204
1234	3155399
1674	5719663
1674	7037073
1674	7779715
1674	3199607
1674	905683
1674	8024605
1674	5565011
1674	669512
1674	5320784
1674	2590453
1674	8418175
1674	4633424
1674	651148
1674	8841229
1674	708377
1674	2888926
1674	1656578
1674	6479787
1674	8640235
1674	2094012
1674	6193222
1674	8470432
1674	560918
1674	4580771
1674	1443425
1674	7586548
1674	5126427
1674	1728166
1674	60099
1674	2316386
1674	5106138
1674	8097865
1674	1407966
1674	1307377
1674	1226929
1674	1230424
1674	5020052
1674	7135930
442	2597292
442	5791078
274	5452934
274	1944634
274	3382786
274	3405160
274	5571221
274	1065085
274	6090384
274	784818
274	7939567
274	8213489
274	6313516
274	8442135
274	3879284
274	302499
274	2719070
274	4560630
274	8504002
274	7434237
274	920019
274	3684994
274	6825794
274	7040884
274	2914346
274	5454141
274	739808
274	7046682
274	4183853
274	8273780
274	6742032
1579	1180024
1579	1222414
1579	2173155
1579	4239443
1579	3394120
1579	1508580
1579	2296997
1579	211567
1579	5031401
1579	6109515
1579	1327834
1579	3849303
1579	6860387
1579	5195692
1579	1935409
1579	4526533
1579	7213376
1579	1766568
1579	7448673
1579	3647785
1579	8615019
1579	6396243
1579	646428
1579	7704328
1084	5049562
1084	7762993
1084	5698564
1084	7121184
1084	2577142
1084	2463442
1084	7089376
1084	6741264
1084	4435035
1084	6123389
1084	5580630
1084	194058
1084	2153253
1084	8528527
1084	1873363
1084	8110265
1084	3955748
1084	3755084
1084	423338
1084	6306111
1084	7558408
1084	4294084
1084	1414336
1084	3097605
1084	2521424
1084	8510276
1084	3573614
1084	804977
1084	4516215
1084	2218071
1084	7215360
1084	1561919
1084	1834939
1084	4458509
1084	890119
1084	8701079
1084	6161950
1084	564722
1084	1335119
1084	2591643
1084	8309194
1084	1499053
1084	8707290
1084	1521515
1084	4951611
1084	1983927
1084	5601790
1084	8624781
1084	6748417
1084	8350566
1084	2038887
1084	5011939
1084	1252094
1084	4878408
1084	81870
1084	51858
1084	6428793
1084	6974473
1084	1192522
1084	3303876
1084	4777658
1084	6149605
1084	2628071
1084	2229921
1084	6668695
1084	3422531
1084	6285504
1084	7876223
1084	702100
1084	2247088
1084	2037665
1084	869306
1084	6208071
1084	2018251
1084	740354
1084	3222294
1084	3844315
1084	7714922
1084	5061888
1064	2568941
1064	1340137
1064	6293132
1064	2208609
1064	5193436
1064	7417830
1064	6816296
1064	8403320
1064	8422851
1064	7072358
1064	6038899
1064	7188630
1064	240568
1064	8005524
1064	3233187
1064	6809984
1064	8683756
1064	393652
1064	4168947
1064	8520438
1064	318370
1064	3635167
1064	531069
1064	8303560
1064	8172813
1064	8401019
1064	7382101
1064	1244544
1064	1838403
1064	1915593
1064	6358629
1064	4597462
1735	654954
1735	7952471
1735	687499
1735	1434982
1735	2230193
1735	5769323
1735	8752960
1735	5335159
1735	5666422
1735	5251017
1735	412698
1735	5112022
1735	4082553
1735	4602530
1735	5433970
1735	3182749
1735	5564898
1735	7342818
1735	6077071
1735	1146838
1735	4369378
1735	4570242
1735	3450591
1735	5163290
1735	7320283
1735	2263370
1735	3015323
1735	8586868
1735	5243903
1735	1912096
1735	5419638
1735	3540166
1735	3894846
1735	1978149
1735	193769
1735	8705779
1735	7422477
1735	3709543
1735	4700114
1735	1130745
1735	698891
1735	3052394
1735	5550874
1735	874689
1735	2079402
1735	6774295
1735	8829240
1735	6143219
1735	7596991
1735	306895
1735	5931636
1735	5516483
1735	8165689
1735	2544687
1735	4640477
167	1964651
167	7785300
167	1130801
167	2766593
167	7348064
167	6161877
167	4989914
167	6774964
167	380363
167	5877525
167	2832733
167	2215437
167	2311279
167	2784282
167	776316
167	4107845
167	1128289
167	21408
167	3799111
167	4370049
167	4884116
167	8312797
167	5162733
167	3168585
167	3585117
167	7395863
167	4205017
167	1931689
167	5018095
167	4042388
167	298396
167	7610930
167	5666603
167	755903
167	1575130
167	883123
167	8537343
167	5264990
167	4373506
167	5990715
167	3400354
167	5055680
167	1540646
167	2771096
167	5080467
167	4906218
167	6647075
167	2321827
167	4286482
167	6800125
167	615614
167	8427551
167	8753611
167	2876957
167	7373246
167	7717670
167	2734774
167	5746115
167	7665456
167	8803337
167	5607104
167	1085643
167	4950538
167	4503907
167	8356782
167	5412920
167	7955996
167	4498776
167	6116946
167	5280402
167	1424794
167	7782549
167	5096800
167	4047107
167	6391416
167	5449410
167	4992262
167	554932
775	3206915
775	8096685
775	785368
775	5041179
775	7031315
775	7333119
775	8175152
775	4940975
775	6426340
775	7819672
775	4580845
775	2305738
775	155674
775	8255925
775	4239936
775	3754320
775	822577
775	369190
775	8204267
775	8272021
775	146117
775	4737345
775	992215
775	3014002
775	3982403
775	4306292
775	1640424
775	8211106
775	4409333
775	3615200
775	7181472
775	896098
775	2449423
775	5211343
775	8413298
775	6211594
775	4118429
775	651156
775	8695983
775	3119874
775	8026891
775	6792195
775	3411197
775	4606076
775	4541217
775	4669773
775	4527235
775	2086545
775	8008318
775	3359077
775	66079
775	4810702
775	4866043
775	8641598
775	4980643
775	694010
775	4756811
775	7030485
775	3896551
1363	5801698
1363	2238831
1363	3868565
1363	1087240
1363	5490727
1363	2240221
1363	7581715
1363	1267714
1363	783805
1363	75816
1363	8402866
1363	2383603
1363	3096695
1363	1062334
1363	8107285
1363	4729376
1363	1125085
1363	1832817
1363	1761967
1363	203946
1363	1607897
1363	150394
1363	4956282
1363	8125973
1363	5603816
1363	5728888
1363	8493304
1363	5662805
1363	6762601
1363	2312897
1363	7789308
1363	2634840
1363	5262978
1363	8104936
1363	6123412
1363	5532655
1363	1250505
1363	2256277
1363	2357211
1363	3444103
1363	7968920
1363	2272041
1363	4308468
1363	3480604
1363	1737446
1363	1486355
1363	7990019
1363	2336346
1363	7741263
1363	4702768
1363	7168477
1363	4122986
1363	5901627
1363	730266
1363	5166204
1363	5623016
1363	2097947
1363	4614605
1363	8274403
1363	5706990
1363	5266781
1363	6869308
1363	8754058
1363	1069886
1363	1345166
1363	796899
1363	7986793
1363	1390508
1363	7211554
1363	796992
1363	4955647
1363	7186142
1363	928166
1363	8363307
1363	571675
1363	1309925
1363	8609924
1363	1428537
1363	5055946
1363	6573623
185	6924226
185	2063159
185	6573093
185	6663428
185	4527542
185	4142673
185	1783211
185	1364581
185	3556168
185	4399030
185	5460370
185	6468597
185	1687423
185	7860468
185	7607299
185	1410319
185	2308197
185	6131435
185	2817410
185	1645381
185	5477174
185	7629394
185	7924443
185	1049885
185	4293260
185	8560001
185	3242881
185	6744357
185	4011722
185	4694794
185	4915445
185	1642928
185	3176459
185	4113725
185	7798266
185	5954374
185	974139
185	3468077
185	7156779
185	8274811
185	8153064
185	295311
185	1182908
185	5802757
185	1734585
185	7713802
185	7545291
185	7772574
185	5063491
185	7634374
185	7863192
185	5481736
185	7493390
185	6635463
185	377762
185	1529676
185	3629442
185	6274186
185	7196706
185	4090463
185	1534031
185	7050496
185	3274677
185	4372734
185	6845751
185	3490609
185	7379119
185	4330982
1305	1511995
1305	6067692
1305	974275
1305	6225164
1305	6209857
1305	7642687
1305	2219653
1305	4518911
1305	4025610
1305	232492
1305	6998146
1305	2132841
1305	4560566
1305	6982233
1305	490299
1305	849806
1305	7347785
1305	3271069
1305	8156560
1305	2613019
1305	1307525
1305	7241609
1305	1070006
1305	1235595
1305	6863728
1305	8821314
1305	4158364
1305	6554069
1305	4695620
1305	4109974
1305	3110102
1305	2606851
1305	6490169
1305	1283013
1305	5470669
1305	731248
1305	2191945
1305	7419586
1305	3561522
1305	2390753
1305	3663563
1305	5587298
1305	4368772
1305	8803205
1305	6759163
1305	5119448
1305	4634795
1305	5663930
1305	5795896
1305	8724308
1305	2392635
1305	7078239
1305	8498890
1305	7971518
1305	5145960
1305	834155
1305	4589801
1305	257827
1305	2654181
1305	504965
1305	6242477
1305	208086
1305	5319329
1305	747261
1305	2172734
1305	7558154
1305	4460425
1305	4559262
279	7038102
279	6872761
279	3753310
279	8728182
279	7933943
279	2619944
279	1907285
279	4946422
279	8213970
279	1742393
279	2836483
279	3253922
279	8021444
279	3885270
279	6862663
279	5774950
279	2131812
279	7839688
279	1864099
279	2214278
279	3907879
279	2247097
279	3502073
279	5562794
279	3157280
279	2414823
279	2752632
279	6839090
279	2177258
279	334695
279	227938
279	6203820
279	538848
279	4803339
279	6664051
279	4941154
279	3843756
279	8891369
279	4969937
279	4906170
1500	4658510
1500	874003
1500	3471854
1500	4000267
1500	1538398
1500	4355042
1500	3113332
1500	5588259
1500	5021052
1500	8452318
1500	7105084
1500	2048661
1500	4303303
1500	5047308
1500	3073307
1500	2242884
1500	7575641
1500	8464576
1500	5716615
1500	3559947
1500	2563107
1500	5739751
1500	1515541
1500	7859378
1500	2223082
1500	2441181
1500	4019670
1500	652965
1500	8222138
1500	837232
1500	1105552
1500	6053909
1500	4438417
1500	801250
1500	2306568
1500	7782731
1500	1940290
1500	2161972
1500	2941373
1500	4731276
1500	1454363
1500	6316662
1500	1061954
1500	3749249
1500	3128702
1500	1641174
1500	2873116
1500	1879226
1500	7516309
1500	4350846
1500	6831681
1500	8819295
1500	6635406
1500	5652131
1500	607978
1500	4873986
1545	8824723
1545	3829543
1545	5702411
1545	5634657
1545	7116832
1545	5759438
1545	73565
1545	507733
1545	1904166
1545	8173777
1545	8044619
1545	7350015
1545	1087433
1545	188539
1545	2271735
1545	5140962
1545	8243860
1545	6798859
1545	7013163
1545	348616
1545	3209155
1545	952455
1545	5971615
1545	7264752
1545	6776668
1545	5527818
1545	2459431
1164	3570963
1164	4940694
1164	976307
1164	7532662
1164	1171502
1164	5105042
1164	2607368
1164	8328334
1164	718796
1164	5574084
1164	1795011
1164	5477129
1164	2822264
1164	268472
1164	3727289
1164	798513
1164	5099574
1164	611835
1164	4713301
1164	2949357
1164	6420563
1164	479200
1164	5593977
1164	8142619
1164	1519799
1164	392314
1164	923288
1164	5725593
1164	8288451
1164	8925768
1164	6234137
1164	8798306
1164	2514397
1164	3107021
212	4901703
212	1821140
212	4014459
212	1955625
212	2406858
736	2438609
736	1411933
736	5294871
736	3642153
736	4466941
736	6172732
736	2736212
736	2873122
736	7127187
736	4838310
736	7957656
736	176858
736	1191503
736	4377677
736	423823
736	761046
736	840643
736	1664182
736	1163945
736	2738722
736	7995243
736	4584434
736	6244267
736	2663328
736	5152188
736	3665196
736	6055812
736	4181695
736	3870353
736	1830064
736	3833684
736	3340069
736	5959434
736	4625907
736	6755616
736	8905255
736	4811073
736	5360987
736	3084681
736	6106391
736	6740881
736	4701798
736	3789608
736	5615990
736	807956
736	4334014
736	7051708
736	8392487
736	5109625
736	5169719
736	678643
736	7238346
736	5459818
736	8588476
736	3789269
736	7116505
736	7407608
736	2850244
736	5914580
736	6712472
736	7546428
562	6083911
562	4465694
562	7589646
562	730327
562	8227905
562	5908266
562	734430
562	565027
562	3946250
562	313522
562	5706972
562	6438298
562	5050574
562	926999
562	1241738
562	1877790
562	3440164
562	17649
562	7822856
562	2625665
562	4948885
562	4630455
562	6601661
562	3818968
562	7780821
562	3085195
562	6631206
562	1600702
562	6715560
562	3556469
562	2295753
562	5481863
562	3271946
562	4318640
562	2131082
562	7461660
562	4718370
562	5509579
562	7643077
562	7628493
562	7499017
562	6151215
562	6448712
562	7645858
562	8183384
562	7835333
562	684218
562	3509244
562	8526983
562	4927184
562	8488606
562	8343197
562	5327716
562	7184510
562	2714621
562	3281584
177	1519884
1616	6873981
1616	554557
1616	3787597
1616	3454459
1616	3574329
1616	1122073
1616	5080514
1616	504970
1616	8257429
1616	5794360
1616	7693891
1616	5160522
1616	6019006
1616	8259626
1616	7086012
1616	1190944
1616	3686227
1616	1785568
1616	5275048
1616	8704216
1616	1881987
1616	8323235
1616	2633853
1616	8151360
1616	6881896
1616	3048077
1616	5851466
1616	2306103
1616	2105251
1616	5130856
1616	3148618
1616	4374549
1616	3555105
1616	379234
1616	2435731
1616	8248976
1616	4455691
1616	8646500
1616	1769294
1616	8172558
1616	4137083
1616	7643336
1616	8561023
1616	1126150
1616	7189906
1616	6839537
1616	112447
1616	4006463
1616	5736285
1616	6800136
1616	8111572
1616	4827588
1616	857819
1616	1524367
1616	7571334
1616	5577141
1616	7269350
1616	6994603
1616	8823605
1616	4161986
1702	6823020
1702	739987
1702	2132154
1702	5464940
1702	424288
1702	1091091
1702	4535096
1702	6647749
1702	5378664
1702	7917517
1702	7703416
1702	1787507
1702	1438586
1702	5776525
1702	4166053
1702	7255167
1702	1584972
1702	3912780
1702	5250108
1702	5259179
1702	8564969
1702	1332123
1702	7818113
1702	4634078
1702	2843243
314	4832583
314	748066
314	2890441
314	7458613
314	4556203
314	1785172
314	6368215
314	7073334
314	6676687
314	3951381
314	4806108
314	2480991
314	4617939
314	4778953
314	8903944
314	6037982
314	6831914
314	8837176
314	5415357
314	2225800
314	3497660
314	8590185
314	4351831
314	8698092
314	5357877
314	1502082
314	5163924
314	2827352
314	275526
314	1732277
314	1482083
314	6940226
314	3267172
314	398552
314	2364693
314	4239601
314	7846817
314	6496994
314	1064066
314	8704324
314	2666878
314	3382497
314	235692
314	5961638
314	981762
314	5753052
314	5354277
314	3098577
314	179215
314	4238334
314	6438836
314	7421754
314	2148192
314	29223
314	7570784
314	3040470
314	1296608
314	8820130
314	4421526
314	2220396
314	7419133
426	8700067
426	4357228
426	808091
426	8480821
426	7007107
426	3601013
426	2408083
426	1825435
426	7536266
426	996610
426	6644413
426	6705094
1446	2405779
1446	4088273
1446	2200615
1446	8544275
1446	2878445
1446	3416739
1446	66165
1446	5586223
1446	2256592
1446	4016391
1446	6427555
1446	7015250
1446	5159009
1446	7359701
1446	5493844
1446	5835778
1446	7517729
1446	3815990
1446	5739447
1446	4916037
1446	2190223
1446	5452100
1446	7064920
1446	5242864
1446	653607
1446	488070
1446	8386853
1446	2654475
1446	1852224
1446	3252129
1446	98490
1446	5475450
1446	6413369
1446	2714681
1446	8786401
1446	5611651
1446	3794345
1446	4378972
1446	7862281
1446	6746031
1446	6988377
1446	492297
1446	1963878
1446	661029
1446	8895310
1446	4061120
1572	311079
1572	2317997
1572	2183834
1572	7829659
1572	5652512
1572	7100057
1572	3949239
1572	7047139
1572	3678061
1572	3830629
1572	5360056
1572	8191855
1572	2561041
1572	4491081
1572	440315
1572	1069744
1572	4139517
1572	5575463
1572	8168541
1572	8164286
1572	3865697
208	8223909
208	7226490
208	6320131
208	8049981
208	1071296
208	681101
208	7973611
208	3643306
208	4186008
208	7689064
208	8356550
208	7078603
208	4371127
208	8350807
208	3899480
208	3460042
208	703061
208	1526489
208	6122932
208	7746094
208	464238
208	8726329
208	8899839
208	922698
208	8819047
208	732682
208	1162679
208	3980306
208	8117415
208	6427489
208	7559033
208	8137792
208	8380243
208	3636003
208	4660151
208	7138129
208	5114493
208	2080576
208	1629072
208	1529400
208	824867
208	1725590
208	5430986
208	7840044
208	2843399
208	7000545
208	1850762
493	2971180
493	4282585
493	1991808
493	8453782
493	904678
493	2657549
493	1043713
493	336931
493	6313308
493	8430287
493	4298383
493	2082705
493	4365374
493	2756540
493	5128369
493	5674335
493	4345410
493	1282554
493	5347454
493	5869779
493	5262442
493	5895378
493	6102503
493	4443111
493	1628221
493	8899857
493	1604989
493	6672588
493	1168411
493	8575353
493	323739
1233	1393803
1233	7348355
1233	3026119
1233	7773616
1233	1650693
1233	478892
1233	3281538
1233	6814859
1233	5461084
1233	1620143
1233	8692943
1233	4217170
1233	7410946
1233	3775917
1233	642465
1233	2220075
1233	2152813
1233	3447331
1233	2616677
1233	7907724
1233	1063185
1233	6473724
1233	344507
1233	1447711
1233	73865
1233	3409600
1233	211777
1233	1418035
1233	8885457
1233	3799914
1233	5387469
1233	5819615
1027	1181070
1027	2046555
1027	1411029
1027	7461814
1027	613251
1027	8512969
1027	5257987
1027	7676015
1027	3604391
1027	5828260
1027	6241355
1027	6340163
1027	3948543
1027	2810761
1027	509472
1027	6672569
1027	1513307
1027	6108466
1027	4241863
1027	4089791
1027	4393101
1027	5174185
1027	7353606
1027	8496078
1027	8813419
1027	2285865
1027	3056390
1027	7124626
1027	3346509
1027	6210281
1027	145614
1027	5685205
1027	4013638
1027	3273642
1027	4046860
1027	6483755
1027	7058358
1027	7607714
1027	7225957
1027	6528232
1027	285596
1027	6957869
1027	7920913
1027	623639
1027	4421164
1027	7100696
1027	8646787
1027	2040066
1027	6706081
1027	2301303
1027	5018965
1027	6352981
1027	7976582
1027	7149011
1027	8116185
1027	5018836
1027	3815982
1027	6322475
1027	249946
1027	2832268
1027	5602125
1027	1257417
1027	4567779
1027	8115100
1027	1728947
1027	7790822
1027	5561744
1027	1241409
1027	1314288
1027	6974651
1027	7801867
1027	1283848
1027	3618073
319	7643849
319	7416412
319	888169
319	5543320
319	1882846
319	5044623
319	6209324
319	1611308
319	261115
319	6532916
319	2420010
319	8267983
319	3121470
319	2803999
319	5376733
319	3846374
319	8519641
319	4916451
319	8530701
319	2370191
319	663748
319	5535549
319	7543151
319	6782172
319	7245371
319	4019659
319	1797142
319	4127558
319	4185023
319	1519131
319	4770647
319	6996220
319	3746497
319	1905939
319	7344636
319	5931070
319	2667549
319	1586694
319	923333
319	3589428
319	5489128
319	1965335
319	6367790
319	776975
319	1880809
319	4032180
319	4253924
319	8224404
319	7247359
319	3730089
319	4696145
319	1325822
319	7713905
319	8892609
319	5789818
319	1919933
319	8559835
319	3325361
319	802792
319	216820
319	4604448
319	173344
319	1285447
319	8005707
319	1738540
319	7619067
319	6503162
319	2779003
319	3819094
319	8797363
319	2333314
319	6909839
319	3426048
319	6036482
319	6505664
319	1301708
319	420220
319	7011917
319	8074829
319	5311209
319	8475344
319	2402102
319	6299715
319	3569767
319	7151868
319	2955178
319	5196174
319	8149855
319	5681501
319	5880794
319	2537155
319	349504
319	8672464
319	459633
319	2143211
319	3819948
319	7403818
319	2319328
319	5271628
319	33912
319	8267339
319	6819794
319	5211478
319	5422037
319	315816
319	4903830
319	7927820
1273	8666999
1273	2053163
1273	220347
1273	340127
1273	6297644
1273	7648161
1273	4086437
1273	4162081
1273	8664347
1273	8887203
1273	6035722
1273	4505058
1273	5872674
1273	2266738
1273	5915893
1273	3186658
1273	3548772
1273	7623316
1273	3399381
1273	1708520
1273	5928050
1273	970390
1273	6448471
1273	1084527
1273	7549666
1273	1062898
1273	4742361
1273	4943569
1273	248579
1273	354943
1273	6997957
1273	2944856
1273	1094186
1273	3995880
1273	4045298
1273	7902168
1273	3631076
1273	2043741
1273	5921458
1273	4437396
1273	4367707
1273	3252999
1273	3440148
1273	4350373
1273	6742086
1273	4774939
1273	450449
1273	6030521
1273	8632214
1273	1858728
1273	7633845
1273	7887133
1273	794815
1273	6418752
1273	7043654
1273	3519470
1273	7379726
1273	866373
1273	6170483
1273	3123200
1273	1800387
1273	6301269
1273	7593520
1273	6467864
1273	2236630
1273	1650129
1273	898948
1273	5748473
1273	6716633
1273	7394678
1273	6186082
1273	6054780
1273	1445076
1273	7197481
1273	1250012
1273	454469
1528	551110
1528	8057036
1528	2007887
1528	3854671
1528	3934953
1528	39184
1528	1874278
1528	5839155
1528	3352690
1528	8221570
1528	780689
1528	6811667
1528	5451164
1528	1310537
1528	7439371
1528	59924
1528	2471433
1528	4548192
1528	8720523
1528	7679264
1528	4055899
1528	1630865
1528	2808117
1528	8012298
1528	3255220
1528	1116624
1528	5617428
1528	7841369
1528	5514572
1528	1086533
1528	7082024
1528	6051447
1528	5559420
1528	4467453
1528	7275046
1528	4063781
1528	8107510
1528	8063594
1528	8021831
1528	8524325
1528	6202251
1528	1951293
1528	4877656
1528	3481278
1528	84440
1528	3288652
1528	3441805
1528	2897347
1528	2898799
1528	5938638
1528	4448818
1528	1112949
1528	5665013
1528	4196455
1528	7996151
1528	870712
1528	7060996
1528	766334
1528	818328
1528	1371968
1528	200978
1528	3959680
1528	6588695
1528	5801411
1393	8391744
1393	23876
1393	8511266
1393	4592508
1393	8435084
1393	1262824
1393	2135013
1393	7575157
1393	8883878
1393	7229564
1393	1551507
1393	2651680
1393	1602306
1393	2802943
1393	1184564
1393	7693176
1393	2513141
1393	7061266
1393	2318122
1393	7318761
1393	4858848
1393	2420579
1393	5360701
1393	3940724
1393	1883208
1393	3501344
1393	8001132
1393	578903
1393	7762682
1393	1521929
1393	7912307
1393	5210279
1393	6745427
1393	8458575
1393	5106887
1393	684064
1393	4071271
1393	6689804
1393	607306
1393	1363727
1393	561204
1393	6046333
1393	6174799
1393	5979739
1393	8716457
1393	3222273
1393	4868834
1393	2017624
1393	5815297
1393	8324968
1393	1043616
1393	4494536
1393	1027676
1393	1815519
1393	3134114
1393	1055941
1393	7844834
1393	1321479
1393	6201596
1393	7785915
1393	6662268
1393	7515674
1393	4345768
1393	8360135
39	1368514
39	8374914
39	5010842
39	5099105
39	5290508
39	7118628
39	3537293
39	5992908
39	989656
39	3916956
39	5696464
39	1966448
39	2369304
39	5680451
39	3678590
39	1178152
39	6923726
39	8788863
39	1459500
39	7052344
39	8137404
39	3243812
39	4788893
39	7115697
39	5817556
39	2989749
39	1412331
39	6241688
39	4765069
39	1097462
39	6808767
39	245436
39	6795320
39	4030761
39	4760305
39	4131873
39	3822327
39	3063087
39	370726
39	2439295
39	4414818
39	1186531
39	3343294
39	8730621
39	504172
39	5618559
39	1424972
39	2956344
39	6726301
39	163948
39	1834518
39	2990754
39	7856503
1265	6802933
1265	4993304
1265	6482099
1265	4163393
165	487559
681	6734236
657	6736068
657	123844
657	616171
657	6272267
657	2929926
657	258284
657	7022780
657	1727092
657	3475149
657	8492871
657	1949653
657	3688148
657	4776705
657	4628928
657	4676867
657	2352439
657	8201314
657	7265526
657	1832700
657	6264055
657	33031
657	2904950
657	849308
657	8164791
657	5649259
657	3464906
657	2447867
657	8171812
657	287825
657	4607662
657	3921458
657	3108688
657	7564488
657	8895561
657	5383559
657	5211572
657	7380217
657	212376
657	5418386
657	6300555
657	4794230
657	4105791
657	6468256
657	6607428
657	365513
657	1356704
657	5529541
657	4204937
657	5284926
657	5865666
657	6436347
657	4904280
657	8742061
657	1830382
657	1677733
657	2585400
657	7747912
657	347589
657	1777294
657	7993193
657	4507714
657	1770029
657	1206886
657	4396870
657	7949538
657	3783106
657	1072013
657	4183264
657	6555845
657	8092540
657	5471304
657	597941
719	7628755
719	6224037
719	3117224
719	378134
719	7107633
719	3280575
719	6098243
719	3051448
719	2140522
719	3845223
719	3346463
719	5212667
719	2693060
719	452561
719	3747042
719	8047136
719	2280883
719	3490775
719	6698608
719	2641022
719	6389892
719	6402156
719	3647870
719	8914715
719	8682125
719	7846378
719	3071100
719	8891358
719	1663573
719	5465499
719	8046536
719	989395
719	2495442
719	6738806
719	6616724
719	7893210
719	6064023
719	701247
719	8271437
719	3100133
719	7210413
719	374767
719	5713295
719	456849
719	1331725
719	5622554
719	22619
719	7648251
719	6089601
719	1597513
719	8801782
719	3283972
719	8103367
719	5754236
719	5032058
719	8617045
719	1649958
719	969481
719	5969801
719	8127221
719	36185
719	5819201
1029	8933274
1029	5811508
1029	2000847
1029	8619728
1029	8492343
1029	7496127
1029	2981090
1029	5117238
1029	7047583
1029	406105
1029	7788111
1029	6023664
1029	3138080
1029	3684811
1029	1298407
1029	7907595
1029	4174751
1029	7670288
1029	680068
1029	3314987
1029	6151663
1029	6932570
1029	4710658
1029	1021482
1029	7134533
1029	4007255
1029	1213722
1029	603956
1029	2212567
1029	2606507
1029	602594
1029	4626484
1094	5518939
1094	3999178
1094	8403187
1094	8253450
1094	6494707
1094	568451
1094	4359717
1094	6998134
1094	7950657
1094	7456726
1094	3784917
1094	5061730
1094	4786746
1094	8188978
1094	6579563
1094	5271379
1094	6838949
1094	932220
1094	2994354
1094	2665627
1094	8197175
1094	7403061
1094	1740425
1094	251921
1094	4657443
1094	3765251
1094	5451763
1124	1978269
1124	2107652
1124	1923476
1124	1424377
1124	3646827
1124	1576113
1124	6963419
1124	3963778
1124	3640418
1124	8681215
1124	8563865
1124	4217356
1124	3981594
1124	5035025
1124	5436491
1124	4554095
1124	406291
1124	4510485
1124	8662699
1124	1981385
1124	5603797
1124	112856
1124	2497322
1124	4005202
1124	4581605
1124	3922849
1124	6510553
1124	5328202
1124	52214
1124	1511038
1124	372929
1124	7186316
1124	1967596
1124	819070
1124	4325931
1124	4359006
1124	3257010
1124	1108471
1124	2776311
1124	7350288
1124	8232457
1124	2205208
1124	265884
1124	692953
1124	2290653
1124	632359
1124	1701383
1124	7566871
1124	8424387
1124	4856087
1124	377176
1124	3239813
1124	7371438
1124	6123827
1124	4358394
1124	3867967
1124	1106609
1124	1149393
1124	8902614
1124	7250675
1124	837323
1124	2356968
1124	737734
1124	382190
1124	3348381
1124	8095806
1124	8100578
1124	3670407
1124	253069
1124	6355939
1124	6289935
1124	3338675
1124	7427223
1124	5450601
1124	7710580
1124	7618386
1124	5641600
1124	4786989
659	4107066
659	8889903
659	3401909
831	385916
831	259847
831	8102653
831	2471269
831	3111897
831	6523657
831	3503690
831	8771144
831	4818314
831	7063600
831	2300605
831	5440624
831	8750705
831	1144327
831	4619287
831	505940
831	6072038
831	5390028
831	8772094
831	6214746
831	81724
831	3023927
831	737722
831	2280365
831	4068928
831	7621270
831	4216282
831	2267806
831	7236834
831	5947018
831	4559875
831	8872226
831	636264
831	5457893
831	6591942
831	4993096
831	8249099
831	3105142
831	7144235
831	3540271
831	6217363
831	290534
831	7527038
831	386368
831	6981783
831	724408
831	4760506
831	5648967
831	8672342
831	219327
831	5552829
831	2157573
831	4360037
831	1505412
1248	1268529
1248	6614075
1248	5293010
1248	1966573
390	6462408
390	8850891
390	5533632
390	4821270
390	2382598
390	7801903
1592	540619
1592	1859465
1592	7748522
1592	3541671
1592	8051277
1592	8118701
1592	1434197
1592	5794394
1592	2344364
1592	1461099
1592	7254468
1592	8318524
1592	488006
1592	4354766
1592	4119014
1592	3397004
1592	6763369
1592	7681474
1592	1987544
533	2773549
533	5630007
533	1134197
533	6146880
533	8890740
533	4667294
533	7401240
533	3301731
533	5007559
533	5177533
533	150456
533	7611356
533	6822265
533	86466
533	495745
533	4974076
533	7250287
950	1446900
950	2294685
950	7962181
950	1970900
950	8601481
950	537360
950	4046075
950	4862326
950	366845
950	3694563
950	8101929
950	3687046
950	5099449
950	4617090
950	4508250
950	5120891
950	2891481
950	1348216
950	8780092
950	808292
950	695657
950	554561
950	5447308
950	554321
950	7328433
950	5053374
950	3045871
950	5564013
950	8675982
950	3973534
950	1796244
950	5502777
1355	5561530
1355	1654386
1355	710112
1355	5620837
1355	8897211
1355	2317024
1355	3830888
1355	3562003
1355	7945339
1355	7921016
1355	3154974
1355	3623321
1355	234608
1355	3700982
1355	6452675
1355	92057
1355	3174041
1355	3155488
1355	4903865
1355	8080362
1355	3383365
1355	6883498
1355	3103791
1355	3268194
1355	1419289
1355	1293334
1355	3896910
1355	1463553
1355	538469
1355	6483424
1355	3165255
1355	1610778
1355	5848093
1355	378256
1355	2702755
1355	5281931
1355	6105386
1355	2509177
1355	3850417
1355	4705325
1355	865661
1355	1196762
1355	4520850
1355	6723444
1355	5008811
1355	4800420
1355	3061955
1355	4271764
1355	639025
1355	6416415
1355	2215265
1355	6905918
1355	8182815
1355	2520530
1355	8225931
1355	7361403
1355	4331822
1355	7651609
1355	2528876
1355	8231076
1355	4643867
1355	2297851
1355	3417339
1355	4682547
1355	5550940
1355	8506862
1355	7448380
1355	3509258
1680	805275
1680	3127189
1680	767699
1680	4498609
1680	4244264
1680	5837690
1680	1143243
1680	4476171
1680	8525019
1680	3705744
1680	1356414
1680	1649451
1680	8211518
1680	8376014
1680	8832656
1680	678041
1680	3183557
1680	6917084
1680	7123570
1680	3009777
1680	65444
1680	5157748
1680	2180451
1680	1465858
1680	8337884
1680	7892271
1680	7799599
1680	6869423
1680	1338664
1680	3756599
1680	2741980
1680	5183757
1680	8348295
1680	6940370
1680	5491138
1680	317677
1680	7809100
1680	2045537
1680	4305161
1680	5769294
1680	4854355
1680	7561561
1680	459238
1680	5124441
1680	3484599
1680	3730951
786	7888959
786	1388768
786	1862616
786	3180199
786	8348887
786	4762909
786	5797344
786	7829685
786	3000234
786	5901096
786	3071001
786	4097172
786	2220732
786	1466740
786	4766955
786	5890450
786	5343464
786	2891365
786	8358571
786	7116855
786	6032310
786	6792876
786	6638775
786	8623026
786	3622638
786	2754761
786	4220996
786	5989149
786	5677466
786	353699
786	3705906
786	243529
786	670129
786	2220174
95	3637604
95	7462642
95	1631155
95	3633691
95	5537648
95	3623851
95	7720281
95	2292607
95	2691033
95	3229083
95	911532
95	3982079
95	6208852
95	6415199
95	2819053
95	5191026
95	4384897
95	3355795
95	8069001
95	7240843
95	1932122
95	1366349
95	7074644
95	8677814
95	2206800
95	3344039
95	4916580
95	3999094
95	3108808
95	3089265
95	5706533
95	1367653
95	8863886
95	4882462
95	6378133
95	4095818
95	1367192
95	4651481
95	5773811
95	6900006
95	6407672
95	7265416
95	2302794
95	8359106
95	3121710
95	8822086
95	7587157
95	561504
95	5316773
95	898349
95	5559390
95	251026
95	6471154
95	5790047
95	2606783
95	5221161
95	5713282
95	514137
95	6307822
95	8015470
95	5092933
95	3939906
95	2097923
95	8773839
95	1398847
95	1250100
95	2540750
95	4566610
95	891071
95	5434001
95	7695702
95	1234896
95	6982836
95	6359029
95	6939001
95	6856675
166	2632224
166	978098
166	4133426
166	3233975
166	6343327
166	7195645
779	5141699
779	3916095
779	1358067
779	4922861
779	3422619
779	5390061
779	4807946
779	4591926
779	5231990
779	4502591
779	5852980
779	1350381
779	8865340
779	8357681
779	6688665
779	8762766
779	3897526
779	711499
779	3135720
779	6281413
779	166131
779	5753950
779	252563
779	3349874
779	5542671
779	4351910
779	262302
779	4116198
779	7599872
779	5715268
779	8220833
779	4186572
779	1640061
779	1938957
779	2417111
779	2263152
779	4582011
779	5819475
779	7607342
779	3303493
779	4582174
779	8411862
779	7235459
779	5410146
779	8576147
779	513203
779	731859
779	7818652
779	6608677
779	4535926
779	2284092
779	6837496
779	2797572
779	796066
404	4418556
404	1782372
404	7950846
404	1662182
404	4286622
404	7476493
404	581385
404	8227316
404	356963
404	6100189
404	340868
404	1997045
404	6467560
404	5337434
404	679509
404	5524583
404	5607048
404	4122668
404	1742386
404	3115798
404	6780175
404	5618357
404	5538867
404	4521278
404	8928411
404	7693810
404	1739203
404	1477673
404	7218780
404	5867875
404	4061250
404	39214
404	3539485
404	90908
404	7273835
404	8323085
404	4601057
404	1544737
404	3403026
404	2364730
404	1500656
404	951253
404	321751
404	3517707
404	2431691
404	4748726
404	7246831
404	4354090
1106	1749011
1106	4790297
939	8160154
939	5060462
939	5445815
939	3723273
939	3974420
939	3667518
939	7431954
939	2449304
939	2153993
939	6933159
939	6110304
939	7051654
939	701421
939	7665623
939	7785896
939	4659842
939	8712965
939	5332523
939	8570613
939	4344011
939	4405017
939	7598319
939	5755406
939	6583756
939	1183156
939	1889193
939	2201718
939	7970906
939	3389748
939	3143692
939	2160352
939	226880
939	5464980
939	5619690
939	6501563
939	4353185
939	3775475
939	806453
939	627917
939	4231775
939	1135611
939	6928824
939	1750013
939	7983748
939	5429221
939	2123652
939	1901201
939	993438
939	1318553
939	3166793
939	1585019
939	7460159
939	6801228
939	5411299
939	1436445
939	1655018
939	4457561
939	2440795
939	1383436
939	405350
1211	1616035
1211	2966684
1211	7051936
1211	2200792
1211	7825784
1211	4821762
1211	5287149
1211	3078869
1211	346724
1211	1561994
1211	2225729
1211	1011507
1211	6964909
1211	5637369
1211	5099375
1211	7989780
1211	1091458
1211	5015678
1211	777658
1211	3411763
1211	7126508
1211	2291821
1211	6521011
1211	3916213
1211	2215941
1211	1093787
1211	2572675
1211	2451785
1211	2843037
1211	5493583
1211	7635744
1211	3524388
1211	7265926
1211	5537845
1211	2882133
1211	5372028
1211	3375780
1211	6848499
1211	4345627
1211	6430435
1211	2767684
1211	6394190
1211	2217958
1211	6230469
1211	1272917
1211	6023335
1211	5139917
1211	3846119
1149	5140333
1149	6477831
1149	5068519
1149	7351066
1149	6925145
1149	2073656
1149	8155490
1149	3652927
1149	1373859
1149	5086937
1149	1256398
1149	6085129
1149	6859019
1149	7615579
1149	6171088
1149	361554
1149	574251
1149	4918299
1149	7018737
1149	6517407
1149	6664095
1149	1010741
1149	1268742
1149	582999
1149	629286
1149	1646143
1149	7453574
1149	2885105
1149	5130331
1149	1239210
1149	6083778
1149	8554817
1149	3024186
1149	5026779
1149	8251925
1149	680366
1149	3415599
1149	8751409
1149	763253
1149	6317830
1149	8465303
1149	2566087
1149	2781997
1149	6662620
1149	2105637
1149	553659
1149	215197
1149	8093712
1149	1860752
1149	8162260
1149	8138424
1149	5046404
1149	5920857
1149	1759345
1149	2585152
1149	967183
1149	2985080
1149	2956947
492	7083052
492	1072822
492	7123302
492	1372562
492	5528516
492	3252026
492	6898689
1731	7760374
1731	8414345
1731	3606720
1731	7277469
1731	3962847
1731	4338409
1731	7075820
1731	7376159
1731	2411728
1731	7903263
1731	8087771
1731	6154601
1731	645550
1731	1707540
1731	6946718
1731	6645597
1731	4069209
1731	6627896
1731	1963292
1731	6333567
1731	5802321
1731	7697344
1731	6832500
1731	7353560
1731	7222702
1731	2740068
1731	563750
1731	8637665
1731	5000932
1731	3088198
1731	6120010
1731	6588078
1731	807323
1731	8777828
1731	7215881
1731	2823401
1731	8776891
1731	3036140
1731	1789306
1731	4302351
1731	8660832
1731	2294410
1731	4533611
1731	761845
1731	4990527
1731	7038827
1731	4035773
1731	6414329
1731	8498048
1731	6678415
1731	6641046
1731	6477646
1366	7761069
1366	1761315
1366	4764695
1366	7629684
1366	1787873
1366	3615579
1366	471336
1366	7506148
1366	2458388
1366	2087305
1366	2513131
1366	3062299
1366	5021476
1366	229993
1366	8697320
1366	407523
1366	8618876
1366	5230122
1366	2586514
1366	1201438
1366	6744009
1366	1752714
1366	7906720
1366	4797487
1366	5867341
1366	7144506
1366	1868505
1366	3009955
1366	863601
1366	2927041
1366	8350324
1366	8283774
1366	7912772
1366	4883440
1366	5150476
1366	4475242
1366	4750039
1366	4386343
1366	8030815
744	4875899
744	4528401
744	6152089
744	3508173
744	4535762
744	6925832
744	1266777
744	5183901
744	2016938
744	2944541
744	7747996
744	4748467
744	4150183
744	4999276
744	5826900
744	6157034
744	1959878
744	440117
744	573739
744	7600055
744	925194
744	532058
744	5665316
744	8690914
744	8552549
744	7953073
744	5940622
744	1610550
744	4479922
744	4108091
744	3254102
744	4258991
744	45928
744	3020159
744	4089596
744	4323783
744	4378148
744	894042
744	2082587
744	3053282
744	3975024
744	6499292
744	244742
744	5934201
744	7260085
744	2367882
744	8438377
744	315637
744	7095684
744	3300293
744	1735818
744	6069198
744	5352059
744	374595
744	5399945
744	7823486
744	4498329
744	2397784
744	4590548
744	2119867
744	5280632
744	2194527
744	342916
744	4133894
744	462080
744	8299403
744	5557740
744	4595642
744	6648863
744	7939635
744	4359912
744	1115095
744	6305220
744	1501111
744	4289970
744	5372312
744	5331705
613	5698677
613	7590077
613	2404719
613	4819126
613	5974193
613	2907875
613	1963388
613	8525793
613	5238547
613	6160079
613	8147989
613	3580582
613	128056
613	5500765
613	364458
613	8544761
613	8347258
613	1050635
613	4701027
613	3805715
613	3289825
135	2250989
135	7392434
756	7126624
756	4436674
1344	7696132
1344	4551741
1344	4214579
1344	4020219
1344	5468889
1344	7469519
1344	7585575
1344	8409342
1344	1635453
1344	3161164
1344	7824554
1344	1505895
1344	8470707
1344	4648591
1344	2353366
1344	4427894
1344	2335126
1344	4145280
1344	7872135
1344	8803742
1344	1195186
1344	2972537
1344	991839
1344	1753324
1344	269209
550	4461015
550	7276567
550	6715185
550	6558613
550	3948085
550	5282706
550	7416774
550	1660461
550	3404450
550	4467926
550	5701990
550	5547579
550	7155841
550	138104
550	5155384
550	3300790
550	3259387
550	7000424
550	4593939
550	6061100
550	5354952
550	5080045
550	5072185
550	529340
550	6620101
550	799291
550	5236738
550	6052550
550	4774382
550	2821614
550	3914829
550	7666370
592	6560600
592	4530475
592	6928032
592	5023329
592	3065077
592	27545
592	2642199
592	3230834
592	1803279
592	3226515
592	8866649
592	1271396
592	1814454
592	5197442
592	7239434
592	4330659
592	1960495
592	4655606
592	1729279
592	4069068
592	8716326
592	2122644
592	4978581
592	208073
592	3470152
592	7147687
592	5519476
592	7321701
592	966542
592	1403847
592	1209718
592	8298459
1658	5679454
1658	6519635
1658	6791529
1658	8107232
1658	2315967
1658	5759777
1658	3646962
1658	2911976
1658	3822550
1658	6386748
1658	1812604
1658	387558
1658	7162756
1658	8869817
1658	5757548
1658	8708520
1658	8449002
1658	2100277
1658	5089609
1658	3019960
1658	8880434
1658	1769920
1658	4243037
1011	5203219
1011	5177299
1011	893018
1011	6721540
1011	7939608
1011	1407236
1011	2739877
1011	4598661
1011	5824808
1011	8722025
1011	4499702
1011	2064525
1011	4842375
1011	6381011
1011	8348828
1011	3859514
1011	1443520
1011	5049547
1011	5013073
1011	5803127
1011	5461724
1011	4134072
1011	5771226
1011	7659765
1011	8907004
1011	887552
1011	24195
1011	4940224
1011	6277184
1011	481470
1011	3407111
1011	5055754
1011	7410303
1011	5402059
1011	6446562
1011	949260
1011	3625462
1011	8424441
1011	123101
1011	6009312
1011	2604785
1011	2775578
1011	5970570
1011	2320949
1011	6436269
1011	5985220
1011	5134707
894	8595171
894	7658514
894	5373602
894	8025018
894	8387419
894	1069136
894	6388696
894	8484753
894	1607314
894	3827674
894	4260898
894	3879998
894	5436910
894	3239642
894	6973666
894	6265963
894	715584
894	3430022
894	5215450
894	5911712
894	7399339
894	7474651
894	4159378
894	6818182
894	1093164
894	3578130
894	3451416
894	2654682
894	5224891
894	5333017
894	4192920
894	4003526
894	8520663
894	8353479
894	1189167
894	1019558
894	8738432
894	2264185
894	1946402
894	1608031
894	6164103
894	783471
894	7862879
894	5071803
894	5287860
894	3727082
894	3489034
894	1991671
894	5565444
345	8169059
345	3189362
345	2840903
345	7314050
345	904520
345	3182053
345	6579476
345	7092105
345	849679
345	5056116
345	2338511
345	5542021
345	508555
345	2120564
345	1695154
345	5798435
345	5102812
345	3143865
345	7528396
345	8622836
345	7099256
345	474683
345	7145525
345	743113
345	1594471
345	1315082
345	8007545
345	2083764
345	7893792
345	6433218
345	7987915
345	3790586
345	1183584
345	3212418
345	2108578
345	5306017
345	6947427
345	2455478
345	8655633
345	4978352
345	216253
345	7813088
345	6982184
345	4857647
345	2253267
345	8596556
345	8199358
345	6895270
345	6898318
345	1625321
345	1670925
345	3963821
345	5636433
345	6257037
345	8166823
345	2877871
1657	7806295
1657	3048184
1657	6020063
1657	2185773
1657	1082994
1657	2834959
1657	7346246
1657	2927623
1657	3565766
1657	2919202
1657	1085385
1657	3700082
1657	4385676
1657	2021798
1657	3323019
1657	6091082
1657	4423927
1657	2041828
1657	2852877
1657	2253718
1657	1763361
1657	5779873
1657	3003741
1657	5858593
1657	3590245
1657	539795
1657	3263764
1657	7399396
1657	598014
1657	2037699
1657	2291722
1657	4876585
1657	2252826
1657	7604877
1657	8508085
1657	568656
1657	3131667
1657	5731885
1657	349399
1657	2072979
1657	1137836
1657	7232199
1657	858701
1657	5670442
1657	8667041
1657	7620467
1657	2915144
1657	5849578
1657	1571305
1657	6320771
1657	5477134
1657	6102626
1657	549196
1657	1312370
1657	968609
1657	45752
1657	5617444
1657	2146427
1657	3379261
1657	7416985
1657	904667
1657	429648
1657	7180185
1229	8014899
1229	8286814
1229	7908648
1229	1606934
1229	8100398
1229	5534906
1229	8608733
1229	66511
1229	802146
1229	2959553
1229	6505506
1229	5157106
1229	6725006
1229	6594590
1229	8414265
1229	436237
1229	2129288
1229	6739001
1229	5100209
1229	5223206
1229	1201971
1229	3527577
1229	6338733
1229	8034493
43	8815283
43	6697356
43	6407802
43	8858274
43	2772842
43	699276
43	6007268
43	7249708
43	6865559
43	8645149
43	5217950
43	3853467
43	1310819
43	1585205
43	4972941
43	1200713
43	1496166
43	1113992
43	3947532
43	5140395
43	1856163
43	1896341
43	362480
43	7653472
43	8099012
43	5301757
43	3175104
43	743666
734	4430851
734	3595977
734	6268422
734	5769972
734	6448260
734	5806062
734	7119913
734	4578680
734	6876489
734	6858447
734	5668477
734	4483352
734	5767493
734	8454790
734	7858527
734	2836390
734	8276515
734	6416396
734	5971421
734	3845845
734	3744757
734	7191290
734	3359187
734	4168647
734	3000671
734	7467652
734	1700681
734	6869172
734	7716634
734	7100564
734	6272813
734	919531
734	4069326
734	4586134
734	687950
1519	5846529
1519	7252940
1519	2943495
1519	627283
1519	1093274
1519	6565864
1519	7086221
1519	6978379
1519	2084640
1519	7896416
1519	2494143
1519	1241269
1519	703974
1519	3580207
1519	5924072
1519	6638479
1519	2666225
1519	1552620
1519	685710
1519	8791592
1519	8737200
1519	2626095
1519	1677622
1519	6148388
1519	486952
1519	4506174
1519	708514
1519	7290402
1519	7231495
1519	2088076
1519	7654009
1519	2031133
1519	6309255
1519	6959571
1519	5161381
1519	2177667
1519	1604274
1519	1871420
1519	8557282
1519	311998
1519	7029416
1519	4598741
1519	638665
1519	6617431
1519	2191525
1519	4367318
1519	5110308
1519	1326114
1519	2667423
1519	5470629
1519	141933
1519	7345744
1519	3286648
1519	5515978
1519	1813531
1519	5888588
1519	3411690
1406	1385528
1406	7280798
1406	3794060
1406	6693775
1406	2634395
1406	1161229
1406	693278
1406	5616796
1406	8108148
1406	1059524
1406	2573527
1406	540421
1406	6739748
1406	6772354
1406	7825518
1406	5484638
1406	5810945
1406	7204771
1406	7168358
1406	1695660
1406	7382308
1406	2009402
1406	6516726
1406	5477844
1406	8249573
1406	710412
1406	1927335
1406	2489813
1406	7331590
1406	8473822
1406	7493957
1406	7242527
1406	2457413
1406	1302544
1406	8556024
1406	5537428
1406	4218152
1406	5288426
1406	1718423
1406	2374701
1406	1426040
1406	8359908
1406	4739250
1406	8745812
1406	498593
1406	4257139
729	7866966
729	5857940
729	7125354
729	8604388
729	6446638
729	8710200
729	2409335
729	6443883
729	6549218
729	5127190
729	5505126
729	5553033
729	5516114
729	6610790
729	4587024
729	7761149
729	2125405
729	7513132
729	5861083
729	8019412
729	1819059
729	7801826
729	5413147
729	2074080
729	7639753
666	3408940
666	3457070
666	7621053
666	5299329
666	2041556
666	7701094
666	2339103
666	2468134
666	3213277
666	5423345
666	7794410
666	2952399
666	6563958
666	6151599
666	287919
666	3937662
666	3167709
666	77295
666	2813057
666	7900381
666	3316233
666	6352504
666	4535001
666	3393112
666	3677824
666	374215
666	6950824
666	1691847
666	6644036
666	5428446
666	2864838
666	2829283
666	8060990
666	2029462
666	4450061
666	6836733
666	4229458
666	4679573
666	8847618
503	5149531
503	72837
503	1503951
503	1288512
503	2055547
503	1809450
503	5488500
503	5095961
503	7702392
503	1826509
503	366562
503	4293464
503	6423155
503	6421093
503	1779373
503	1244810
503	6550289
503	3424982
503	5790534
503	815755
503	2250058
503	2076525
503	1609416
503	6827280
503	5449510
503	8277699
503	8346641
503	6377397
503	5746312
503	2098834
503	4975553
503	7320194
859	5613841
859	2362473
859	2569002
859	4383849
859	8124999
859	5483267
859	4217355
859	4219318
859	2156492
859	835138
859	4020590
859	4897838
859	4197719
859	7187203
859	4860111
859	6074910
859	7009785
859	6408722
859	2565732
859	403170
859	188758
859	1910325
859	5581934
859	7627028
859	1959426
859	1284412
859	2388213
859	5914588
859	1225832
859	5481975
859	1197519
859	5853783
859	353637
859	8331099
859	4485565
859	2107872
859	1080073
859	6664503
859	7408718
859	2314161
859	5082865
859	2987013
859	1760894
859	5111663
859	6521957
859	126027
859	8323810
859	7818952
859	5500008
859	5275372
859	1589489
859	5585897
859	7384218
859	6465642
859	70183
859	8927300
859	4932133
859	7787912
859	4451688
859	2310378
859	400125
859	2370176
859	3159276
859	7279084
859	1945386
859	4266901
859	8356698
859	7487086
859	8471086
859	5013848
859	2643222
859	6049855
859	7277877
859	2774618
859	7283189
859	1324686
859	2251273
859	7965495
859	2319199
859	6263421
1360	1420513
1360	4022774
1360	2403023
1360	3529873
1360	8263301
653	6147393
653	2891532
653	6744079
653	146139
653	3668043
653	1243071
653	1068898
653	1155187
653	3113771
653	2026240
653	1926773
653	3919622
653	2952493
653	2951505
653	7733579
653	4091495
653	3101920
653	6420370
653	5640554
653	70997
653	3536257
653	1660842
653	3927265
653	6637952
653	209014
653	7374805
653	7269467
653	963788
653	5970821
653	3607125
67	1854827
67	636192
67	7712368
67	4197274
67	5641456
67	5431247
67	4549098
67	6477358
67	5878485
67	1562230
67	999114
67	5278972
67	587666
67	6172817
67	5237409
67	5790786
67	4691736
67	4638080
67	7710081
67	5069440
67	2536025
67	1192062
67	4440250
67	239860
67	4975198
67	7043755
67	7897193
67	3719736
67	5513199
67	4278095
67	6223544
67	3919116
67	53541
67	8008574
67	7995210
67	4593500
67	4728027
67	6818560
67	4198986
67	2288912
67	2022551
67	2076520
67	1192667
67	4280341
67	4714396
67	1928685
67	371093
67	6128635
67	4435501
67	1899420
67	5858873
67	2808046
67	5701180
67	4899370
67	5191365
67	2338543
67	1288608
67	8818303
67	1713837
67	733299
353	8735807
353	873870
353	917828
353	5222298
353	8688747
353	2467938
353	7217982
353	2490458
353	5738033
353	7418983
353	6113019
353	6414410
353	2790659
353	8643878
353	1754473
353	8172780
353	5436925
353	3526445
353	1387249
353	881659
353	1902869
488	5777088
488	2328152
488	6938310
488	4596793
488	3662269
488	826302
488	6801387
488	8379153
488	5551608
488	426261
488	3589172
488	8656930
488	6706844
488	6054851
488	169731
488	4420909
488	8379905
488	5081635
488	5802820
488	602996
488	1849484
488	5646312
488	7733592
488	1969432
488	6256343
488	2738534
488	3752696
488	6048335
488	5325772
488	6827584
488	7700165
488	8345401
488	3847738
488	5320895
488	6124666
488	7875494
488	2533924
488	3323114
488	2153404
488	6411910
488	5257598
488	6841502
488	5409406
488	3346590
488	8211025
488	5800789
488	7803147
488	5770738
488	711292
488	6963185
488	6731464
488	620290
488	8350918
488	4598644
488	3210381
488	5082610
488	1294238
488	8481792
488	1398714
488	1550916
488	8120933
488	1833770
488	3982658
488	6476612
488	3192675
488	6212509
488	1318230
488	6620194
488	7780135
488	8513302
488	6251064
488	211482
488	899153
488	1245516
488	4321842
488	475546
257	8469440
257	2695142
257	8677531
257	2482945
257	403345
257	7988235
257	3630270
257	6248258
257	6374721
257	2634256
1022	5352675
1022	7829635
1022	3124950
1022	8396894
1022	1099568
1022	3550798
1022	37247
1022	5596842
1022	8297242
1022	8441636
1022	863899
1022	2445467
1022	5096901
1022	1305304
1022	4854133
1022	1326506
1022	5830698
1022	2781423
1022	7965432
1022	5106493
1022	8682001
1022	3000656
1022	8845570
1022	3625668
1022	1342211
1022	1455725
1022	1881978
1022	3140620
263	8593450
263	6861425
263	2564768
263	6875567
263	7528033
263	8122064
263	6001538
263	39689
263	583299
263	4801808
263	708529
263	6350314
263	7192098
470	3009232
470	4472649
470	4154286
470	4737237
470	2383561
470	539895
470	263908
470	8770880
470	5237699
470	3084270
470	2250878
470	7789012
470	1143384
470	6756573
470	4484065
470	8164711
470	1947336
470	7420193
470	5529737
470	3384782
470	4081347
470	8520186
470	5199876
470	4878613
470	7170144
470	1151942
470	1242307
470	1844755
470	7909734
470	2587944
470	4424463
470	7979750
470	7012851
470	6212747
470	7406746
470	5010710
470	6157397
470	83219
470	4523311
470	8873580
470	7934379
470	1981646
470	8778337
470	6303638
470	3599429
470	6680355
470	472946
470	807193
470	7193827
470	6106129
1292	4995885
1292	6130574
1292	2650734
1292	1214524
1292	1409532
1292	2752517
1292	4208604
1292	7079966
1292	1021644
1292	8899350
1292	7605612
1292	5042382
1292	4859783
1292	448401
1292	7029885
1292	2366934
1292	1067656
1292	8828417
1292	6209833
1292	8929021
1292	3930618
1292	2583565
1242	6758423
977	226851
977	1423569
977	4898254
977	8232183
977	7070543
977	6706953
977	5826291
977	5109961
977	2251260
977	8256360
977	3456471
977	5942076
977	3329740
977	4836722
977	8715087
977	8080937
977	3010133
977	917452
977	8085639
977	533814
977	4212757
977	4211311
977	2865498
977	8069768
977	4196819
977	8415702
977	1979751
977	8826692
977	1067679
977	6659857
977	3613060
977	965651
977	6463377
977	5863417
977	5127781
977	3529019
977	8614755
977	1660814
838	589079
838	2973459
838	6346674
838	3985262
838	6104542
838	3714124
838	4965922
838	7323215
838	6289619
838	4387733
838	8696724
838	4588663
838	4787581
838	7524293
838	1806177
838	1763193
838	6295909
838	5658137
838	316457
838	3618289
838	8503170
838	457051
838	6927572
838	6993733
838	4438062
838	8548697
838	2154860
838	5846762
838	7614640
838	3140857
838	6861980
838	4138791
838	3956874
838	1046750
1085	1141259
1085	8295113
1085	3277884
1085	1222015
1085	827888
1085	3331509
1085	5789473
1085	1984481
1085	3032948
1085	2378462
1085	3798744
1085	8046315
1085	7303563
1085	5730795
1085	5948191
1085	1715958
1085	3137331
1085	7884878
1085	1324991
1085	1273364
1085	3302148
1085	8912931
1085	4785025
1085	1530647
1085	1473009
1085	1961964
1085	4639758
1085	328415
1085	8629606
1085	6227681
1085	7943923
1085	2760570
1085	4274759
1085	2810672
1085	7408559
1085	7899392
1085	6547646
1085	1418553
1085	8185984
1085	7610577
1085	4595508
1085	2472310
1085	4134456
1085	844922
1085	7486985
1085	5957158
1085	1741289
1085	7450541
1085	7505148
1085	1616089
1085	1904985
1085	4030605
1085	6407704
1085	5428226
1085	7979086
1085	1674268
1085	2359904
1085	8579695
1085	3175589
1085	4921515
1085	5856731
1085	7816893
1085	6930926
1085	3256181
1085	88274
1085	4196275
1085	5328434
1085	6045567
1085	8500495
1085	4720621
1085	3018967
826	1675173
826	3867864
826	8125459
826	2757905
826	6648559
826	2512503
826	744148
826	3524407
826	6467124
826	359859
826	4695177
826	3554191
826	51719
826	7507332
826	8831566
826	7256733
826	1440163
826	4053508
826	6833016
826	2419583
826	5389173
826	3656411
826	8009129
826	6533166
826	1060292
826	2533710
826	7521330
826	6054152
826	6803217
826	8301552
826	6246493
826	2389053
826	8271263
826	3711356
826	900153
826	325827
826	7899824
826	6273509
826	6214199
826	3520497
826	3966233
826	2849550
826	54764
826	5234425
826	7635810
826	2644818
826	7445859
826	8009389
826	642395
826	703266
826	6256796
826	1580518
826	5822761
826	8262481
826	8176339
826	1560067
826	4216789
826	2116993
826	6633315
525	1028373
525	6227196
525	2245947
525	152503
525	4385968
607	2867462
607	4848734
607	7532846
607	170045
607	6508041
607	1820879
607	4954563
607	4477932
607	963017
607	2933475
607	7869325
607	2022474
607	143619
607	5364282
607	5541825
607	5624850
607	868101
607	8329672
607	3600412
607	4141108
607	3465846
607	7222937
607	7820013
607	5381368
607	218573
607	3126573
607	3383364
607	2644414
607	8177038
607	7638651
607	2221913
607	4028705
607	7976484
607	6005265
607	81017
607	1210428
607	6520660
607	6058039
607	8621119
607	8034147
607	6803183
607	4099166
607	3407231
607	3612642
607	3275894
607	2506417
607	3403884
607	350072
607	72610
607	3514145
607	4894632
607	5453863
607	5306952
607	640595
607	4034254
607	1833206
607	3942911
607	4349467
607	5181098
607	5424525
607	870568
607	196588
607	7596522
607	5768625
607	2281535
607	8285819
607	4935657
607	1238703
607	5823909
1694	354644
1694	8581590
1694	5799862
1694	4073789
1694	7900581
1694	635138
1694	2586468
1694	3706501
1694	7875515
1694	2225160
1694	5042968
1694	6447929
1694	2739422
1694	8360777
1694	7541280
1694	5922884
1694	4508055
1694	2177455
1694	7076072
1694	2585664
1694	8862230
1694	4479818
1694	2659202
1694	4063967
1694	960018
1694	1615364
1694	3640204
1694	6277716
1694	1438392
1694	3708407
1694	4357040
1694	4800061
1694	6446318
1694	4178655
1694	3204019
1694	6789306
1694	8036485
1694	8366035
1694	2309722
1694	6141568
1694	2611459
1694	1725361
1694	3155304
1694	5361983
1694	4237753
1694	3196712
1694	3972557
1694	5283744
1694	8677654
1694	3818018
1694	5958509
1694	553908
1694	5904282
1694	733979
1694	7375211
1694	6381777
1694	2751028
1694	4185759
1694	4610002
1694	4629116
1694	3983895
1694	3191829
1694	4127060
178	3469076
178	2674253
178	4428030
178	3567688
178	6619657
178	3969728
178	7440390
178	6320037
178	8183903
178	4685574
178	8774067
178	5753479
178	8854316
178	8768664
178	2162355
178	5069445
178	8070419
178	1323194
178	607677
178	2445095
178	551896
178	7393604
178	8800310
178	3966042
178	8101178
178	2756041
178	5556354
178	2210034
178	402127
178	7965442
178	4316140
178	5052431
178	7255008
178	2983233
178	470812
178	5223578
178	1942739
178	1302086
645	150931
645	4068015
645	4268306
645	2310898
645	1937565
645	1812026
645	2252070
645	286268
645	8062172
645	6215301
645	6828041
645	7117900
645	5079038
645	4555982
645	4040425
645	2028111
645	7746975
645	486779
645	605509
645	2214671
645	2845733
645	776517
645	7702935
645	5225814
190	7717040
190	7583235
190	6836239
190	5544653
190	1778437
190	7384713
190	2452065
190	3077089
190	2601400
190	6636139
190	155479
190	1556639
190	5603873
190	295919
190	6858323
190	3357411
190	1043887
190	3706160
190	7873556
190	4967427
190	8031126
190	1579706
190	1465065
190	7053371
190	8597348
190	7517643
190	4858599
190	5700603
190	8602355
190	7470754
190	7846912
190	6040655
190	5723739
190	5293313
190	4060051
190	7252109
190	5994678
190	4499468
190	2124618
190	3762870
190	5408426
190	8364477
190	6968853
190	572909
190	3823344
190	6918242
190	3373520
190	3838576
190	7085851
190	1081420
190	2924383
190	5826151
190	4088377
190	540128
190	7753646
1316	6235017
1316	3906962
1316	4677013
1316	622613
1316	4273315
1316	1563259
1316	3917196
1316	1799612
1316	6126300
1316	1438604
1316	6067088
1316	5786647
1316	2475161
1316	5650752
1316	108746
1316	8697701
1316	2099191
1316	1471410
1316	6651363
1316	8127011
1316	5077708
1316	1305396
1316	3781582
1316	2666848
1316	1424720
1316	6935502
1316	1834035
1316	1051866
1316	673253
1316	7547727
1316	8469591
1316	8769380
1316	3889393
1316	2908551
1316	6826044
1316	3350814
1316	5829316
1316	5626650
1316	7779599
1620	5552076
1620	4422482
1620	3541524
1620	4441562
1620	7973833
1620	727256
1620	3614719
1620	6798076
1620	8187771
1620	6198696
1620	2458673
1620	6572796
1620	3253953
1620	1467380
1620	6906638
1620	8612975
1075	3794640
1075	4772676
1075	7243756
1075	8558650
1075	8203755
1075	2731509
1075	2421590
1075	2308786
1075	5949365
1075	5985922
1075	8854046
1075	1750202
1075	7392467
1075	6148622
1075	4492653
1665	4583332
1665	8397350
1665	7910775
1665	4232866
1665	5518789
1665	3695651
1665	7083471
1665	2399402
1665	8107056
1665	681193
1665	7118146
1665	942404
1665	320614
1665	208815
1665	4637475
1665	5812750
1665	4342260
1665	3562565
1665	911493
1665	1360167
1665	4606865
1665	4706907
1665	8057977
1665	5633690
1665	2982705
1665	11682
1665	103834
1665	8229822
277	5946865
277	339637
277	6532734
277	2936969
277	903390
277	4104746
277	1510963
277	4855842
277	8578395
277	3739796
277	6014920
277	8508383
277	4219951
277	6273356
277	4462650
277	2965542
277	7839580
277	8920411
277	7705809
277	359716
277	726499
277	136500
277	17312
277	6265980
277	8320102
277	7186035
277	7793554
277	374801
277	6095323
277	4388395
277	1304981
277	8209422
277	2704753
277	730484
277	5754473
277	3176313
277	3550214
277	5534668
277	1151036
277	6246588
277	719768
277	3281173
277	6166812
277	2497228
277	6469987
277	8117982
277	7255320
277	6985919
277	723827
277	5928163
277	3031200
277	7256524
277	1054283
277	7748958
277	5641348
277	4857355
277	5188453
277	4470171
277	5493341
277	2907093
277	1232344
277	2014445
277	1392333
277	118369
277	4799540
277	5501565
277	200333
277	5075445
277	4723175
277	1363672
277	8789882
277	784060
277	3077283
277	3986479
277	6841008
1787	7371682
1787	6473279
1787	8205789
1787	97724
1787	8928349
1787	6476278
1787	8906565
1787	6745987
1787	2301431
1787	3873280
1787	7085243
1787	1573986
1787	7824678
1787	3228920
1787	7473760
1787	4488125
1787	3112549
1787	119813
1787	905155
1787	586303
1787	5476058
1787	6975831
1787	1750912
1787	4853050
1787	6133001
1787	4759755
1787	7722491
1787	1995494
1787	5636829
1787	441039
1787	53
1787	7879663
1787	1952193
1787	374893
1787	7601085
1787	6399808
1787	2634704
1787	1747997
1787	2017166
1787	2078671
1787	8750500
1787	6619265
1787	251802
1787	5323379
1787	1052311
1787	809576
1787	760885
1787	7624078
1787	3355151
1787	4666267
1787	8508442
357	4912630
357	2295377
357	3761819
357	3957147
1478	299408
1478	8415689
1478	8596478
1478	3663577
1478	7915059
1478	2587482
1478	217756
1478	8724116
1478	3690075
1478	1464525
1478	6722007
1478	5984595
1478	224784
1478	2430094
1478	3489414
1478	1448703
1478	1346577
1478	6421553
1478	6296689
1478	8751797
1478	4157438
1478	4588005
1478	4132916
1478	5611999
1478	7019764
1478	3665718
1478	2587772
1478	3570708
1478	8831167
1478	393774
1478	8580234
1478	7529058
1478	3085007
1478	5891130
1478	3372703
1478	7188618
1478	4479204
1478	8852129
1478	7804471
1478	838816
1478	4280618
1478	5982395
1478	7626745
1478	5767385
1478	3701665
1478	7967338
1478	153193
1478	2340859
1478	7983258
1478	1887193
1478	1111185
1478	5865653
1478	2333804
1478	6128135
1478	3240557
823	8625201
823	7641802
823	2643668
823	1271883
823	8530023
823	3880942
823	2074264
823	1417442
823	6878080
823	5121245
823	2575578
823	6613876
823	7464026
823	5587359
823	3358234
823	2040859
823	3701475
823	2169804
823	7439516
823	3486757
823	6591651
823	1658032
823	2957249
823	911775
823	3348277
823	7885440
823	678818
823	6979644
823	2929390
823	1810219
823	5137491
823	4463346
823	1334208
823	6455152
823	5945516
823	505794
823	81809
823	6021122
823	6550460
823	2016144
823	5409767
823	5575236
823	2771570
823	1140673
823	3740612
823	601449
823	3985112
823	3679092
823	1563958
823	4221991
823	6454912
823	477857
823	5148545
823	2655020
823	1948474
823	3744633
823	6102456
823	6118910
823	2374383
823	8024011
823	513837
823	473950
823	2059029
823	4523359
823	2271809
823	7773406
823	1933023
823	4066349
823	4768927
823	965680
823	5317668
823	1474118
823	4795894
823	4525080
823	6083772
823	2018633
1175	8742487
1175	7286108
1175	3360491
1175	5994780
1175	8012437
1175	196090
1175	3635430
1175	5622520
1175	7565427
1175	7378298
1175	8337442
1175	1709318
1175	2110089
1175	4288694
1175	1385257
1175	1886782
1175	663781
1175	8900546
1175	3989120
1175	2074229
1175	8206752
1175	2061934
1175	8385568
1175	7435320
1175	7123259
1175	3090337
1175	432059
1175	8377316
1175	7370884
1175	8242764
1175	5152941
448	3994632
448	6866103
448	1936952
448	8321706
448	6207269
448	6019098
448	7305833
448	2490453
448	204554
448	3024114
448	4545659
448	3812586
448	2594241
448	285153
448	3309658
448	5610089
448	4216430
448	8599082
448	4184463
448	3315697
448	8436368
448	5591202
448	4032404
448	2679955
448	5705918
448	8674372
448	6442147
448	7616019
448	7351154
448	7716056
448	7896782
448	5652142
448	8913156
448	3990410
448	1304736
448	5760854
448	4529208
448	2037908
448	5016833
448	3731686
448	6388860
448	2178210
448	1455165
448	8324828
448	6831564
448	7614925
448	3402524
448	2092044
448	3406842
448	5157878
448	2349865
448	2932156
448	6612400
448	6405060
448	4706565
448	5695494
448	7458660
448	602473
448	7635748
1208	1985753
1208	8743591
1208	5967241
1208	7283091
1208	3675408
1208	8596550
1208	5176444
1208	7515917
1208	2359052
1208	6890774
1208	8390534
1208	8054582
1208	8812977
1208	85417
1208	2784291
1208	1130253
1208	1398401
1208	3606429
1208	6480243
1208	6992469
1208	8298864
1208	7142942
1208	3896218
1208	6181638
1208	1273745
1208	3487059
1208	5058571
1208	7293963
1208	6288136
1208	2502486
1208	8362918
1208	3315668
1208	4979498
1208	7973206
1208	4193218
1208	6802659
1208	5435327
1208	8545970
1208	1713544
1208	7148105
1208	702261
1208	4182208
924	4231433
924	3297927
924	2257727
924	4996853
924	6554361
924	6386405
924	5408118
924	307015
924	8076979
924	6998584
1024	7620601
1024	754326
1024	1091220
1024	2515150
1024	6782800
1024	2643787
1024	2550853
1024	3524586
1024	8041742
1024	7339378
1024	1525988
1024	4433174
1024	127195
1024	8652436
1024	772604
1024	8763816
1024	550968
1024	704452
1024	2181930
1024	2984542
1024	8300729
1024	6145316
1024	3981992
1024	810464
1024	7896766
1024	944594
1024	3444290
1024	7092231
1024	2981625
1024	8287394
1024	6491083
1024	4221856
1024	6743016
1024	4312657
1024	3451872
1024	6068124
1024	3649463
1024	2170193
1024	5579687
1024	5692332
1024	808485
1024	5266915
1024	6501663
1024	1659767
1024	5625489
1024	1294574
1024	7823642
1024	903620
1024	2285543
574	5997910
574	7859550
574	4688462
574	6870469
574	1922810
574	6290085
574	3340941
574	5330409
574	8502833
574	3947884
574	6889859
574	8341694
574	4151164
574	8307259
574	2596754
574	4359962
574	4701820
574	3461493
574	3349822
574	882269
574	298701
574	7863221
574	3342221
574	4900644
574	8163856
574	4282613
574	1019855
574	2324633
574	295950
574	2326140
574	119690
574	3383221
574	3533073
574	6321346
574	7566497
574	8276996
574	5758166
574	6821
574	8793204
574	1394334
574	6557627
574	1198673
574	5846350
574	4158596
574	1451994
574	6553925
574	6936374
574	1429785
574	741695
574	4530388
574	4730253
574	7222499
574	134802
574	5897273
574	3707261
574	3334010
574	7822484
574	5853287
574	7785043
574	6867297
574	7652179
1464	3590119
1464	5981761
1736	1581232
1736	2314790
1736	24411
1736	240279
1736	7478072
1736	1065133
1736	7179033
1736	5637667
1736	2017178
1736	5146669
1736	4001965
1736	2209744
1736	1795357
1736	3114828
1736	4768808
1736	2023894
1736	5196707
1736	6823963
1736	1010498
1736	3461444
1736	5312327
1736	6141111
1736	3762461
1736	6079935
1736	6974013
1736	7515749
1736	3246091
1736	8170043
1736	4902456
1736	8163751
1736	8694566
1736	7322197
1217	4261498
1217	7696443
1217	6329724
1217	8360617
1217	5154684
1217	1335608
1217	772047
1217	1206095
1217	4082198
1217	1587462
1217	2887875
1217	6779464
1217	7033548
1217	7917952
1217	6259343
1217	2942340
1217	6768639
1217	3318629
1217	4680482
1217	1380573
1217	3410869
1217	105908
1217	106861
1217	5425889
1217	6085282
1217	636644
1710	1014140
1710	3460765
1710	6830200
1710	8773297
1710	4079319
1710	3425577
1710	3254346
1710	1908945
1710	7821021
1710	28755
1710	2120380
1710	5335416
1710	6056490
1710	3207537
1710	5409328
1710	7742876
1710	3767241
1710	3079771
1710	4201666
1710	1538164
1710	4090273
1710	4959102
1710	3469877
1710	5987715
1710	4958269
1710	1795671
1710	3872071
1710	1547080
1710	3328037
1710	8282405
1710	6738788
1710	5098561
1710	5540091
1710	6534070
1710	8147369
1710	6657985
1710	4487786
1710	8429944
1710	7685794
1710	8581492
1710	6481863
1710	109826
1710	8368044
1710	803910
1710	5135690
1710	5842223
1710	3099521
1710	1409353
737	6236321
737	7001840
737	4926745
737	4641041
737	8707276
737	7162986
737	5030984
737	1516029
737	8391932
737	3038896
737	8532703
737	6229409
737	8211471
737	2544219
737	6260502
737	5870442
737	6871551
737	1893049
737	6834885
737	995240
737	4944917
737	2857425
737	4172163
737	6848411
737	6067890
737	5882759
1432	4557666
1432	8140412
1432	3795960
1432	181182
1432	3709268
1432	7630173
1432	8524729
1432	733011
1432	1133992
1432	902999
1432	5971219
1432	3787061
1432	710264
1432	6982794
1432	997046
1432	338827
1432	1218891
1432	4390603
1432	272378
1432	397013
1432	7760996
1432	8504678
1432	1444927
1432	6671096
1432	4536757
1432	661179
1432	3926848
1432	1629463
1432	3537172
1432	8267637
1432	8910085
1432	886863
1432	1851173
1432	1380775
1432	7165728
1432	859805
1432	746026
1432	5697904
1432	4800129
1432	4860049
1432	4298270
1432	3612019
1432	8152347
1432	1874926
1432	1162946
1432	3323130
1432	6008359
1432	2195832
1432	686988
1432	5383557
1432	4927222
1432	3992296
1432	3492150
1432	47792
1432	1431335
1432	5816101
1432	1397836
1432	2571922
1432	2935590
1432	4246857
1432	6448659
1432	1048986
1432	6258542
1432	6118921
1432	3919278
1432	6146545
1432	283793
1432	6440897
1432	3060149
1432	2145835
1432	7536917
1432	2487562
1432	4489844
749	7568971
749	4465016
749	2232022
749	1211569
749	1403139
749	4519148
749	7116280
749	6861715
749	2029710
749	1492529
749	451860
749	6648236
749	4154351
749	4680407
749	5262968
749	6574599
749	5772995
749	2334027
749	2116710
749	4968355
749	234629
749	3551138
749	4472398
749	281543
749	5280444
749	8463183
749	430546
749	3449305
749	1799847
749	5906604
749	4131068
749	1574751
749	715112
749	8269477
749	8184735
749	8184105
749	1682148
749	24162
749	4116174
749	8478808
749	5320119
749	1259438
749	610309
749	884110
749	3456120
749	4024673
749	6708029
749	514216
749	6331797
749	4673056
749	6186817
749	5091392
749	6795991
749	8861668
749	6704973
749	1558814
749	8365002
749	6602027
749	6108627
749	2049474
749	1956941
749	2256256
749	2799222
749	1806593
749	229905
749	3284159
1270	7475376
1270	577609
1270	4406038
1270	4283723
1270	8182934
1270	6633213
1270	458635
1270	4817103
1270	825127
1270	6669522
1270	994233
1270	5949396
1270	3185830
1270	3189006
1270	7387
1270	863581
1270	1729933
1270	8819520
1270	5654638
1270	6732496
1270	3554746
1270	2552958
1270	6319797
1270	5633966
1270	4321171
1270	4632222
1270	7542516
1270	4519334
1270	2838823
1270	3347033
1270	338372
1270	7129223
1270	1884272
1270	7891264
1270	6454771
1270	1479106
871	1542556
871	7289467
871	1361241
871	239559
871	4966896
871	5356163
871	415892
871	8504540
871	1390468
871	8069594
871	62617
871	480532
871	191501
871	1865735
871	7159896
871	926162
871	1734353
871	40113
871	8123844
871	7871483
871	7110951
871	4192738
871	5061964
871	7451544
871	603011
871	1679018
871	296532
871	6730096
871	7588628
871	7411680
871	5736900
871	934068
871	7478493
871	6844518
871	988090
871	3175149
871	1889214
871	5537797
871	8612675
871	173791
871	7351118
871	1978378
871	1633416
871	8689092
871	5527893
871	7448936
871	3092029
871	6298157
871	1750209
871	5508392
1715	2794863
1715	5795094
1715	2346371
1715	4835292
1715	5019283
1715	6427521
1715	6662872
1715	2306136
1715	3158907
1715	3124417
1715	5982885
1715	2284077
1715	7906582
1715	5547796
1715	3587788
1715	1581597
1715	4006276
1715	7195151
1715	6144709
1715	513171
1715	3002203
1715	982765
1715	610903
1715	2574064
1715	6134124
1715	6426745
1715	5878212
1715	5424172
1715	7026153
1715	5240238
1715	6762159
1715	2561924
1715	4902145
1715	2666631
1715	5366968
1715	1248281
1715	5988728
1715	2761875
1715	4618264
1715	1551815
1715	5509246
1715	2481262
1715	895056
1715	4114904
1715	6541471
1715	6085458
1715	1202889
1715	357695
1715	2127781
1715	3557434
1715	6427588
1715	2274798
1715	7881764
837	6314125
837	1385584
837	2638135
837	687602
837	6057152
837	2767258
837	2314964
837	7666248
837	4721955
837	5380945
837	2097679
837	5324130
837	5693154
837	7189066
837	700140
837	4449260
837	2652255
837	7585407
837	1602514
837	4959126
837	2470300
837	3099398
837	6651699
837	159155
837	5065852
837	1306242
837	8270716
837	4891822
837	5813507
837	230157
837	8610886
837	696261
837	2824657
837	3763205
837	2004808
837	4658619
837	8645111
837	4898090
837	7211753
837	5561324
837	1243335
837	4873780
837	7973086
837	8354268
837	7059310
837	5607935
837	7395605
837	6288459
837	7602533
837	303937
837	7213562
837	6521197
837	3336231
837	2895995
837	2778744
837	8487226
837	8910346
837	8432391
837	1896081
837	1795856
837	3489699
837	5918427
721	7815917
721	7225680
721	7809776
721	7777283
721	6205299
721	1715641
721	3468458
721	207081
721	1482348
721	387085
721	3224466
721	7269805
721	3494838
721	5454535
721	6926132
721	5852562
721	1246882
721	3198356
721	8801766
721	6312321
721	2851112
721	1307123
721	3366100
721	8517312
721	1647061
721	6869275
721	1642098
721	3506798
721	1359532
721	323403
721	7732797
721	8166990
721	2092807
721	2332107
721	5651785
721	3381287
721	1000335
721	172589
721	7561132
721	4187195
721	4309713
721	3935713
721	6911672
721	1338743
721	2751656
721	976672
721	4976529
721	8846620
721	5218357
721	8546732
721	7258703
721	7362689
721	1147609
721	5770646
721	4179100
721	6679352
721	7179504
721	1213318
721	2536599
721	3965085
721	8358296
721	3136352
721	3865024
721	2372611
721	928276
721	8458989
721	3039643
721	7840024
721	6557666
721	6561163
1763	6714456
1763	521945
1763	2869288
1763	508213
1763	4632239
1763	7274906
1763	7968694
1763	5987771
1763	3173525
1763	1180887
1763	4434835
1763	7092611
1763	202288
1763	3454650
1763	4455831
1763	3924262
1763	7761983
1763	8408172
1763	2984125
1763	3225680
1763	908581
1763	4339137
1763	5897326
1763	1020409
1763	1285369
1763	1913343
1763	4511297
1763	1860550
1763	1164682
1763	4499876
1763	3548728
1763	1122782
1763	3219130
1763	3623911
1763	2876298
1763	4072637
1763	2617772
1763	5706981
1763	8664474
1763	8054356
1763	7861847
1763	7760626
1763	1524362
1763	5016145
1763	3213178
1763	6794233
1763	5655247
1763	8098166
1763	1518173
1763	7764734
1763	1387424
1763	6744406
1763	3935203
1763	2914432
1763	8677118
1763	1073037
1502	8352767
1502	4856142
1502	6829631
1502	3297522
1502	5518572
1502	2824575
1502	1582319
1502	7607545
1502	5685657
1502	4312528
1502	5326732
1502	4439429
1502	7622330
1502	4948221
1502	1898215
1502	1403025
1502	1009449
1502	4233024
1502	5642387
1502	4847353
1502	4752694
1502	2380437
1502	1386960
1502	2289058
1502	2936692
1502	681107
1502	5362031
1502	4282678
1502	8627170
1502	6918255
1502	7343812
1502	3154746
1502	1028519
1502	1978434
1502	6918868
1502	1056679
1502	4587852
1502	6974751
1502	4132390
1502	7136652
1502	6289267
1502	1651900
1502	8259156
1502	1596339
1632	2255413
1632	121154
1632	1414998
1632	4563070
1632	8594022
1632	1015965
1632	1488300
1632	5447859
1632	5260704
1632	8071748
1632	4221908
1632	5521657
1632	6270379
1632	4179092
1632	3769046
1632	5540794
1632	578386
1236	3439339
1236	3692050
1561	4070972
1561	5203388
1561	4930348
1561	5369077
1561	3884613
1561	3498519
1561	5484570
1561	625769
1561	740999
1561	112277
1561	4095483
1561	932448
1561	7116337
1561	6768853
1561	3079079
1561	1908381
1561	7896326
1561	4676063
1561	5068288
1561	7639320
1561	8474504
1561	5145164
1561	445395
1561	6392750
1561	8240372
1561	4003071
1561	6069955
1561	5719762
1561	1940713
1561	2203734
1561	2612534
1561	6061973
1561	2604564
1561	4667148
1561	7867364
526	3555254
526	23380
526	368640
526	3910420
526	4895108
526	5518546
526	153822
526	463192
526	1786286
526	6593268
526	1240015
526	6979831
526	2323042
526	2007103
526	7820984
526	3212342
526	8666906
526	5222297
526	3574925
526	7226447
526	5065343
526	6704606
526	1670924
526	2713741
526	8079957
526	6537331
526	8234135
526	5456506
526	6738668
526	931086
526	4114458
526	7006211
526	6066555
526	7524763
526	2685951
526	4942658
526	4260276
526	1918958
526	4466975
526	4134140
526	3047582
526	4020172
526	955417
526	8182298
526	3688180
526	4387779
526	6973849
526	353337
526	7831290
526	5642505
526	1834206
526	985514
526	5922742
526	5101991
526	2259048
526	3774383
526	8843428
526	5472942
526	8112196
526	3536748
526	2864149
526	8064799
526	8728552
526	3179728
526	4901783
526	1393128
526	3090873
526	4962431
526	6926617
526	7612714
526	8148266
526	2814348
233	7974585
233	5186578
233	2236106
233	3492794
233	1064368
233	2818780
233	2721609
233	8855220
233	1383376
233	1379724
233	6993839
233	6771689
233	7766473
233	5263020
233	2146460
233	2401221
233	6757984
233	4447018
233	342500
233	681945
233	1918001
233	7049826
233	303023
233	2788853
233	1505917
233	3446524
233	5862596
233	6616831
233	6932256
233	4003701
233	1882746
233	7843836
233	3578706
233	4120320
233	601712
233	2482155
233	4549632
233	4191075
233	2703305
233	7910467
233	8647634
233	3333978
233	2544950
233	2212211
233	3132517
233	8471501
233	7723637
233	1516987
233	1040278
233	8603087
233	442802
233	4389275
233	4352727
233	1035787
483	5098534
483	6632895
483	6064694
483	6956467
483	5778336
483	3457039
483	5993700
483	4767253
483	7594326
483	5628379
483	837431
483	2797861
483	6524590
483	7055160
483	4706392
483	2046906
483	1467235
483	870303
483	3657164
483	5850785
483	1161180
1390	6099057
1390	6862648
1390	8039279
1390	911327
1390	2683540
1390	6341488
1390	783816
1390	2675730
1390	6885348
1390	6717070
1390	8632868
1390	1882820
1390	8765376
1390	8544448
1390	160390
1390	3082955
1390	5842404
1390	969169
1390	6218380
1390	3312415
1390	4168290
1390	5331199
1390	5303870
1390	3788092
1390	3197395
1390	5043860
1390	6686604
1390	2111942
1390	7915499
1390	3714821
1390	796235
1390	8735630
1390	2974337
1390	4272336
1390	1611091
1390	533515
1390	2477200
1390	3559104
1390	6482007
1390	1752304
1390	3801256
1390	3101162
1390	1587069
1390	3543423
1390	1943406
1390	4345194
1390	2834824
1390	6001208
1390	2359549
1390	2171673
1390	3258048
1588	8563151
1588	1548935
1588	1857098
1588	8070913
1588	5936209
1588	2911623
1588	2602697
1588	6088083
1588	3710647
1588	6454273
1588	6581232
1588	1305360
1588	4893530
1588	2261421
1588	5899419
1588	7502581
1588	6843533
1588	3543762
1588	1618642
1588	1607856
1588	1100269
1588	6397615
1588	7431369
1588	5203924
1588	1714805
1588	5053124
1588	3901560
1588	3429759
1588	1694754
1588	7275970
1588	5661785
1588	3485658
1588	2573884
1588	6705560
1588	3377210
1588	2471797
1588	4904905
1588	7209831
1588	8882854
1588	23843
1588	8734392
1588	2021185
1588	7479300
1588	4828185
1588	3005644
1588	7020031
1588	3609436
1588	8600479
1588	6509388
1588	2485624
1588	208305
1588	4481640
1588	8184985
1588	6914812
1588	8451145
1588	8216840
1588	6993038
1588	681636
1588	6394390
1588	6934972
1588	5222704
416	8029529
416	6277651
416	2543559
416	309807
416	150106
416	6154845
416	6180923
416	5251873
416	3084395
416	3762448
416	2879921
416	8520633
416	8733457
416	942780
416	1157866
416	3665122
416	7929911
416	315988
416	425940
416	2399678
416	2825746
416	5946176
416	7780176
416	8088646
416	8355468
416	7736951
416	5379689
416	2185137
416	6896870
416	1221473
416	6536817
416	6404813
416	5725982
416	8337899
416	7249433
416	7370528
416	5447075
416	8446759
416	3086740
416	5934370
416	7893581
416	8645237
416	2887544
416	3389090
416	2155774
416	5512187
416	1759437
416	1881991
416	8239597
416	6919533
416	8849918
416	491044
1301	5939884
1301	8575379
1301	3744075
1301	7390957
1301	4660492
1301	5048904
1301	3897884
1301	2253744
1301	5035754
1301	1883434
1301	6067275
1301	501987
1301	948327
1301	8868547
1301	638566
1301	4187850
1301	249723
1301	8262297
1301	8067610
1301	4559452
1301	1399167
1301	1163057
1301	3688276
1301	6806168
1301	3797957
1301	6288195
1301	3412248
1301	5474692
1301	5009789
1301	1370111
1301	4501409
1301	6881057
1301	8564740
1301	5166405
1497	7556261
1497	541241
1497	3678630
1497	8876346
1497	2874769
1497	8798783
1497	1808740
1497	5997153
1497	1348482
1497	4815483
1497	1967958
1497	7184900
1497	3940285
1497	4670379
1497	6721371
1497	6959923
1497	4140140
1497	6053638
1497	8744629
1497	8288187
521	11020
521	8231705
521	405785
521	8908600
521	6616522
521	1833256
521	5859908
521	1070138
521	1305823
521	4124574
521	7846717
521	7453220
521	1376182
521	5760377
521	8410719
521	4817038
521	7487125
521	6363915
521	595944
521	8137330
521	896905
521	6038481
521	7835794
521	2535820
521	3811662
521	6515453
521	4498848
521	313264
521	1584000
521	2944054
521	1936412
521	3723516
521	761705
521	5980547
521	885167
521	743112
521	3776690
521	1938307
521	496431
521	6463323
521	2982948
521	1886868
521	4248609
521	5304850
521	8262180
521	2351991
521	2114244
521	8571742
521	3105822
521	1776437
521	4008939
521	6222964
521	3947642
521	1899245
521	1460607
521	4408421
521	1302802
521	7972615
521	984074
521	1074181
521	473987
953	2870420
953	6616385
953	1555790
953	2180431
953	5165850
953	4533231
953	4662569
953	1496162
953	2936051
953	3377091
953	5860379
953	2695488
953	8366788
953	7070223
953	3759211
953	4690149
953	7435030
953	3658791
953	2421397
953	7145806
953	4215510
953	7633868
953	361276
953	3968683
953	1506698
953	302345
953	6511747
953	5965960
953	2679140
953	6395931
953	1735647
953	2691035
953	4383626
953	8587133
953	4862156
953	688418
953	1983436
953	6170961
953	6357652
953	1302621
953	907451
953	5809765
1308	4740268
1308	7161217
1308	7934343
1308	8236548
1308	8569595
1308	3688827
1308	4869783
1308	8673280
1308	6886942
1308	2341051
1308	7093890
1308	2103609
1308	5863836
1308	5930964
1308	8350937
1308	2631004
1308	3411073
1308	573214
1308	7205212
1308	6338354
1308	3902770
1308	3891819
1308	3663868
1308	3952197
1308	6736641
1308	5185382
1308	4544141
1308	7405520
1308	4908230
1308	4674150
1308	6425104
1308	2183842
1308	5811358
1308	2250549
1308	8256506
1308	7600844
1308	5382639
1308	4626629
1308	7702954
1308	4914070
1308	6743898
1308	697402
1308	5542108
1308	8155322
1308	4616415
1308	2397032
1308	5168239
1308	5503258
1308	5682121
1308	565049
1308	1039632
1308	5757098
1308	915085
1308	6673003
1308	3683606
1308	222546
1308	4814657
1308	7254301
1308	294060
1308	1844297
1308	6380705
1115	6782748
1115	2647406
1115	5941443
1115	4371041
1115	3945642
1115	8310016
1115	254423
1115	5081828
1115	7658765
1115	2696120
1115	7928160
1115	92725
1115	180422
1115	4626298
1115	3439223
1115	6639402
1115	7414529
1115	1900150
1115	8466450
1115	5914095
1115	4214214
1115	8898916
1115	6399843
1115	2488859
1115	3074177
1115	5603990
1115	6299519
1115	7738390
1115	7467055
1115	1734638
1115	5764187
1115	4846963
1115	1259892
1115	6449877
1115	4451525
1115	4189710
1115	2110967
1115	5811763
1115	7670629
1115	5551569
1115	6346096
1115	6067311
1115	7431493
1115	2980777
1115	2604265
1115	8687896
1115	26106
1115	6457984
1115	2029408
1115	5923
1115	2656288
1115	2336178
1115	8616535
1115	4908054
1115	6789570
1115	5120956
1115	5600662
1115	1129689
1115	5202907
1115	2430308
1115	1946050
1115	3637855
1115	4806991
1115	1979748
1115	807446
1115	5565370
1115	367821
1115	430665
269	5814412
269	5407095
269	3651829
269	7136443
269	7794923
269	8190315
269	8012869
269	4968507
269	6476351
269	6973405
1093	5074267
1093	2051724
1093	8713554
1093	7478650
1093	8819671
1093	1714203
1093	7560662
1093	1008551
1093	93107
1093	2956371
1093	4171806
1093	186769
1093	7484341
1093	2198547
1093	6142874
1093	8761148
1093	2271655
1093	4619282
1093	1603692
1093	7699242
1093	7830996
1093	5026296
1093	2337919
1093	7301897
1093	572150
1093	7523115
1093	5080619
1093	2235617
1093	2890616
1093	5358437
1093	7130428
1093	6278712
1093	6536129
1093	4057907
1093	5522871
1093	6970978
1093	106619
1093	1992124
1093	3621987
1093	8444365
1093	2727053
1093	4374977
1093	5786099
71	1311842
71	4953850
71	3681126
71	6431035
71	1681264
71	462286
71	978863
71	2503662
71	7927918
71	7442871
71	6724914
71	4081569
71	4850995
71	7205761
71	927839
71	3733927
71	4548232
71	2778383
71	6413595
71	8350861
1689	5517347
1689	7742369
1689	3910632
1689	6158478
1689	1302750
1689	7898390
1689	862451
1689	8920781
1689	2820047
1689	3897204
1689	4072654
1689	3401207
1689	7165360
1689	7568276
1689	1284738
1689	7125702
1689	2665373
1689	2314057
1689	2894143
1689	2664195
1689	8514352
1689	670383
1689	5031714
1689	1510405
1689	7845033
1689	927052
1689	8383988
1689	4446579
1689	1495914
1689	7745827
1689	3772018
1689	2111853
1689	7483757
1689	7085153
1689	4037291
1689	8079444
1689	5474452
1689	525632
1689	151500
1689	3319023
1689	6853534
1689	25611
1689	4642341
1689	1038859
1689	5949645
1689	3278616
1689	2495257
1689	5948215
1689	138844
1689	6860103
1689	6039134
1689	1898716
1689	6512986
1689	8238812
1689	5290661
1689	5138225
1689	910977
1689	447963
997	2825453
997	1142122
997	4188705
997	4854429
997	5021889
997	1148624
997	3908366
997	7741954
997	734921
997	5290889
997	3392430
997	7912974
997	3014415
997	4206959
997	1412415
997	8383493
997	6419907
997	81073
997	4204582
997	2180341
997	8932068
997	5061744
997	2440065
997	6953329
997	4511648
997	6935848
997	4853809
997	4774081
997	5756414
997	2009062
997	241247
997	2448772
997	3988376
997	5261539
997	4217736
997	6184177
997	4738106
997	5444683
997	747493
997	5278965
997	7573771
997	8028303
997	6349805
997	4251720
997	792735
997	6628854
997	3274187
997	4134047
997	2221902
997	6619191
997	7923689
997	4874455
997	2704010
997	8568976
997	4468180
997	5002139
997	3500156
997	983805
997	727201
997	8506507
997	6532695
997	2611880
997	4556876
997	7418122
997	1004312
997	3464645
997	8472629
997	1054478
1749	5833666
1749	5384022
1749	1138952
1749	6249618
1749	4789724
1749	1479309
1749	3008355
1749	3835394
1749	3919802
1749	38825
1749	4832596
1749	5378503
1749	5042374
1749	7270166
1749	5820570
1749	4585113
1749	8016877
1749	7709276
1749	3979980
1749	1231868
1749	4532517
1749	7769336
1749	3878063
1749	973768
1749	2862330
1749	2532122
1749	3979967
1749	7649768
1749	8421244
1749	8888345
1749	7994268
1749	4921421
1749	5031895
1749	5188691
1749	5396772
1749	4502014
1749	5757809
1749	6706411
1749	855905
1749	519196
1749	4108212
1749	1987792
1749	2867951
1749	3817076
1749	425182
1749	4837440
1749	2401922
1749	2699870
1749	2128
1749	2941437
1749	5232570
1749	7094742
1749	8703961
1749	449215
1749	3528450
1749	7218150
1749	1453512
1749	8203140
1749	7509717
1749	4135152
1749	119303
1749	3551462
1749	6463316
1749	4741336
1749	5054635
1749	1643762
1749	5268795
1749	3523393
1749	4116779
1749	1260971
1749	1652422
1749	5682769
1749	4474722
1749	3855168
1749	694056
1749	6312317
1749	7435604
1749	879725
1749	1624858
1454	6905609
1454	2784402
1454	6095104
1454	4882150
1454	7930855
1454	7718035
1454	7549825
1454	155560
1454	3411414
1454	2121816
1454	8622943
1454	6582218
1454	1280008
1454	3141138
1454	4243382
1454	4385435
1454	5731869
1454	5268611
1454	7392995
1454	2558380
1454	2296159
1454	6198644
1454	4657802
1454	7434381
1454	6927191
1454	2390517
1454	7224865
1454	4073487
1454	378867
1454	1256117
1454	3422310
1454	6121854
1454	4313393
1454	1650127
1454	6279701
1454	4845940
203	2862337
203	2742208
203	3596343
203	6622144
203	3636044
203	8183399
203	6956291
203	3520027
203	4923644
203	8016302
203	3552892
203	4548029
203	6428824
203	4972365
203	8450661
203	2284531
203	6048520
203	2465371
203	3411832
203	6104636
203	3947086
203	148083
203	6595585
203	2834407
203	6861717
203	358798
203	8802815
203	6087425
203	4441007
203	5905312
203	6038948
203	3788008
203	6396447
203	7353086
203	3595022
203	4599354
752	7126661
752	8811077
752	3820443
752	2309220
752	3899004
752	908009
752	5419500
752	2943924
752	5113451
752	3948024
752	2662333
752	6883259
752	5920188
752	1305969
752	986284
752	1605753
752	3580944
752	8430110
752	976060
752	5096385
752	2228836
752	2901961
752	8385058
752	6769513
752	5905464
752	7076212
752	6477557
752	1789725
752	5596067
752	5620031
752	611791
752	6464320
752	2955254
752	6842918
752	4065861
752	322396
752	637480
752	7271317
752	4699963
752	74707
752	8149545
752	7948650
752	6735795
752	2998208
752	6542334
752	6427589
752	6468374
752	5402796
752	8413501
752	1664692
752	7380283
752	431178
752	2843981
752	8144042
752	8285748
752	4817926
752	285920
752	5765892
752	6269828
752	5133206
752	3921628
752	869612
752	6722915
752	6986785
752	3453356
752	1631953
752	3620837
752	8495596
752	4763944
1403	8520639
1403	1901934
1403	4978897
1403	5410829
1403	3046565
1403	3880486
1403	828665
1403	7571574
1403	3066173
1403	7642265
1403	3611388
1403	4527531
1403	8259416
1403	1051230
1403	5378687
1403	5419776
1403	7142747
1403	214613
1403	6171822
1403	6494142
1403	737142
1403	3580913
1403	5134784
1403	6492964
1403	8586989
1403	1500406
1403	5142291
1403	8826638
1403	8258668
1403	486386
1403	3247577
1403	2788282
1403	5929018
1403	4828814
1403	4118180
877	2858968
877	3860106
877	3292433
877	498440
877	6056187
877	5221838
877	2914873
877	4028651
877	6218802
877	6235767
877	1912513
877	726084
877	539947
877	7857255
877	3217951
877	8069460
877	3583801
877	8252058
877	8313191
877	2602674
877	1434783
877	5664567
877	2545604
877	1675450
877	1413958
877	734105
877	4799120
877	7334700
877	7917945
877	2530741
877	123897
877	3661268
877	8442053
877	6839157
877	5871216
877	2824996
553	4723534
553	7630727
553	2747867
553	2117561
553	4507514
553	2137080
553	367793
553	8268151
553	4178951
553	7231080
553	1697472
553	1996016
553	3776861
553	2495476
553	8326012
553	3141581
553	6630898
553	7443582
553	899895
553	7833698
553	7856871
553	8369669
553	4875465
553	5413081
553	7709168
553	1256848
553	8777882
553	6626124
553	6222811
553	2756742
553	697826
553	7114837
553	7869397
553	6948825
553	670936
553	2048867
553	2662131
553	1838464
553	1021211
553	5751596
553	7623210
553	6331986
553	4492516
553	753649
553	7261279
553	5799052
553	97597
553	4278999
553	2852686
553	1033117
553	7561058
553	1134718
553	3617487
553	8494326
553	2261406
553	163920
553	1100883
553	7526182
553	7405585
553	2557864
921	5195666
921	1996526
921	97889
921	2558145
921	1815462
921	8015866
921	3295444
921	5330311
921	7902038
921	573160
921	3420134
921	437886
921	1247552
921	7037186
921	7898503
921	1874439
921	1209046
921	661740
921	504751
921	171488
921	5361230
921	650884
921	8457689
921	6852486
921	1006599
921	8014432
921	1923637
921	26037
921	1704848
921	6414271
921	5832176
921	2715329
921	4762317
921	533077
921	1265565
921	3530887
921	2818241
921	5320588
921	7401433
921	1682044
921	2078489
921	5131322
921	1923748
921	3742214
921	4168033
921	2851981
921	7242145
921	7817261
921	2443449
921	6396355
921	294033
921	7373287
921	5286681
921	5193715
921	6118476
921	7422407
921	704826
921	7969827
921	2100776
532	6239186
532	124808
532	2018632
532	8300336
532	3716405
532	8482022
532	4878781
532	256581
532	6708364
532	730791
532	1661141
532	6641681
532	1454855
532	7070773
532	8602134
532	1312859
532	892260
532	987425
532	1005639
532	5461236
532	4597600
532	1917276
532	5083533
532	5417605
532	4373195
532	3607992
532	1467934
532	8452171
532	6042012
532	602528
532	4485559
532	8331992
532	8395562
532	8405302
532	39248
532	3191796
532	7005311
532	3495377
532	2946606
532	7819866
532	1648896
532	617800
532	2300372
532	6961315
532	2432927
532	8793612
532	813051
532	3230972
532	5394305
532	186563
532	8415478
532	7650702
532	2983052
532	4353432
532	6089526
532	5983179
532	8663355
532	913787
532	4521143
532	8562870
532	635775
532	7346073
532	4618852
532	3631509
532	5243362
532	2079757
532	6036291
532	1092935
532	7109587
532	4494451
532	6529077
532	3055446
532	3815945
532	5303643
532	6091685
532	8657185
532	7035536
532	6603925
375	2397027
375	4717756
375	5142138
375	302111
375	293536
375	3554684
375	6566497
375	3478062
375	8668308
375	8184001
375	2270250
375	2513084
375	3679697
375	753327
375	6604392
375	4178371
375	7488811
375	6642512
375	1066115
375	3454908
375	8679842
375	5363431
375	3240639
375	979320
375	3055222
375	5668001
375	961485
375	5297677
375	1189425
375	7016898
375	214385
375	546221
375	566824
375	3795450
375	5504994
375	2110175
375	5545930
375	5081680
375	3674185
375	5360395
375	7992642
375	5068456
375	7752896
375	2885156
375	8917848
375	2440289
375	6556109
375	6918078
375	3610060
375	4510955
375	8815727
375	2907640
375	6949698
375	196229
375	477053
375	1836283
375	2578329
375	3223090
375	7966236
375	7349350
375	7908955
375	112635
375	3213713
375	911403
375	6349132
375	672959
375	7955729
1322	6904643
1322	4692357
1322	8396278
1322	7335348
1322	4577561
1322	7400569
1322	4493191
1322	5523241
1322	6584280
1322	3351762
1322	7246340
1322	5789442
1322	7990420
1322	7870499
1322	2960324
1322	8874482
1322	3851580
1322	6425510
1322	4526535
1322	4022493
1322	6234434
1322	6787657
1322	1820470
1322	4816658
1322	6035616
1322	5888424
1322	8763691
1322	7190217
1322	6451588
1322	6680104
1322	2577034
1322	8490742
1322	2951581
1322	8827362
1322	1080513
1322	7483609
1322	7579805
1322	4987822
1322	6738481
1322	5841225
1322	5121673
1322	7288411
1322	3649028
1322	5720604
1322	4058967
1322	3046788
1322	1594667
1322	2105491
1322	8351820
120	2296364
120	4277731
120	1425457
120	7382390
120	1356764
120	4067832
120	4335422
120	7125885
120	944002
120	91632
120	1945585
120	2305673
120	7194386
120	910353
120	519231
120	6778454
120	2311343
120	4132395
120	7484241
120	8084111
120	7150673
120	1524410
120	2203553
1642	3639550
1642	5938130
1642	3111284
1642	2919078
1642	6135517
1642	166490
1642	4131349
1642	4147094
1642	5719990
1642	7129875
1642	5182625
1642	6554357
1642	7798325
1642	8112630
1642	473850
1642	5529703
1642	6401808
1642	4936345
1642	5950958
1642	6718832
1642	6888271
1642	3800256
1642	4695135
1642	7902715
1642	503654
1642	4753643
1642	4780511
1642	8100155
1642	6028749
309	4359578
309	2680162
309	8440422
309	2470075
309	524213
309	8237448
309	2017725
309	7565375
309	2154386
309	3905298
309	2691060
309	1698153
309	6337846
309	4434459
309	4816444
309	4707292
309	1151054
309	3946773
309	4605577
309	5311315
309	8737889
309	7949391
309	1824875
309	7843205
309	6213925
309	3537590
309	5478937
309	5664588
309	6639816
309	384414
309	1867146
50	8345635
50	8281380
50	4487936
50	6231069
50	4654678
50	6284439
50	4170791
50	6420946
50	1071611
50	8788517
50	7318283
50	4970539
50	6261739
50	4447213
50	1004394
50	6302047
50	7151025
50	2418413
50	6601656
50	7924538
50	5941252
50	1472972
50	291556
50	4653002
50	4583268
50	6641099
50	6633305
50	6760292
50	335269
50	2255951
50	3705474
50	1594806
50	393700
50	5505635
50	6162636
50	3195987
50	1020452
50	7557265
50	442575
50	1452340
50	3667453
50	7645957
50	5045043
50	2277323
50	8869263
50	5637901
50	5837441
50	8925336
50	3791816
50	125676
50	4369677
50	1455588
50	809868
50	5159854
50	3602930
50	2552092
50	5398562
50	506835
50	834522
50	8203712
50	7290647
50	7262449
50	4747134
50	5166430
50	6721304
50	3095864
50	2171639
50	2095347
50	112043
50	5844310
50	2402289
50	901986
50	8267626
50	4983427
50	6829252
50	2287373
1578	7905814
1578	1991229
1578	1614388
1578	697150
1578	842172
1578	2856329
1578	8738686
1578	1028632
1578	2445226
1578	4041470
1578	7573408
1578	2548915
1578	6452389
1578	8459835
1578	311032
1578	7648749
1578	4890449
1578	1815762
1578	4555467
1578	4865572
1578	6456009
1578	24264
1578	3075861
1578	2941269
1578	4522889
1578	6078134
1578	7714289
1578	1945129
1578	4883633
1578	3462903
1578	2620817
1578	8263807
1578	1569356
1578	5698134
1578	8862617
1578	6414582
1578	3110928
1441	8399691
1441	5279658
1441	8143466
1441	301692
1441	8271261
1441	3942814
1441	7923204
1441	1382389
1441	8653137
1441	7599729
1441	5681141
1441	6022558
1441	2331483
1441	2077712
1441	8210323
1441	1367767
1441	7473167
1441	3765898
1441	2676056
1441	8577905
1441	1915767
1441	3509628
1441	1370479
1441	851642
1424	8333009
1424	8871074
1424	8909293
1424	1191011
1424	7030218
1424	1778243
1424	8808595
1424	7077483
1424	6926254
1424	3409757
1424	2555317
1424	111146
1424	4574608
1424	7520820
1424	659212
1424	174150
1424	5717446
1424	4490182
1424	6413703
1424	5445960
1424	7912914
1424	7793288
1424	6429625
1424	7374571
1424	2255410
1424	4861555
1424	1819915
1424	3758609
1424	1623596
1424	6320521
1424	6083494
1424	5163632
1424	4086121
1424	6695292
1424	2771390
1424	4297600
1424	5708304
1424	6336740
1424	2304242
1424	2199699
1424	2140339
1424	2242367
1424	3647478
1424	6552188
1424	7156105
1424	4134342
1424	3511206
1424	3828051
1424	4986439
1424	8185441
1424	3133037
1424	3061816
1424	1942957
1424	3635629
1424	3333783
1424	3312714
1424	7980938
1182	8700319
1182	1967593
1182	601451
1182	6783475
1182	5190365
1182	518261
1182	5457078
1182	3513459
1182	1114758
1182	7422927
1182	5682033
1182	4681627
1182	1959048
1182	1380477
1182	134848
1182	5884092
1182	5732896
1182	2786496
1182	6049177
1182	5205578
1182	4715498
1182	7151675
1182	6697020
1182	6959353
1182	7770329
1182	8717113
1222	7525801
1222	1600333
1222	2011283
1222	3244108
1222	8065145
1222	8317165
1222	6637302
1222	3380338
1222	4295202
1222	1221522
1222	7496316
1222	5469726
1222	3595527
1222	6538346
1222	7346564
1222	3506828
1222	5519483
1222	4808015
1222	8702071
1222	2502766
1222	859007
1222	5000135
221	2907582
221	7812166
221	2264946
221	4891882
221	3854582
221	7730085
221	8259988
221	6373267
221	6257696
221	8156997
221	2858382
221	7036975
221	1289277
221	1710181
221	7220899
221	5693087
221	5099643
221	8391665
221	6455141
221	318039
221	2476903
221	6905526
221	2629352
221	5076618
221	7953321
221	1406574
221	7633143
221	7218985
221	1390999
221	8608002
221	4791555
221	7421583
1174	7316107
1174	5753764
1174	2058467
1174	2566034
1174	5610255
1174	4287750
1174	5939396
1174	3697543
1174	4493201
1174	7549864
1174	2451550
1174	5721682
1174	1312337
1174	5261836
1174	1428493
1174	2707740
1174	3179931
1174	3004215
1174	5251933
1174	8488800
1174	7962195
1174	836903
1174	2533331
1174	32807
1174	3966626
1174	8182729
1174	2745861
1757	8201478
1757	3850364
1757	6422055
1757	6793433
1757	586020
1757	6014535
1757	5726261
1757	2895709
1757	5586059
1757	1578719
1757	5237934
1757	7445014
1757	2045233
1757	1350209
1757	8115783
1757	3107416
1757	4489921
1757	7681056
1757	8056701
1757	5452377
1757	7476607
1757	8722069
1757	5781702
1757	1101587
1757	4490356
1757	859781
1757	3446108
1757	8752792
1757	211885
1757	8857853
1757	7869251
1757	2020678
1757	1582155
1757	4651518
1757	5323678
1757	5326233
1757	4094989
1757	3121855
226	1099695
226	6050253
226	256993
226	302799
226	2006944
226	2779637
226	4118766
226	1461146
226	5899031
226	2490680
226	3793283
226	7073921
226	901414
226	1125417
226	1565734
226	2903710
226	4687053
226	3590582
226	8100876
226	6459046
226	102462
226	2800698
226	6554211
226	5524493
226	393487
226	5541985
226	7771166
226	2553328
226	3974563
226	7192902
226	1212279
226	1180249
226	7518572
226	761801
226	3946797
226	425074
226	7728139
226	5328867
226	1347475
226	319694
226	8665947
226	8179325
226	6016723
226	3633893
226	7455579
226	2181026
226	3276022
226	2254421
226	2274604
226	5559631
226	3405234
226	1629197
226	2691292
226	5562664
226	1995323
226	174152
226	2619941
226	394966
226	7994324
226	4797372
226	958393
226	1254708
226	4096601
226	7500246
226	6500668
226	1568900
226	6132555
226	1158848
226	3092562
226	7162332
226	6913846
226	1128875
226	1078376
226	6505620
226	3798002
226	4912211
226	2110176
226	703979
226	1208074
331	1217904
331	5277284
331	298871
331	7071196
331	7978192
331	8222683
331	1293913
331	1878859
331	5215322
331	3920408
331	8401312
331	655039
331	2623795
331	5858146
331	1998416
331	5355664
331	6811084
331	4107534
331	8671965
331	6413121
331	1638045
331	8764980
331	7987686
331	8926721
331	5178617
331	154356
331	4150051
331	5270416
331	1428676
331	1371519
331	3435227
331	5478410
331	6533827
331	2706389
331	1835822
331	5818771
331	818702
331	7501658
331	2900795
331	2645003
331	1595640
331	5893097
331	5260537
331	3214898
331	8318867
331	1127620
331	6359568
331	5919937
331	2377103
331	6999562
331	2968995
331	1810421
331	5507497
331	5341432
331	2830732
331	5076971
331	8933408
331	7563284
331	3540113
1631	5759460
1631	7779806
1631	8212961
1631	2244686
1631	4615636
1631	3036475
1631	6840100
1631	1173989
1631	5613599
1631	7784829
1631	5548744
1631	8709582
1631	4305447
1631	4443004
1631	1813061
1631	4753806
1631	8378572
1631	3504284
1631	1107450
1631	8752682
1631	1977716
1631	5282691
1631	4915405
1631	3387369
1631	7119932
1631	8357634
1631	4386070
1631	5806442
1631	8092196
1631	7588850
1631	3437857
1631	241490
1631	8876243
1631	1297522
1631	6874145
1631	8359677
1631	2424620
1631	1656708
1631	3546695
1631	5797636
1631	4265512
1631	653124
1631	7195103
1631	875839
1631	8652988
1631	3447456
1631	8844349
1631	2695372
1631	8181268
1631	127735
952	4863179
952	7460769
952	60956
952	5954300
952	5184717
952	6455770
952	461081
952	7833350
952	6843755
952	7542638
952	8282271
952	6093453
952	5632074
952	355916
952	3984450
952	1186876
952	841918
952	5548455
952	2116912
952	5203178
952	1464308
952	8462657
952	6401746
952	7875453
952	3500776
952	3979611
952	7248453
952	4910565
952	7769512
952	4193335
952	7026018
952	7891506
952	2768378
952	3084815
952	6614103
952	5049109
952	7044072
952	5772825
952	3114088
952	8198262
952	663256
952	36677
952	235885
776	2039338
776	2655568
776	5981436
776	6107838
776	6841902
776	526764
776	2879636
776	3649712
776	3802303
776	5903279
776	5140875
776	5571862
776	4288589
776	7434536
776	3441780
776	6968734
776	4529201
776	1303236
776	5342044
776	3408165
776	3089661
776	761572
776	4206296
776	6376833
776	3085943
776	635409
776	1496845
776	8370573
776	1839639
776	8096636
776	1392788
776	2365161
776	2061219
776	3694402
776	6321457
776	5167267
776	6099497
776	3917660
776	1537704
776	4617160
776	5503634
776	2334439
776	3426142
776	1435188
776	7910844
776	7168303
776	3081098
776	6000906
776	3953550
776	458533
776	6730794
776	6042114
776	6803026
776	3131478
776	2979036
776	8223839
776	7828786
776	5917379
776	413662
776	3241129
776	7251236
776	7373821
776	4378143
776	4345360
776	7839579
776	5308235
776	7862607
776	7285738
776	7262344
776	4140324
776	161715
776	3018627
776	8140135
776	4059355
776	6042032
776	2293124
776	1162192
776	3895160
776	7543226
776	7103271
1336	1005305
1336	3931590
1336	6077728
1336	8497646
1336	5242348
1336	2238954
1336	1384213
1336	778221
1336	4496431
1336	3446788
1336	4829364
1336	7546840
1336	2993543
1336	1108967
1336	8534759
1336	1922966
1336	1476709
1336	4524524
1336	6921153
1336	4345485
1336	6883682
1336	5340324
1336	8506925
1336	6240387
1336	1225701
1336	7903283
1336	3148833
1336	8573681
1336	8827326
1758	4201364
1758	7380439
1758	4416298
1758	6609366
1758	2092923
1758	7644718
1758	8336437
1758	7179251
1758	5424845
1758	8825938
1758	2201751
1758	3051830
1758	7881733
1758	2961455
1758	933230
1758	6982098
1758	660420
1758	3067337
1758	7870611
1758	3334723
1758	5817625
1758	4023805
1758	3302986
1758	5686279
1758	932181
1758	4644311
1758	8764303
1758	8524131
1758	2930329
1758	2062015
1758	1174350
306	2406846
306	2028058
306	7531881
306	4763204
306	4757610
306	5636377
306	6079092
306	361606
306	8550066
306	715025
306	6982899
306	7426201
306	1208985
306	4087259
306	1031642
306	6498139
306	3158220
306	4928581
306	6634517
306	5169684
306	6228944
306	47690
306	7531999
665	7566116
665	392421
665	7720662
665	3886513
665	6363392
665	6775158
665	6593773
665	1314291
665	5420343
665	6362026
665	5016410
665	357808
665	2297817
665	7635355
665	1224946
665	1265477
665	8581316
665	2283355
665	918391
665	7376459
665	254539
665	1687100
576	4648377
634	5272984
634	7946654
634	4449858
634	2511516
634	8883582
634	3114785
634	5674036
634	5583956
634	4657237
634	3092889
634	3596732
634	4293641
634	7059183
634	7992096
634	3613974
634	1070769
634	4223490
634	7329689
634	6145453
634	7799726
634	2420730
634	3918751
634	2823076
634	8501338
634	1183291
634	1079389
634	7002215
634	1416833
634	4352042
634	7291518
634	6795334
634	2508076
634	3387035
634	7684065
634	6715933
634	3675103
634	6814486
634	6690536
634	5062706
634	8507285
634	1201410
634	5755071
634	2898647
634	6894163
634	170700
634	4356299
1153	5878371
1153	4655851
1153	4255903
1153	1202836
1153	2685553
1153	5635160
1153	5134668
1153	6677937
1153	1285020
1153	3300575
1153	4287110
1153	925434
1153	6104211
1153	8615774
1153	7576727
1153	4559362
1153	7018275
1153	465278
1153	2624663
1153	6308498
1153	1328753
1153	7845492
1153	8229791
1153	7828870
1153	4460643
1153	1165943
1153	6412723
1153	8809516
1153	1529550
1153	3946257
1153	3873466
1153	2001373
1153	8301549
713	2968743
713	3329486
713	427085
713	4477948
713	1038111
713	5280881
713	7213213
713	3565321
713	7887100
713	2585536
713	5524419
713	5405577
713	4832370
713	6672378
713	2153843
713	1378669
713	585966
713	2865729
713	764328
713	8519817
713	8630694
713	3277830
713	5627616
713	8920220
713	682177
713	554484
713	583740
713	7603583
713	5930729
713	499058
713	2972420
713	4995848
713	4388737
713	571362
713	2979698
713	8419180
713	8067973
713	269549
713	7183719
713	6962741
713	5674197
713	921059
713	1123599
713	6843346
713	5826719
713	3612880
713	5303095
713	787883
713	5301292
713	8066661
713	598586
713	2828360
713	2285528
713	5476148
713	4455364
713	610988
713	4004652
713	4366102
713	3531648
713	3968727
713	1452511
713	2528554
713	3453511
713	7607394
713	5279014
713	719396
713	6911166
713	1288843
713	1179045
713	4266233
713	526251
713	833549
1475	365918
1475	5265945
1475	4490828
1475	7324993
1475	3786797
1475	2594456
1475	8362179
1475	432590
1475	3346136
1475	982464
1475	228102
1475	8252470
1475	947871
1475	346321
1475	308221
1475	5794497
1475	6925622
1475	7615925
1475	1647089
1475	5856229
1475	7281511
1475	3794530
1475	8236942
1475	2750815
1475	3441222
1475	8124095
616	6499514
616	7047625
616	5369111
616	4573192
616	3646100
616	6577588
616	5128376
616	3128481
616	534456
616	1790856
616	1514682
616	1215806
616	5816930
616	2975289
616	4122191
616	8893351
616	7599964
616	5386178
616	6164971
616	4925263
616	3070095
616	2396235
616	7428494
616	1653758
616	1866710
616	6851392
616	3563384
616	2845262
616	7034336
616	6378450
616	5715064
616	3102612
616	7610016
616	8828615
616	3622336
616	1927157
616	21148
616	589189
616	756145
616	8727937
616	7420097
616	3936063
616	5670027
616	3218360
616	2174982
616	7292549
616	5816698
616	4941298
616	91332
616	4826470
616	7398130
616	1705877
1245	5795465
1245	7149805
1245	3216006
1245	4634646
1245	3291058
1245	5431822
1245	8477046
1245	348730
1245	2239856
1245	483840
1245	1833756
1245	752668
1245	7135214
1245	441816
1245	1368912
1245	1465651
1245	8922880
1245	7791818
1245	8853119
1245	7715251
1245	4642545
1245	4818256
1245	2824470
1245	409420
1245	3321136
1245	7893254
1245	486205
1245	1522651
1245	6299974
1245	3659307
1245	3300635
1245	7622420
1245	2394968
1245	3132780
1245	5038270
1245	6822094
1245	7846513
1245	3438237
1245	5333446
1245	384483
1245	4083684
1245	5345065
1245	8074078
1245	8308838
1245	7721280
1245	3651191
1245	8556518
1245	4975190
1245	4420860
1245	654784
1245	1467345
1245	6124897
1245	2233373
1245	2109709
1245	5973160
1245	6114049
1245	5980754
1245	8107277
1245	6748156
1245	897426
1245	1236432
1245	1651909
1384	7033493
1384	6960714
1384	5913567
1384	4818977
1384	4511333
1384	4988889
1384	6730228
1384	6767285
1384	2070110
1384	626623
1384	3755928
1384	2747771
1384	754176
1384	2481964
1384	3153041
1384	2201342
1384	7187258
1384	4993532
1384	4660808
1384	4263720
1384	1060568
1384	6029038
1384	3724186
1384	6521599
1384	1777570
1384	267906
1384	4698955
1384	3184801
1384	5939800
1384	599679
1384	6933575
1384	5531426
1384	6206160
1384	8894389
1384	1447981
1384	362823
1384	3374480
1384	3216335
1384	5041907
1384	57815
1384	2717642
1384	8620494
1384	3333266
1384	1634883
1384	8240976
1384	2647143
1384	1911477
1384	3534626
1384	4808338
1384	1458266
1384	5300509
1384	1948396
1384	2098706
1384	6090398
1384	5300274
1384	2072701
1384	373052
1384	8313851
1384	3230377
1384	3905866
11	5250380
11	7657652
11	2652171
11	5109483
11	5490223
11	8001391
11	7159472
11	8206289
11	5419201
11	7277898
11	6896846
11	8799667
11	4897299
11	3935865
11	5381659
11	7113456
11	498603
11	1406040
11	2689028
1691	8792726
1691	4494748
1691	3182995
1691	7857914
1691	4872141
1691	5671907
1691	2991288
1691	4791568
1691	5681660
1691	504019
1691	8579709
1691	404530
1691	2546856
1691	2075292
1691	2838486
1691	3473741
1691	1992242
1691	861675
1691	4986462
1691	8655820
1691	7529795
1691	5812302
1691	2410122
1691	3848362
1691	6351580
1691	4194883
1691	2903267
1691	358166
1691	293251
1691	5801148
1691	5439610
1691	8640561
1691	2554114
1691	3213501
1691	2410099
1691	4703190
1691	5966149
1691	6323567
1691	3311997
1691	1968792
1691	4107264
1691	5369688
1691	3786050
1691	38600
1691	8433894
1691	6892987
1691	3609552
1691	1548351
1691	6398281
1691	7395393
1691	3968766
1691	8788660
1691	6099684
1691	2260435
1691	6643809
1691	1579090
1691	2814237
1691	8307950
1691	1309609
1691	2582257
1691	566081
699	1648236
699	5588132
699	7331241
699	2566642
699	2533273
699	3539529
699	617988
699	8845852
699	191473
699	3091000
699	8507335
699	2638576
699	2303507
699	3665814
699	7821969
699	725946
699	8398626
699	2555871
699	2437030
699	1927421
699	7190080
699	6456038
699	1862586
699	5758653
699	4211222
699	4564715
699	7461691
699	6592890
699	6966544
699	2787881
699	220481
699	3999906
699	7182108
699	5856113
699	2470145
699	3683844
699	7197451
699	2127436
699	4499909
699	8270456
699	4590274
699	8537605
699	1868682
699	2450735
699	1437501
699	5979163
699	7557115
699	4724609
699	3411372
699	2353436
699	8553057
699	6771686
699	2577434
699	3684066
699	5032794
699	6177932
827	6442229
827	4164833
827	7155898
827	2972935
827	424690
827	7931212
827	104582
827	6284407
827	2068488
827	4655799
827	8077837
827	7207028
827	6116788
827	5122567
827	2166743
827	3844173
827	7306867
827	7763864
827	2772394
827	2942014
827	8405440
827	4266978
827	4806682
827	3204804
827	7378638
827	1669935
827	7093115
827	8674913
26	1502419
26	4050485
26	6708661
26	4567557
26	1318748
26	4737505
26	5897657
26	3443994
26	2265803
26	3004156
26	3779465
26	5145617
26	4743452
26	8666274
26	3189709
26	8164581
26	8919920
26	7312350
26	6136013
26	767602
26	5753973
26	8152863
26	7143133
26	8575251
26	6431542
26	4778320
26	433616
26	1632701
26	8457610
26	5125606
26	4729145
26	8237520
26	5815578
26	4808659
26	5212056
26	1606274
26	410676
26	1416115
26	6520804
672	8742323
672	1471678
672	7345316
672	2635327
672	5311740
672	6037223
672	2429802
672	1115488
672	723825
672	4999243
672	6472358
672	7031476
672	7046215
672	1761014
672	3936310
672	7516349
672	465196
672	1755102
672	1321201
672	5534355
672	1441538
672	1125062
672	8062439
672	2550551
672	3563365
672	204259
672	1160549
672	3234487
672	1590100
1513	7883122
1513	7330628
1513	233205
1513	6452968
1513	1557678
1513	5085563
1513	5217300
1513	793397
1513	5550651
1513	4877737
1513	3889278
1513	4767485
1513	4394149
1513	6123405
1513	8466898
1513	4618251
1513	6680662
1513	1240400
1513	7539279
1513	7378547
1513	3231379
1513	7635009
1513	2276582
1513	8616804
1513	5888627
1513	428581
1513	6003914
1513	1511774
1513	3799099
1513	928510
1513	4588790
1513	8253507
1513	7537596
1513	7264989
1513	4196818
1513	470081
1513	6829209
1513	6766144
1513	2799951
1513	1031828
1513	1394063
1513	3119492
1513	8714136
1513	3052012
1513	8420650
1513	429179
1513	5890946
1513	5754877
1513	7522152
1513	2215871
1513	5923660
1513	935498
1513	186749
1513	4101171
1513	2216153
1513	1860728
1513	3662073
1513	7930200
1513	3323385
1513	3844000
1513	8752014
1513	3518926
1513	7416723
1513	1899805
1513	295083
1513	6021549
1513	4553120
1513	15337
1358	8494400
1358	5511179
1358	7335792
1358	7677328
1358	1471846
1358	1468405
1358	5055905
1358	8219456
1358	7238362
1358	5091265
1358	7708863
1358	3315968
1358	6492821
1358	3086546
1358	1477296
1358	5292817
1358	8739713
1358	884593
1358	2244471
1358	968279
1358	1231989
1358	723222
1358	7776389
1358	2396544
1358	5369196
1358	7386815
1358	1863547
1358	4982452
1358	2707060
1358	797065
1358	7071482
1358	7186438
1358	943418
1358	2492682
1358	7948249
1358	2018459
1358	2508417
1358	1936631
1358	4749238
1358	5364608
1358	2020986
1358	2859696
1358	995388
1358	635705
1358	7138204
1358	7023977
1358	2882242
1358	1611317
1358	1248690
1358	238126
1358	5913691
1358	1478488
1358	1481080
1358	8201748
1358	1348504
1358	8096317
1358	2992529
1358	7373045
1358	2089880
1358	2422152
1358	6577243
1358	4594421
1358	8213374
288	3996079
288	890421
288	3142469
288	3202134
288	5548963
675	3818372
675	4756465
675	5553219
675	1621083
675	3864108
675	2138011
675	616469
675	264386
675	1591771
675	5226988
675	5451437
675	1173454
675	3914548
675	6710310
675	623798
675	6407885
675	574891
675	8808225
675	7033556
675	4497379
675	6707803
675	7581291
675	710453
675	7135894
675	1504532
675	4234890
675	356631
675	7486739
675	3773695
675	4649422
675	2107771
675	2195629
675	5522472
675	3006416
675	5946234
675	5529157
675	3367536
675	7530163
675	2990536
675	7624216
675	7156207
675	5426858
675	6364001
675	2122698
675	2937895
675	4961788
675	6560995
675	814877
675	7653042
675	703862
675	5498972
675	7805493
675	303077
675	8880838
675	3845174
675	4984438
675	8715737
675	710762
675	7168735
675	1742140
675	2622072
675	2120271
675	1570872
675	5899501
675	8740191
675	2789770
675	5801433
675	3839402
675	8255998
675	7300937
675	8641054
675	7558980
675	1843621
675	6888360
675	1994441
675	8126672
675	1121578
675	7679374
701	1764193
701	1296553
701	8317218
701	2920268
701	7126449
701	179285
701	745754
701	5855481
701	4993633
701	3841351
701	3688950
701	7723481
701	4939084
701	6771743
701	6479890
701	632938
701	2289625
701	5591351
701	7671346
701	7166324
701	2893668
701	4248705
701	7972584
701	2277795
701	3662429
701	4102225
701	2192276
701	6350235
701	3342496
701	3757096
701	4920240
701	3922188
701	3785002
701	4844699
701	8676831
701	4893956
701	7929768
701	4599142
701	643160
701	180937
701	2391930
701	8029797
701	3454028
701	978618
701	4548953
701	4799841
701	2030535
701	4632024
701	8827060
701	1248344
701	6948631
701	7200576
701	3871549
701	3320615
701	1072628
701	2895526
701	1475672
701	7732421
701	1065358
701	5434128
701	843944
701	1538428
701	7964991
701	7366924
701	8785213
701	6171135
701	7037668
701	2079264
701	6388125
701	1932057
701	6241916
701	5100714
701	7279114
701	8476561
701	3602211
701	7863731
701	8928600
701	2014211
701	8194015
1237	1294990
1237	5918581
1237	7385937
1237	7348880
1237	2006867
1237	8448704
1237	8013764
1237	8670438
1237	6722199
1237	5803665
1237	1486002
1237	3673451
1237	8014116
1237	8345777
1237	8700328
1237	6382431
1237	1000702
1237	4840722
1237	3544021
1237	6954893
1237	6321354
1237	4084565
1237	4934532
1237	7199179
1237	8222204
1237	6884903
1237	2419831
1237	1113646
1237	3950234
1237	1799639
1237	1644698
1237	7023709
1237	5833348
1237	4496437
1237	1685972
1237	8215419
1237	2092189
1237	3365212
1237	6408860
1237	653762
1237	3648824
1237	7889882
1237	4611533
1237	8237214
1237	6255285
1237	5390610
1237	2988867
1237	4439408
1237	7054420
1237	3767589
1237	1292405
1237	3320810
1142	6711524
1142	3903835
1142	1818253
1142	7113372
1142	5807618
1142	3096359
1142	7866574
1142	6480859
1142	1852721
1142	8678934
1142	8490617
1142	6180089
1142	6830884
1142	6324616
1142	1950372
1142	7336694
1142	2091154
1142	7974580
1142	1872894
1142	3212104
1142	7656453
1142	3081644
1142	4596374
1142	4614060
1142	1837702
1142	3027902
1142	4008730
1142	2080225
1142	7722941
1142	6550192
1142	308266
1142	3932762
1142	1399785
1142	707651
1142	6975971
1142	2053118
1142	3160374
1142	5833482
1142	8270484
1142	70335
1142	676826
1142	6280615
1142	8293453
1142	4267467
1142	8494250
1142	8231752
1142	5726100
1142	810687
1142	4550431
1142	6586411
1142	5690923
1142	8154531
1142	4766655
1142	2007125
1142	4012351
1142	7480553
1142	8191514
369	2880193
369	2680980
369	8627953
369	6902207
369	8491408
369	8127250
369	5640015
369	2733086
369	5838290
369	2778040
369	3969056
369	8597815
369	1840343
369	1415700
369	747785
369	2354779
369	6802000
369	7331794
369	483361
369	3973044
369	5815173
369	3634627
369	5207067
369	44699
369	4815609
369	7663462
369	6567642
369	2859634
369	4368295
369	2362647
369	8776186
369	35885
369	2297105
369	4697518
369	7698246
369	2374961
369	1177743
369	902044
369	6749432
369	5223902
369	7002567
369	3665589
369	3482615
369	3195640
369	6402896
369	8023066
369	3745438
369	7282805
369	6236338
369	6529611
369	7714831
369	6630050
369	2950958
369	3971557
369	636733
369	4551949
369	7995801
1318	3680181
1318	5664592
1318	1596524
1318	6343667
1318	5688491
1318	3851088
1318	7915497
1318	1081547
1318	7457239
1318	6723468
1318	1180511
1318	4382024
1318	7299275
1318	7740264
1318	3739753
1318	8760966
1318	8422088
1318	372656
1318	5245811
1318	4896141
1318	8889825
1318	106684
1318	2808510
1318	7780617
1318	8405863
1318	2565950
1318	438998
1318	6105962
1318	7042985
1318	2092542
1318	2376586
1318	6101642
1318	3753708
1318	8641347
1318	6100910
1318	2149577
1318	8789726
1318	652804
1318	1761715
1318	668447
1318	809210
1318	8349170
1318	5261352
1318	3739145
1318	1424062
1318	2198181
1318	3159927
1318	4958712
1318	4051224
1318	2788796
1318	8442602
1318	5134520
1318	2366471
1318	6274257
1318	3167010
1318	2058841
1318	8584050
800	3297905
800	7664251
800	1310992
800	6806812
800	2406509
800	4827098
800	5411527
800	6447116
800	3222484
800	5832968
800	3172026
800	6353033
800	5448662
800	6319741
800	7454246
800	6435550
800	5552581
800	5232850
800	6458831
800	4205967
800	2648455
800	5299569
800	7653298
800	3041062
800	5761953
800	8734275
800	4593853
800	5738797
800	825247
800	2893467
800	2623747
800	4341669
800	5104431
800	4688550
800	4469848
800	646615
800	5539477
800	2886712
800	5694536
800	8363225
800	1731479
800	1603886
800	4618497
800	5055307
800	6938163
800	2233185
800	3043373
800	8883311
800	4055059
800	6410523
800	5724610
800	1461383
800	2905792
800	6725564
800	7965241
800	8715799
800	3244793
800	821260
800	2849287
800	7458229
800	6578457
800	1069736
800	6613377
800	7910534
800	5939919
800	2378550
800	6377405
800	5136190
800	2136834
800	6122752
250	344619
250	481592
250	1392737
250	8214101
250	486033
250	7331765
250	8152144
250	245874
250	5978409
250	2313002
250	590665
250	1472784
250	6802383
250	5468830
250	6500487
250	2153836
250	5152607
250	8186958
250	6955710
250	6359738
250	8365388
250	3876656
250	5939944
250	4659936
250	353275
250	1225600
250	2140404
250	8647732
250	5569067
250	8673205
250	8348701
250	8406985
250	4137190
250	1919583
250	3065750
250	272037
250	5178403
250	581929
250	4527463
250	8926072
250	4070461
250	2744432
250	8831313
250	7354712
250	8197602
250	4393102
250	441603
250	7461594
250	3671289
250	1126795
250	1740543
198	3547030
198	1686332
198	3435663
198	3471979
198	6089588
198	8421187
198	8669442
198	2621554
198	4803017
198	7647438
198	663907
198	4302400
198	5324350
198	146108
198	3395771
198	4805279
198	93975
198	2952968
198	17086
198	1469730
198	2462612
198	6324967
198	8406888
198	8645438
198	2827288
198	445138
198	5860992
198	1011575
198	3246539
198	4744338
198	7067696
198	1204275
198	3185344
198	7580319
198	5798430
198	640879
198	6989436
198	4555106
198	634104
198	5651586
198	7656659
198	3189663
198	1399706
198	5386818
198	6302494
198	4359936
198	7997556
198	7042914
198	8249667
198	5977601
198	1181294
198	2204914
198	8392038
198	775118
198	6867190
198	1390902
198	735361
198	1028124
198	8378350
198	3646781
198	5438473
198	526221
198	2384459
198	5089431
198	5180800
198	1532806
198	4912932
1775	6595326
1775	6444938
1775	160204
1775	6569514
1775	8645635
1775	389708
1775	3919397
1775	7785299
1775	5185453
1775	2676065
1775	67049
1775	2942938
1775	8120883
1775	7234972
1775	3462440
1775	5866834
1775	2660652
1775	3752038
1775	3578152
1775	1065223
1775	3336824
1775	1356553
1775	7843219
1775	3542265
1775	4771560
1775	1671439
1775	4418884
1775	4461418
1775	1945182
1775	2918845
1775	6831307
1775	8264462
1775	50255
1775	1988240
1775	1780600
1775	8453234
1775	7216622
1775	3665232
1775	5817871
1775	8338544
1775	8426016
1775	4651446
1775	7207641
1775	6317502
1775	3688151
1775	1410060
1775	2236983
1775	1225084
1775	6248777
1775	2669198
1775	3327967
1775	1853944
1775	1031518
1775	6702662
1775	5744942
1775	4708515
1775	8138899
1775	703550
1775	498718
1775	2030463
1775	5628434
1775	1239594
1775	1496798
1775	6750868
1775	106854
1775	4251459
1775	4486056
1775	7960348
1775	7949166
1775	4538425
1775	38069
1351	814564
1351	1048075
1351	2687192
1351	3763789
1351	3208461
1351	4676849
1104	4801450
1104	276405
1104	1048214
1104	8549671
1104	7753568
1104	7732038
1104	7461883
1104	2516618
1104	6228250
1104	4995243
1104	3634600
1104	7693572
1104	2349862
1104	6170547
1104	5282778
1104	2027929
1104	4608532
1104	3542297
1104	3719348
1104	6437256
1104	2003115
1104	826911
1104	8918403
1104	3463802
1104	4907887
1104	1709714
1104	7018556
1104	6721598
1104	2297974
1104	2526317
1104	8864717
1104	2020249
1104	1477248
1104	7869683
1104	3242792
1104	1155244
1104	5635956
791	2640074
791	8317203
791	7849204
791	7196702
791	581303
791	472930
791	7975098
791	8233559
791	4042573
791	6336329
791	5732632
791	1337032
791	225454
791	7664890
791	4593757
791	6123100
791	2554508
791	4258999
791	2798634
791	1383974
791	689395
791	4206157
791	3778731
791	1108894
791	8378540
791	1910013
791	5406093
791	4800843
791	7983869
791	2929736
791	266429
791	3952129
791	3429670
791	7001684
791	3996484
791	3889070
791	8086330
791	6417500
791	2232681
791	5327437
791	1322061
791	7238749
791	2697180
791	604617
791	5669881
791	3546366
791	8573537
791	2252238
791	1025063
791	8558017
791	7817403
791	7341438
791	3761372
791	4181824
162	4097655
162	2844429
162	3825966
162	2169765
162	6604867
162	8105459
162	4649766
162	3242786
162	3897847
162	3258972
162	2148780
162	8814026
162	6451856
162	5593983
162	1270620
162	7076602
162	3783874
162	3774161
162	5999197
162	2514300
162	4324259
162	1805757
162	3420923
162	8851962
162	5965327
162	2920048
162	1772849
162	2252237
162	5168870
162	5554053
162	2254817
162	1690929
162	3074688
162	1053391
162	3471810
162	430112
162	1021467
162	2358034
162	2231703
162	6079091
162	5698954
162	4944093
162	3614972
162	1262893
162	5695645
162	432869
162	3692973
162	7847949
162	8901586
162	2685483
162	5182913
162	5958307
162	5276716
162	2005515
162	8452017
162	1065900
162	259520
162	4127050
162	5320044
162	5145451
162	109391
162	3384395
162	2315725
162	5214363
162	6793490
162	697405
162	1706112
162	4608214
162	7447348
162	6112889
162	2247766
162	1566884
162	6051528
162	6202134
1359	4947321
1359	2505293
1359	8644468
1359	314075
1359	4796675
1359	1974324
1359	669427
1359	5346029
1359	5863692
1359	1157786
1359	126875
1359	6995911
1359	4931796
1359	2490767
1359	4726798
1359	8347062
1359	3043920
1359	2613726
1359	3292770
1359	3653671
1359	756938
1359	5160233
1359	1881116
1359	2264822
1359	4164404
1359	7034225
1359	262134
1359	1033272
1359	6391934
1359	6532031
1359	7098024
1359	4596634
1359	5666052
1359	2938739
1359	2740006
1359	912222
1359	5846269
1359	3732267
1359	4399599
1359	833936
1359	6864084
1359	6616292
1359	6969204
1359	551462
1359	1554789
1359	8164450
1359	4126639
1359	7281133
1359	2188452
1359	876235
1359	7426570
1359	748843
1359	8287951
1359	6704411
1359	589101
1359	3363958
1359	4802694
1359	267537
1359	4721026
1359	6426671
1359	877288
1359	2267579
1359	7877897
1359	777157
1359	5819117
1359	1622438
1359	5382028
283	4373727
283	5562214
283	6154042
283	403905
283	6585849
283	452929
283	2696218
283	5824086
283	4611055
283	8826234
283	2360205
283	2044022
283	5952451
283	2834117
283	5074383
283	190996
283	6838868
283	6535630
283	4415944
283	2577450
283	2758910
283	1138938
283	1268309
283	6979186
283	2941618
283	783710
283	5331135
283	2399803
283	5652565
283	5218106
283	954787
283	1723754
283	170104
283	315479
283	5938892
283	4869594
283	5451954
283	3975542
283	6574936
283	4721785
283	670932
283	7916029
283	5596097
283	3439812
283	5166910
283	1137587
283	4291547
283	6968062
283	8792495
283	1321320
283	3984691
283	246327
283	3404157
283	2607054
283	1492457
283	7752156
283	7862364
283	5918204
283	2269702
283	5650518
283	8008906
283	1437112
283	8001093
283	8838998
283	2632100
283	1651281
283	2792123
283	1194372
283	6697661
283	728778
283	6615324
283	2639854
1303	7634135
1303	3712034
1303	2256863
1303	4685222
1303	7711332
1303	1866373
1303	4810552
1303	8479146
1303	2443064
1303	603812
1303	782260
1303	5804214
1303	5809931
1303	5432847
1303	8414797
1303	5393408
1303	4168084
1303	8843328
1303	4186381
1303	7229399
1303	5534728
1303	8137723
1303	5657485
1303	4141621
1303	679648
1303	3145503
1303	5182227
1303	3948615
1303	550724
1303	1042457
1303	1602228
1303	1767911
1303	6895560
1303	5213312
1303	226578
1303	8866897
1303	237455
1303	78387
1303	4533317
1303	2563348
1303	1231425
1303	8375027
1303	65528
1303	6598409
1303	4404914
1303	8740217
1303	507327
1303	2707849
1303	3890201
1303	5185758
1303	2413613
1303	3828739
1303	142962
1303	3540742
1303	8374566
1303	2250257
1303	2198778
1303	2018873
1303	8781548
1303	4506888
1303	4574561
637	664797
637	83205
637	3295053
637	6799455
637	2615307
637	3042926
637	7198295
637	8033854
637	4994719
637	8721625
637	2648714
637	7919354
637	562131
637	6283301
637	3830628
637	6240847
637	7416525
637	4719577
637	8396887
637	1280882
637	4228492
637	8439897
637	4232853
637	5598971
637	6833482
637	3394797
637	4941681
637	8789010
637	2092269
637	3302484
637	5841216
637	2284038
637	93677
637	8438416
637	4691357
637	7635286
637	3561818
637	6604563
637	3499249
637	2451191
637	6211718
637	2784595
79	3352140
79	3492861
79	651567
79	5940429
79	6574074
79	6647050
79	1541530
79	8811115
79	3528709
79	8270774
79	1954265
79	3207273
79	743524
79	502573
79	1895896
79	2076912
79	4503164
79	4585049
79	6292557
79	5890816
79	4001381
79	4829832
79	6503338
79	5977534
79	1175097
79	4575530
79	2883432
79	2291852
79	8096525
79	7415547
79	1854913
79	4418586
79	5063754
79	3661518
79	5030990
79	3261433
79	7581435
79	611394
79	6439291
79	4618566
79	6318176
1323	2991149
1323	695760
1323	34033
1323	2675185
1323	628567
1323	5338485
1323	7743257
1323	5992689
1323	7942892
1323	5864865
1323	7388657
1323	6814893
1323	6696286
1323	3759733
1323	6290315
1323	7539111
1323	767909
1323	1084364
1323	6251403
1323	3467976
1323	4914309
1323	6222812
1323	4556230
1323	207225
1323	4497056
1323	5413928
1323	1384525
1323	8174812
1323	300528
1323	3146942
1323	1851888
1323	7516728
1323	7738277
1323	7616995
1323	7073518
1323	8426105
1323	6919009
1323	4371596
1323	7054244
1323	8505973
1323	302133
1323	3173571
1323	5218121
1323	6344488
1323	7049456
1323	4797162
1323	5690440
1323	6580688
1323	953389
1323	1601983
1323	6057459
1323	7148591
1323	1232769
1323	4515291
1323	6210432
1323	5708758
1323	946320
1323	4211533
1323	4406996
1323	5528669
1323	7703691
1323	6720345
1323	3371947
1323	4140615
1323	3177162
1323	8856374
1323	2508904
1323	7334413
1323	36204
1323	4200903
1323	353483
1323	2139610
1323	5229148
1323	3851978
1323	7875506
1323	8413323
1323	6124046
1323	6622136
1583	1419763
1583	7021809
1583	4645847
1583	5681397
1583	5661257
1583	4736088
1583	725865
1583	1218805
1583	4402033
1583	3305765
1583	6278080
1583	378068
1583	5676308
1583	4708296
1583	1307700
1583	1814141
1583	7279850
1583	854636
1583	6138368
1583	6494554
1583	275665
1583	7220305
1583	834624
1583	6067536
1583	3458664
1583	804484
1583	3678310
1583	1861797
1583	2874516
1583	8933644
1583	586585
1583	2541409
1583	622748
1583	3892237
1583	2894560
1583	6567201
1583	3992176
1583	5254172
1583	4938269
1583	4125521
1583	258201
1583	7920490
1583	5654573
1583	1399692
1583	3681724
1583	1824345
1583	8899222
1583	2037815
1583	6206423
1583	3196948
1583	1582929
1583	6935522
1583	8244643
1583	1767653
1583	6879681
1583	6401740
1583	2566747
1583	8408135
1583	7708320
1583	3649386
1583	7875872
1583	6217529
1583	6565461
1583	3438094
1583	8354364
1583	4228964
1583	4138334
1583	319924
1583	4519778
1583	2693986
1583	3969719
1583	3086880
1583	1448357
1583	5287102
1583	4443899
1583	4885225
795	5016417
795	8438827
795	9020
795	5250472
795	3878070
795	184750
795	1469557
795	6813496
795	810686
795	4268765
795	7622554
795	3495589
795	4582817
795	831735
795	1451724
795	606666
795	6861536
795	7186778
795	2667041
795	3566981
795	5195957
795	628970
795	5280040
795	3586212
795	713785
795	3856737
795	1739467
795	1959876
795	5116308
795	7886594
795	1776705
795	6649285
795	8482144
795	8335496
795	2092953
795	5964493
795	2322190
795	2457921
795	5937987
824	3779695
824	2414265
725	682789
725	6619569
725	7933104
725	94312
725	438805
725	7178027
725	1902221
725	8268492
725	659339
725	2926700
725	4184781
725	316817
725	953888
725	6586290
725	4594483
725	7067145
725	2455044
725	3054952
725	5649902
725	7846172
725	7595981
725	7684300
725	3531970
725	7575241
725	6265370
725	6218585
725	8550379
725	7874744
725	5494786
725	3148655
725	3164444
725	887215
725	2221723
725	7773325
725	2164322
725	2831562
725	3164713
1612	7808359
1612	162099
1612	5962977
1612	534500
1612	6185651
1612	8265132
1612	1487107
1612	5665915
1612	7589565
1612	1841375
1612	886526
1612	8537040
1612	8077391
1612	4131450
1612	93904
1612	8874962
1612	5428014
1612	1581457
1612	6150003
1612	4160617
1612	1978765
1612	3954500
1612	1733407
1612	4718286
1612	2541820
1612	4091205
1612	8171490
1612	1689018
1612	8810602
1612	4310442
1612	4621829
1612	7095144
1612	5898517
1612	6456544
1612	5191965
1612	6034103
1612	3924702
1612	2262753
1612	8012712
1612	3350529
1612	4668020
1612	5923633
1612	7835289
1612	5250230
1612	7893000
1612	490365
1612	4493631
1612	38747
1612	8526318
1058	5549012
1058	5734159
1058	1607305
1058	2118657
1058	1418860
1058	5116148
1058	3403269
1058	2155930
1058	687521
1058	5490872
1058	132998
1058	7129609
1058	5001615
1058	6796797
1058	641027
1058	4368466
1058	5874707
1058	7977744
1058	2478347
1058	3361405
1058	3306378
1058	6881465
1058	2185166
1058	742711
1058	6904157
1058	6223960
1058	7871831
1058	7591339
1058	1178812
1058	4343457
1058	4560760
1058	2553875
1058	3129143
1058	2172730
1058	4265088
1058	1486831
1058	7029630
1058	5160068
1058	7644722
1058	6596837
1058	6852994
1058	2579503
1058	8059037
1058	3340649
1058	4375341
1058	7031057
1058	2623526
1058	5542343
1058	1866783
1058	4210819
1058	1381445
150	3246422
150	5086969
150	7759156
150	7133144
150	8677795
150	1690358
150	1170772
150	8147125
150	1347848
150	301121
150	4444335
150	7248385
150	1002979
150	4212166
150	1044743
150	1903683
150	1120916
150	4322247
150	3596241
150	4320921
150	1489476
150	6576877
150	6011950
150	7175585
150	7500708
150	8441128
150	1088286
150	4509933
150	2726065
150	5783086
150	1717963
150	4514622
150	6686925
150	7720844
150	4681677
150	3719307
150	7518922
150	2209477
150	1615693
150	3902626
150	6622424
150	6126665
150	611372
150	5213793
150	1303271
150	7009784
150	223310
150	5358915
150	4013378
114	4651595
114	4310450
114	724534
114	4717686
114	4715882
114	17161
114	8304196
114	7645620
114	7661289
114	3523028
114	2021732
114	5902281
114	3137176
114	7505482
114	8065751
114	5091059
114	2853069
114	1334232
114	4360969
114	1632123
114	2159679
114	3234072
114	2625495
114	8931924
114	7651538
114	2468089
114	670292
114	1136326
114	3204011
114	770199
114	507681
114	4031138
114	8792556
114	4542237
114	4210128
114	5750420
114	6072799
114	4097712
114	2194702
114	5776685
114	2664219
114	1934419
114	5446134
114	682060
114	595659
114	5953272
114	4247788
114	3767658
114	725393
114	2461831
114	5583076
114	8051833
114	885005
114	6740420
114	428212
114	5761956
114	2397363
114	6472748
114	654472
114	8718926
114	271416
114	2657287
114	5850353
114	5772874
114	3210414
114	5030987
114	1779222
114	4424678
1264	5999202
1264	4590579
1264	402399
1264	3708531
1264	7158297
1264	5574913
1264	2118660
1264	867662
1264	3130514
1264	806291
1264	8613340
1264	646922
1264	7200649
1264	8332417
1264	1213897
1264	7601499
1264	5819985
1264	5881582
1264	5326882
1264	4447423
1264	3278946
1264	1493120
1264	4761781
1264	4582396
1264	734155
1264	4549531
1264	7729825
1264	6394097
1264	7144093
1264	2049135
1264	6572117
1264	2301819
1264	1950192
1264	8589618
1264	3734503
1264	6381939
1264	2124711
1264	5654543
1264	5935751
1264	3662897
1264	2087529
1264	4715529
1264	7238497
1264	5672342
410	2993919
410	8711153
410	2402307
410	655710
410	431164
410	718442
410	38132
410	5555891
410	2115980
410	5245091
410	3992942
410	6749398
410	8479658
410	7504506
410	2312959
410	6791017
410	4858570
410	7961557
410	3603975
410	2086770
410	4169099
410	8815880
410	6840178
410	3577577
410	5472433
410	5678923
410	8320743
410	131532
410	695892
410	21951
410	3394086
1315	3864409
1315	2386596
1315	4318029
1315	3005357
1315	2416745
1315	1374277
1315	6466997
1315	2968473
1315	2305293
1315	1704337
1315	5654230
1315	43428
1315	6102480
1315	100130
1315	7686294
1315	4681020
1315	1618698
1315	6841963
1315	3566284
1315	3322155
1315	4445406
1315	8431472
1315	5191695
1315	5843597
1315	8660317
1315	6467856
1315	2968546
1315	1720241
1315	4010204
1315	4700610
1315	6525460
1315	276659
1315	3169498
1315	3430460
1315	1918386
1315	3817977
1315	6115261
1315	1304397
1315	4356838
1494	5873730
1494	3399251
1494	1871537
1494	7508984
1494	1576687
1494	1461160
1494	8271363
1494	2004004
1494	7315371
1494	5055163
1494	1187719
1494	5848327
1494	2982045
1494	6900348
1494	8625681
1494	3798053
1494	797404
1494	7610673
1494	22764
1494	7009008
1494	1218296
1494	8447878
1494	525354
1494	8763745
1494	1847116
1494	2126056
1494	433329
1494	1346847
1494	5153394
1494	3036126
1494	4982019
1494	786084
1494	1143068
1494	3586443
302	8375781
302	1946475
302	8733842
302	2212052
302	2333656
302	2937609
302	3338527
302	5412714
302	3852330
302	4739251
302	7813656
302	1375870
302	1854633
302	5231463
302	7598167
302	6786626
302	827482
302	5604387
302	5914466
302	3010538
302	7120345
302	1891759
302	2566748
302	8880764
302	8037905
302	5402519
302	1589249
302	4515693
302	2356838
302	1405680
302	1230005
302	5509509
302	3850464
302	8780449
302	8834536
302	1145931
302	4217205
302	5491908
302	8747097
302	5134779
302	5082857
302	1935280
302	7063178
302	1615173
302	8556638
302	2421267
302	2091481
302	4816739
302	1872034
302	7132658
302	2753160
302	6788816
302	3056151
302	8108616
302	1905784
302	457333
302	104994
1727	2253889
1727	4370613
1727	3159889
1727	3465763
1727	142032
1727	7748066
1727	6132402
1727	5313321
1727	6491233
1727	4706185
1727	524510
1727	6562193
1727	8019084
1727	6894683
1727	6655338
1727	2136235
1727	8540295
1727	3495816
1727	903970
1727	602406
1727	5300190
1727	8839596
1727	3204507
1727	5858717
1727	3065551
1727	5527693
1727	7701779
1727	3737120
1727	2387282
1727	7025221
1727	5983182
1727	5275923
1727	869429
1727	8267511
1727	5556388
1727	2514618
1727	7766641
1727	2285342
1727	3879137
1727	3630374
1727	7997913
1727	7732622
1727	1189471
1727	652843
1727	3256578
1727	6080606
1727	4270327
1727	7337685
1727	7955102
1727	1448860
1727	1911621
1727	8366207
1727	2596213
1727	5723715
1727	4378605
1727	3145737
1727	2056612
1727	8130657
1727	5601796
1727	4521139
1727	8434495
1727	3808038
1727	684019
1727	316536
1727	4205347
1727	1047951
1727	3770485
1727	7500809
1727	7565522
842	4221447
842	2930472
842	7313678
842	870535
842	7307048
842	3251310
842	1662082
842	1234905
842	4038803
842	2387026
842	5762196
842	5407526
842	4871758
842	8147023
842	8562955
842	2746261
842	3142361
842	2479606
842	1736910
842	4002287
842	678924
842	5769218
842	8552144
842	2000026
842	4734065
842	494811
842	3770618
842	7958842
842	7702075
842	3817163
842	3622321
842	6031786
842	7074562
842	5203295
842	521173
842	5312905
842	4500114
842	269993
842	8224447
842	7272766
842	2157381
842	2560292
842	4628328
842	52222
842	466808
842	261534
842	6353886
842	6518601
842	2672475
842	6668439
842	7230475
842	3628539
1063	5964410
1063	1339887
1063	5527612
1063	7162177
1063	7807822
1063	3410882
1063	5395225
1063	3493145
1063	4167821
1063	6852980
1063	5734999
1063	2141705
1063	6769754
1063	1592447
1063	8300372
1063	2630151
1063	8727574
1063	2289626
1063	2737800
1063	5893544
1063	943615
1063	1474977
1063	7327137
1063	7316370
1063	780955
1063	103411
1063	1681767
1063	191742
1063	8773432
1063	5697031
1063	1207739
1063	3722852
1063	6469190
1063	4309985
1063	13678
1063	7178851
1063	8865124
1063	4226080
1063	7850727
1063	6732025
1063	5819491
1063	3847061
1063	7795199
1063	4813292
1063	7018976
1063	1302883
1063	6053891
1063	7623321
1063	2140473
1063	3426740
1063	3475009
1063	5431922
1063	4540741
1063	2349381
1063	6447968
1063	7047019
1063	6315305
1063	2167797
1063	204592
1063	6765999
1063	8197496
1063	8604622
1063	7665695
1063	8135403
1063	6481409
1063	5103614
1063	194466
1796	1393263
252	6949395
252	6903928
252	3174492
252	5092393
252	7188941
99	8810716
99	4775874
99	908562
99	3533962
99	3445254
99	956973
99	7255731
99	7221287
99	6570420
99	5768832
99	1901723
99	1168577
99	5745000
99	108123
99	1825375
99	1486260
99	5789195
99	8904120
99	813966
99	1717031
99	6571324
99	8234062
99	517924
99	6225383
99	6272958
99	2218530
99	3805969
99	7936660
99	8918874
99	3270854
99	6582586
99	4116531
99	4924074
1576	8311210
1576	5948426
1576	7442636
1576	7426091
1576	3280133
1576	837422
1576	6094924
1576	1884383
1576	2805936
1576	2527005
1576	746020
1576	3309708
1576	942779
1576	420896
1576	6227553
1576	8749709
556	6905440
556	8065038
556	8076423
556	104232
556	8611387
556	1509474
556	5846669
556	3044419
556	5646286
556	8263644
556	8784260
556	7117542
556	4149825
556	514767
556	7875881
556	1199184
556	4575856
556	358630
556	4156571
556	2628177
556	6939813
556	7970148
1133	7842390
1133	2393841
1133	4212993
1133	5973036
1133	2724478
1133	2202472
1133	7959230
1133	6112315
1133	55393
1133	3751294
1133	5307010
1133	5244324
1133	910666
1133	7129061
1133	2085396
1133	7197137
1133	4745060
1133	816256
1133	3907542
1133	2648904
1133	6162502
1133	7569224
1133	5179695
1133	7779673
1133	4374561
1133	1243276
1133	6454274
1133	7728013
1133	7142796
1133	6096521
1133	8201081
1133	1281746
1133	4756796
1133	8646348
1133	7570998
1133	5334967
1133	2421107
1133	7159885
1133	8395256
1133	4600706
1133	1646754
1133	11307
1133	4027859
1133	4215839
1133	759990
1133	7093840
1133	6005855
1133	4590835
1133	7820210
1133	2554847
1133	5478290
1133	7193797
1133	6990160
1133	6471159
1133	7223702
1133	4147128
1133	4133319
1133	5403862
1133	7383057
1133	552776
387	460562
387	6356028
387	1852739
387	7242458
387	1162314
387	1510888
387	1234565
387	2654750
387	5645065
387	6489987
387	4631332
387	7923375
387	5723705
387	7154455
387	5021251
387	6142062
387	8716140
387	5328682
387	6734638
387	6548123
387	3896957
387	7027461
387	8789792
387	5089199
387	8174625
387	5352751
387	2464812
387	3991259
387	4229729
387	8670392
387	8680687
387	7980803
387	7826043
387	4263730
387	6888089
387	7429956
387	1967537
387	3098972
387	4346896
387	4225296
387	5221579
387	2825336
387	6083823
387	2008310
387	3879929
387	7274939
387	7452450
387	5682277
387	1724422
387	3478041
387	5253745
387	8868362
387	5677673
387	7188491
387	2353566
387	4393392
387	4110413
387	12442
387	8612958
387	2662164
387	847295
387	3132055
387	3659216
387	672574
387	2069406
387	7101922
387	8151388
387	5563892
387	1139204
387	8318687
387	428971
387	2051871
387	1449241
387	5876204
387	3237742
1549	4855035
1549	364955
1549	6362669
1549	2161474
1549	711353
1549	2984128
1549	5019071
1549	1752872
1549	2835135
1549	2189257
1549	5588246
1549	5768355
1549	7493732
1549	6702267
1549	5912205
1549	1234297
1549	2311655
1549	6389390
1549	2439729
1549	1051954
1549	4624454
1549	5640652
1549	2404837
1549	2749895
1549	622598
1549	5255501
1549	5196793
1549	7950652
1549	386195
1549	1059814
1549	4808105
1549	4931458
1549	8227883
1549	1317631
1549	3048871
1549	7649342
1549	7538168
1549	1909956
1549	5037282
1549	4483334
1549	4238280
1549	6299300
1549	1704786
1549	2357306
1549	3948668
1549	5804684
1549	6358744
1549	5588088
1549	3039699
1549	4740916
1549	4860504
1549	3887943
1549	8756590
1549	6147971
1549	8148049
1549	7460649
1549	8352589
1549	2820752
1549	1008988
1549	522407
1549	2318472
1746	2598668
1746	5788988
230	6433099
230	1366047
230	551229
230	5680966
230	6683993
230	2944774
230	4704301
230	8536639
230	4272351
230	8440935
230	5364914
230	8816678
230	8655857
230	4171397
230	2895014
230	6450297
230	7401022
230	5214275
230	5951973
230	5797838
230	4902369
230	1843613
230	6372119
230	1600474
230	4298539
230	5396387
230	1022455
230	7645139
230	4516235
230	5224031
230	1353987
230	3482803
230	8753561
230	7242457
230	2273551
230	7462194
230	4788038
230	6283068
230	3450892
230	6321854
230	5414354
230	5089125
230	3146267
230	1345452
230	6301934
230	8028030
230	691094
230	2473990
230	1377088
230	2418626
230	5819359
230	6598809
230	5294069
230	6641731
230	8856105
230	8859649
230	3672151
230	5013332
230	7999455
230	2360139
230	7122423
230	8145874
230	561900
230	2875396
230	5594157
230	7137452
230	2210688
230	4130393
428	2838421
428	7758330
428	6623541
428	5154477
428	7670845
428	3887888
428	1592985
428	2866383
428	7842383
428	2045568
428	4011569
428	4858243
428	6546129
428	8263511
428	5174702
428	183830
428	4354564
428	1729299
428	1642917
428	7896517
428	2469926
428	4653114
428	8801210
428	1416679
428	6500555
428	4251745
428	7424319
428	1623449
428	2494253
428	4699217
428	1224686
428	2303184
428	6002062
428	7740106
428	8897365
428	7216319
428	7361334
428	6681190
428	496582
428	6481220
428	4031137
428	3337693
428	3468748
428	4129649
428	6780559
428	919417
428	8769283
428	6799981
428	6714683
428	4470075
428	1434717
428	5731786
428	2099529
428	2043078
428	6132235
428	4699816
428	7987966
428	3873611
428	5512462
428	3444438
428	4300952
1439	6817131
1439	428433
1439	6176185
1439	5416210
1439	8470796
1439	1783987
1439	2358279
1439	8096060
1439	3067329
1439	4351859
1439	2729541
1439	5531621
1439	799794
1439	7770495
1439	1475839
1439	5929194
1439	8081437
1439	7274615
1439	852646
1439	6455445
1439	3182378
1439	3804421
500	2660690
500	109639
500	4953840
500	54426
500	4811000
500	7677752
500	2177003
500	1100090
500	1280772
500	7504631
500	443
500	4544461
500	7196201
500	2294397
500	2717707
500	5088147
500	5431186
500	2057935
500	5062244
500	1460248
500	4303813
500	4085513
500	8122216
500	1379213
500	8818258
500	8563723
500	866533
500	5842075
500	892224
500	4693917
500	6304377
500	2201408
1054	7222010
1054	5059111
1054	5201519
1054	7812378
1054	742341
1054	2970224
1054	3808018
1054	1178968
1054	1780809
1054	6255965
1054	6348075
1054	8324977
1054	2752596
1054	8828520
1054	8504431
1054	7737468
1054	4317967
1054	1593407
1054	1488865
1054	7529735
1054	7410037
1054	2409837
1054	700607
1054	8064174
1054	5852883
1054	2237280
1054	7133809
1054	1659839
1054	6364279
1054	8502619
1054	1952222
1054	7870817
1054	6081893
1054	3679075
1054	7849432
1054	974450
1054	6228394
1054	7285869
1054	5064849
1054	7271745
1054	6958879
1054	2507112
1054	1336514
1054	8348533
1054	447174
1054	7013781
1054	3323708
1054	7094454
1054	3457595
1054	627095
1054	7005695
1054	3309272
1080	5618709
1080	8878069
1080	6714181
1080	2145880
1080	1311452
1080	2250123
1080	6014977
1080	5030556
1080	3460201
1080	6480529
1080	8887769
1080	4637104
1080	3726709
1080	4959415
1080	4514687
1080	5819515
1080	7155993
1080	8418548
1080	3850597
1080	7582907
1080	3987856
1080	1374348
1080	3690332
1080	7922053
1080	3310926
1080	4286150
1080	6472957
1080	323767
1080	3698432
1080	4970518
1080	24890
1080	4322136
1080	8680824
1080	8593686
1080	824969
1080	7655062
1080	4426913
1080	2642423
1080	8694223
1080	6183451
1080	7053746
1080	1592352
1080	2709040
1080	140000
1080	1728309
1080	3322407
1080	5271638
1080	4068170
1080	2333968
1080	569415
1080	8359530
1080	2421206
1080	1011046
1080	1124206
1080	3131117
1080	1663192
1080	469844
1080	6915087
1080	8046738
1080	1405263
1080	904313
1080	6123236
1080	6871708
1080	2225453
1080	1885289
1080	2319452
468	8565816
468	7156571
468	6475334
468	3643525
468	832858
468	5979687
468	2387698
468	2412126
468	4064971
468	1187546
468	5756025
468	6119405
468	376552
468	4651894
468	5349488
468	3528195
468	2449067
468	5601322
468	107712
468	8508033
468	8452764
468	6904599
468	4297076
468	1139590
468	1581288
468	5044028
468	8424820
468	7819035
468	2121468
468	703403
468	4164047
468	3913502
468	6778759
468	5140223
468	1640393
468	6541223
468	3619206
468	7502796
468	5125081
468	691638
468	4271797
468	4451936
468	2419372
468	4625733
468	5407366
468	1733982
468	5219323
468	7799864
468	6263157
468	4624883
468	6743699
468	3529012
468	7592672
468	1434704
468	3272773
468	2230030
468	4709942
468	1864715
468	5064897
468	219402
468	6901453
468	2842331
468	280135
468	4484316
468	1883688
468	603217
468	8880197
468	4719931
468	2810825
468	4360729
468	700225
468	2627518
468	8759778
468	3504446
468	1793594
468	7544673
468	7344345
468	2257441
468	2027067
1761	4966108
1761	7257046
1761	2153084
1761	82899
1761	8592976
1761	4744688
1761	356003
1761	3228941
1761	746335
1761	5808081
1761	4300821
1761	4472420
1761	1055146
1761	8820260
1761	8257307
1761	7118643
1761	3961231
1761	3679957
1761	2038884
1761	41962
1761	8313563
1761	228467
1761	7765303
1761	7268491
341	5589566
341	3114513
341	6389293
341	6700925
341	5303269
341	1200400
341	1591795
341	7831461
341	5651173
341	8247324
341	4456642
341	8393661
341	1140364
341	8729617
341	4057469
341	698752
341	5449747
341	3924011
341	5104903
341	7713207
341	5217005
341	4325974
341	6969976
341	8758070
341	8255417
341	1053343
341	3843994
341	6489760
341	383289
341	4889076
341	7697568
341	7561238
186	8527693
186	551171
186	6387165
186	589493
186	5200832
186	3004709
186	4912352
186	8585238
186	8771297
186	8321827
186	8146752
186	4597861
186	923580
186	2012436
186	7440602
480	8313488
480	5805319
480	8380459
480	1486674
480	1366603
480	1301441
480	6891891
480	1948756
480	7177813
480	2740925
480	8288029
480	4091982
480	5634950
480	67103
480	7968909
480	5385040
480	2504565
480	2071463
480	4385127
480	5257876
480	7749289
480	8922294
480	715205
480	6237576
480	1903451
480	5290647
480	3099560
480	5836957
480	5527739
480	8341030
480	1114493
480	4849587
480	6647585
480	4391699
480	6656560
480	7551407
480	2049519
480	4185040
480	159451
480	3948098
480	4063314
480	1263033
480	6440645
480	5216673
480	531209
480	7859995
480	7702968
480	6868521
480	4327263
480	2883732
480	2014313
480	5002196
480	1834918
480	7654301
480	8826724
480	1057478
480	725322
480	4128097
480	8808394
644	4713878
644	7010176
644	2329057
644	5298075
644	817180
644	3219612
644	4838495
644	776430
644	6057947
644	5542843
644	7298447
644	1994807
644	6334401
644	8770916
644	7314929
644	6816875
644	6860794
644	3686398
644	5462274
644	3572378
644	3085769
644	8887802
644	1944898
644	7428534
644	1977500
644	2632773
644	8681656
644	7462542
644	6257706
644	6301881
644	7264681
644	8723168
644	5361310
644	400133
644	6062997
644	8075891
644	5820276
644	3026012
644	3532008
644	2454599
644	7043938
644	2430936
644	2154298
644	7085666
644	2615443
644	3178243
644	326246
644	2221620
644	5154742
644	8410832
644	8560669
644	3099074
644	7259539
644	6936727
644	4068694
644	6536250
644	1588707
644	2839346
644	2081453
644	5526707
644	6485667
644	5596520
644	6414503
644	1922930
644	4368306
644	7797712
644	7632221
644	6074264
1425	4756666
1425	2532418
1425	6181375
1425	7714140
1425	3596067
1425	5668786
1425	8805638
1425	4080310
1425	3182449
1425	6064257
1425	3482688
1425	8205003
1425	7050365
1425	6318181
1425	6676560
1425	1588568
1425	1885446
1425	7754536
1425	6126211
1425	3096727
1425	3034187
1425	7960380
1425	6770505
1425	29043
1425	5519555
1425	6829292
1425	5564653
1425	6521150
1425	8557946
1425	2527194
1425	8520683
1425	1665623
1425	951193
1425	6934211
1425	489052
1425	8867931
1425	517207
1425	8590102
1425	1930212
1425	4380037
1425	2608550
1425	98529
1425	8591608
1425	3434142
1425	2839177
1425	7559083
1425	8557249
1425	5915602
1425	8816781
1425	4863355
1425	496448
1425	8834063
1425	846920
1425	7615048
1425	4578318
1425	4908580
1425	4718912
1425	4521045
1425	8518941
1425	935135
1425	3447
1425	267087
1425	6191910
1425	5991988
1425	8692077
1425	5603034
1425	8039017
1425	914337
1425	1712665
1425	394864
1425	2916974
1425	2065064
1425	502683
1425	1368562
1425	1688049
1425	7769445
1425	6081032
1425	5593696
1382	3196514
1382	403083
1382	1944056
1382	5763703
1382	8126643
1382	8637486
1382	3976494
1382	1855761
1382	2185654
1382	2413821
1382	5886379
1382	8345516
1382	3095376
1382	7362307
1382	5303284
1382	2784663
1382	2658297
1382	683784
1382	6230719
1382	5737335
1382	2304058
1382	1426643
1382	3672199
1382	2116267
1382	2967590
1382	7500512
1382	6314208
1382	4580714
1382	2027025
1382	2954044
1382	2180769
1382	2076001
1382	7985037
1382	196180
1382	4233136
1382	251115
1382	5274283
1382	387744
1382	4503340
1382	7535951
1382	4356071
1382	1693766
1382	6067097
1382	3669192
1382	2282692
1382	6758847
1382	7304450
1382	7824049
1382	6671400
1382	4581567
1382	8159182
1382	4183954
1382	549078
1382	1135188
1382	4338816
1382	2092380
1382	35869
1382	3389695
1382	8202161
1382	5054059
1382	498115
1382	4747172
1382	7284600
1382	6365784
1382	4122086
1382	5638066
1382	3189586
1382	711346
1382	5743581
1382	6587168
1382	5138467
1382	4288076
1382	7497495
1382	2348208
1382	2595115
1382	3981200
1382	8683741
1382	7966027
1382	4831492
1118	3227663
1118	4593826
1118	3197846
1118	2395508
1118	8304485
1118	4227984
1118	201044
1118	1356900
1118	1978069
1118	4398298
1118	4451157
1118	6593970
1118	5458633
1118	2956046
1118	770168
1118	5730748
1118	2279283
1118	5796129
1118	7422595
1118	8601734
1118	4158930
1118	4522840
1118	373228
1118	5581269
1118	6174846
1118	92986
1118	320807
1118	5789468
1118	814495
1118	6874794
1118	1788359
1118	7211403
1118	783669
1118	5347062
1118	5224537
1118	3223658
1118	1647389
860	449423
860	619128
1521	4101916
1521	6275832
1521	5393018
1521	3084146
1050	4113987
1050	3254411
1050	6191936
1050	3743393
1050	20365
1050	7678199
1050	3437676
1050	6207483
1050	2437317
1050	6415075
1050	1849134
1050	7383263
1050	5371116
1050	8080469
1050	6218798
1050	1650362
1050	4666681
1050	7943516
1050	285301
1050	6737508
1050	2471833
1050	7521076
1050	1864046
1050	3557871
1050	6573905
1050	8704174
1050	177031
1050	7002570
1050	3480753
1050	1275925
1050	3609235
1050	8906382
1050	3510963
551	6666568
551	5658821
551	1283095
551	6274401
551	8105182
551	3565924
551	6032611
551	8083589
551	809193
551	4977417
551	402620
551	3615789
551	5967510
551	6205556
551	6643404
551	3936157
551	3540692
551	7059193
551	8086765
551	4018450
551	1167039
551	7050495
551	2916071
551	5742788
551	7951326
551	8889152
635	526685
635	5189691
635	1161313
635	3046689
635	787609
635	3499166
635	216469
635	1068521
635	603531
635	5180228
635	7459846
635	5576655
635	1933557
635	3128183
635	7799682
635	3234521
635	5828485
635	5326956
635	7324000
635	5979760
635	5450506
635	1476706
635	6555669
635	3233464
635	7906304
635	4539381
635	2896176
635	7837560
635	2532686
635	8856787
635	4910759
635	3175355
635	1545535
635	698435
635	7695677
635	3004322
635	61811
635	2437587
635	1989001
635	8611583
635	3628105
635	8369389
635	8490500
635	8914730
635	5099887
635	8399363
635	749542
635	8222035
635	5152562
1795	2570530
1795	4356980
1795	6240603
1795	1157509
1795	2476583
1795	2384272
1795	6295730
1795	4762210
1795	1383601
1795	5380251
1795	4936414
1795	5009586
1795	1774526
1795	1416131
1795	3080397
1795	375368
1795	7062267
1795	3550360
1795	8409432
1795	6265353
1795	5505600
1795	5878166
1795	5638162
1795	6352669
1795	8321390
1795	1186414
1795	1101873
1795	6813091
1795	6753078
1795	8799164
1795	2524660
1795	2718287
1795	6224842
1795	5423640
1312	4344002
1312	3866481
1312	5286242
1312	1251096
1312	2034986
1312	250755
1312	8565618
1312	6986033
1312	6296601
1312	6497652
1312	1234999
1312	3188166
1312	3169171
1312	6896282
1312	3681815
1312	1165753
1312	4025452
1312	5494844
1312	6671344
1312	3292472
1312	6397168
1312	1312794
1312	6590779
1312	6451597
1312	7839926
1312	2376792
1312	2472320
1312	792812
1312	397989
1312	3567377
1312	4335529
1312	2418205
1312	3403807
1312	476602
1312	2044566
1312	8637049
1312	1638190
1312	1712692
1312	725935
1312	1163249
1312	2559809
1312	2167581
1312	3676549
1312	3079240
1312	7531727
1312	8078684
1312	8846438
1312	6130215
1312	1137480
1312	4841661
1312	1301332
1312	6639488
1312	4741123
1312	6413841
1312	5526295
1312	3633471
1312	5161790
1312	880544
1312	8289613
1312	3767361
1312	5927667
1312	3460647
1312	3156076
1312	2914796
1312	8108620
1312	7700582
1312	5710524
1312	8131208
1312	3255637
1312	1669790
1312	3873945
1312	5011906
1312	916924
1312	2937394
1312	5486100
1312	7483304
1312	7548640
1312	1773739
1312	1607264
883	6004229
883	3704181
883	8130144
883	5291153
883	833749
883	229980
883	8840289
883	7474860
883	8726406
883	5022569
883	1073493
883	6644559
883	5776958
883	2651219
883	5274163
883	1239468
883	7805923
883	238800
883	3338375
883	750847
883	4151023
883	31371
883	6032218
883	1495676
883	2340135
883	2799841
883	8717957
883	2444315
883	6900175
883	6448324
883	8317047
883	7128327
883	1467291
883	298838
883	2085067
883	1593097
883	7180872
883	2936546
883	8880316
883	5208304
883	853100
883	3244249
883	8159825
883	8087738
883	6612213
883	44880
883	4884588
883	5894403
883	4122060
883	4740606
883	2757890
883	5354246
883	4953708
883	8821353
883	5547502
883	6571057
883	628794
883	7286668
883	4126835
883	4921161
883	7331005
883	7929640
883	7012410
883	6524406
883	2798012
883	1113651
883	4046331
883	7880220
883	6106167
883	7096853
883	8904827
883	6014407
883	803222
159	1409258
159	4913930
159	420168
159	2849582
159	6484188
159	1700215
159	7360486
159	4026391
159	2245640
159	4959734
159	3669242
159	6462747
159	306420
159	4819224
159	1843351
159	1581083
159	8708020
159	1555939
159	7760189
159	3649606
159	6356455
159	3384436
159	447750
159	8304128
159	2548260
159	7159928
159	4724021
159	385663
159	8132483
159	379804
159	7335154
159	4105368
159	1762621
159	4213829
159	3664738
159	4999192
159	8763522
159	3483787
159	8782899
159	8906700
159	335378
159	3940796
159	8747849
159	3587226
159	3764591
159	6023537
159	6564827
159	1015959
159	3439461
159	4965627
159	3604015
159	3975646
159	4222358
159	3697282
159	3424361
159	96663
159	1337098
159	2041235
159	7251795
278	6373148
1137	7969371
1137	3912274
1137	755370
1137	4597595
1137	262715
1137	454697
1137	4819656
1137	6583593
1137	1394282
1137	2689878
1137	1983722
1137	2415101
1137	3105966
1137	2002650
1137	5018284
1137	3264190
1137	4859805
1137	7758737
1137	1556299
1137	6642539
1137	315378
1137	7840941
1137	1421613
1137	288378
1137	5473566
1137	3919604
1137	7471926
1137	1218139
1137	6894945
1137	2413889
1137	6765287
1137	1513351
1137	7507003
1137	71390
1137	3709556
1137	2217025
1137	2764410
1137	4973721
1137	2190581
1137	6624367
1137	4462094
1137	8434623
1137	7919321
1137	5736803
1137	1269810
1137	4235111
1137	5512726
1137	911825
1137	2983919
1137	6703970
1137	4475650
1137	5741735
1137	3115118
1137	6731158
1137	7547989
1137	5358528
1137	636207
1137	5224923
1137	7977694
1137	5180022
1137	3797387
1137	8381187
1137	4250756
1137	7979970
1137	1896104
836	2307317
836	799306
836	5079679
836	571564
836	7454382
836	2493665
836	4086850
836	6474082
836	5095414
836	1585831
836	4152335
836	767235
836	3493161
836	3249301
836	2556617
836	4547177
836	7497671
836	7224111
836	6903850
836	4036782
836	6504955
836	5777975
836	5977882
836	4156070
836	5154812
836	5623436
836	4927540
836	8432371
836	7090822
836	4746806
836	3632614
836	450753
836	2663574
836	872913
836	7823368
836	4442117
836	2937564
836	8523332
1719	201190
1719	5723064
1719	8148854
1719	4063269
1719	4179846
1719	6524306
1719	608638
1719	750983
1719	4680942
1719	1599177
1719	6709854
1719	6041961
1719	7659868
1719	3621150
1719	5149427
1719	4481128
1719	7592341
1719	5392342
1719	8485672
1719	5060652
1719	8475053
1719	6302315
1719	3179277
1719	6350593
1306	2549853
1306	1423966
1306	4773104
1306	5066806
1306	2164380
1306	2354449
1306	13047
1306	2669242
1306	3661528
1306	6724299
1306	6252387
1306	4179037
1306	2725862
1306	196185
1306	4521329
1306	2674954
1306	7135563
1306	4385802
1306	518692
1306	326923
1306	8127751
1306	8607939
1306	6423711
1306	854265
1306	2093398
1306	5720639
1306	1324976
1306	1950500
1306	432670
1306	8751091
1306	6686681
1306	6055365
1306	1578276
1306	4693073
1306	900621
1306	130952
1306	4449382
1306	6677172
1306	1295819
1306	3386296
1306	2052529
1306	4707102
1306	7073073
1306	2255063
1306	54431
1306	2581615
1306	7344752
1306	4300608
1306	917781
1306	1170599
1306	6038508
1306	7913335
1306	1382481
1306	7681503
1306	8239216
1306	1058930
1306	6971577
1306	6784834
1306	4637613
1306	7660326
1306	7797046
1306	4675012
1306	4972044
1306	3283445
1306	3204095
1306	8787983
1306	2974780
1306	5695889
1306	7113033
1306	211344
1306	8924898
1306	8058976
1306	2264785
502	8520047
502	757082
502	3534570
502	2017163
502	5031920
502	5078367
502	8505094
502	3159879
502	8336533
502	8865593
502	7750375
502	7705184
502	4118800
502	8524428
502	3819404
502	8242313
502	3834169
502	4899192
502	4896576
502	6097750
502	4095701
502	360278
502	2743038
502	8509294
502	5192751
502	5613650
502	8749036
502	3123897
502	3401579
502	3156748
502	6736409
502	3241706
502	7582380
502	258911
502	8106543
502	7595312
502	1757450
502	7187579
502	3500851
502	5712126
502	1113741
502	5727498
502	6436840
502	7982850
502	673398
502	6330016
502	5314457
502	4342354
502	1401292
502	3294058
502	4394067
502	2598819
502	4378104
502	5728872
502	8058475
502	1351034
502	8112434
502	2145717
502	7280379
502	5596335
502	4139747
502	1635692
502	4775980
502	6589671
502	5997661
502	1101229
502	1057184
502	8514545
1310	5139622
1310	2042825
1310	7445975
1310	7085613
1310	4847723
1310	8663787
1310	1858946
1310	6644069
1310	6676933
1310	5589590
1310	925947
1310	4433819
1310	3410873
1310	6299434
1310	8348443
1310	4213066
1310	1116570
1310	3577534
1310	7136354
1310	1633998
1310	8851030
1310	8213068
1310	364009
1310	4026076
1310	4177332
1310	1760841
1310	5495835
1310	3084630
1310	2768882
1310	3414187
1310	8315558
1310	3163434
1310	3791697
1310	6797313
1310	42870
1310	8928938
1310	6145973
1310	5055879
1310	7986429
1310	8864735
1310	3668143
1310	1359184
1310	5712806
1310	3198829
1310	7931576
1310	5277769
1310	8258069
1310	4343377
1310	4780232
1310	8512003
1310	4427039
1310	2232020
1310	8433303
1310	7792205
1310	3167363
1310	248707
1310	385760
1310	3678144
1310	4908228
1310	3187215
1310	4360817
1310	7683914
1310	4098755
1310	4736123
1310	8165114
1310	4962557
1310	7019701
1310	6713575
1310	5403774
1310	8478629
1310	4996152
1310	797306
1310	6619098
1310	6472617
1310	5266194
1455	7752248
1455	6420752
1455	6871098
1455	7867895
1455	1810922
1455	185796
1455	5866543
1455	7240616
1455	8513107
1455	6172580
1455	463214
1455	112916
1455	88036
1455	1512247
1455	8062157
1455	530871
1455	1818541
1455	6271362
1455	8165565
1455	1701367
1455	4275554
102	2947610
102	397928
102	7092857
102	1581834
102	8761553
102	3479334
102	4178795
102	8069327
102	2183423
102	6916853
102	3589839
102	260413
102	1685954
102	416848
102	6077588
102	1696792
102	5341529
102	4917457
102	104224
102	7554827
102	2461828
102	7800253
102	8353213
102	666093
102	2347653
102	703451
102	2084561
102	6970608
141	3547069
141	8523591
141	7873091
141	8718299
141	1986965
141	1894723
141	226683
141	2978682
141	8248282
141	7407528
141	7485084
141	6519095
141	6675319
141	7109944
618	4808453
618	8440448
618	5838396
618	6087283
618	6119418
618	8051159
618	4316718
618	528131
618	4746885
618	2922333
618	7442884
618	1051616
618	3771970
618	3692200
618	360064
618	1267582
618	2699245
618	4595068
618	7470073
618	2467768
618	4759396
618	4541648
618	6069355
618	2405124
618	1635721
618	8849572
618	1894159
618	8549986
618	2288005
618	8722191
618	2461225
618	305037
618	3119050
618	8795503
618	1038273
618	5343101
618	224801
1640	5127183
1640	1593713
1640	5129492
1640	5588933
1640	8889159
1640	8480301
1640	6473461
1640	6172143
1640	4967289
1640	1479807
1640	257055
1640	8723054
1640	7924479
1640	496970
1640	7696202
1640	2984063
1640	5944171
1640	1400197
1640	594496
1640	2277730
1640	7149371
1640	1377507
1640	3410894
1640	833428
1640	6207448
1640	458756
1640	1798649
1640	3580200
1640	3034189
332	8509021
332	5086777
332	6489960
332	6398561
332	4623537
332	2552552
332	5265854
332	8893441
332	2081359
332	7041267
332	2555714
332	8517726
332	689791
332	957222
332	2988513
332	158262
332	2827791
332	3488258
332	7734495
332	2703209
332	2902361
332	4116306
332	5612530
332	2724460
332	1393398
1491	6014660
1491	1918660
1491	2437043
1491	7031371
1491	8091961
1491	3331960
1491	8418867
1491	4296966
1491	605024
1491	5277804
1491	4317072
1491	402748
1491	7530964
1491	8492649
1491	4533868
1491	2436715
1491	7291892
1491	1988638
1491	1259917
1491	3936677
1491	8861915
1491	367544
343	6827536
343	7965092
343	5020614
343	6419106
343	5718476
343	5195581
343	2428639
343	6094113
343	8440390
343	8495663
343	2848472
343	1377941
343	2659090
343	3113625
343	4156384
343	2090806
343	7910725
343	2755368
343	6636512
343	1483284
343	1966425
343	5853054
343	2018568
343	6477630
343	1723630
343	3098273
343	7766947
343	7960151
343	2262605
343	8215415
343	2366786
343	6143507
343	5597137
343	5940065
343	7078522
343	7033575
343	5289971
343	1522151
343	7672095
343	4101893
343	3194980
343	7637731
343	7475261
343	375419
343	2414130
343	1145537
343	4580527
343	2551115
343	5829472
343	3987993
343	1307748
343	5275056
343	6447232
343	7091572
343	1594772
343	4130108
343	6232128
343	4942485
343	5119027
343	7701803
343	8099924
343	5292698
343	3184321
343	7009793
343	6145134
343	1985417
343	8317329
343	3759448
343	4533415
343	8031431
343	6478262
343	4842603
343	6321238
343	7985457
343	5553218
343	476384
343	1109913
343	788264
774	3943397
774	6829031
774	7010610
774	6867560
774	1611047
774	873865
774	8526462
774	5791652
774	4613722
774	2821201
774	2897222
774	5457242
774	3150660
774	7254505
774	5496949
1593	149681
1593	7857503
1593	5486374
1593	4638052
1593	3739943
1593	4112716
1593	7106787
1593	6170131
1593	7669762
1593	7130326
1593	4644922
1593	135508
1593	2734025
1593	334351
1593	7608522
1593	4262521
1593	5305185
1593	8717922
1593	2637696
236	5092545
236	5659376
236	7117253
236	2967911
236	2774503
236	2626299
236	1173630
236	8143285
236	2441456
236	4633738
236	8508709
236	2078725
236	8020544
236	4935270
236	4789267
236	5893202
236	8215276
236	3747277
236	4855170
236	7024364
236	2716250
236	5434901
236	3679554
236	2991321
1261	4082217
1261	7730449
1261	6455138
1261	4089906
1261	670002
1261	799496
1261	6130341
1261	2432925
1261	252238
1261	6405810
1261	190173
1261	5418764
1261	5613026
1261	4171682
1261	184858
1261	908622
1261	6092557
1261	6418920
1261	2756615
1261	772723
1261	776102
1261	7526962
1261	5412740
1261	2415230
1261	6330958
1261	3230341
1261	8657908
1261	2047259
1261	6530987
1261	1233623
1261	8624615
1261	1516437
1261	2591396
1261	4631726
1261	6360637
1261	340988
1261	2065061
1261	853201
1261	7659067
1261	2738890
1261	6145573
1261	8482018
1261	2807583
1261	7304072
1261	6593161
1261	2377534
1261	7976236
1261	6360582
1261	836581
1261	1222365
1261	3770991
1261	8599705
1261	1204089
1261	1613698
1261	4640931
1492	3914408
1492	4899040
1492	7458882
1492	8760554
1492	838899
1492	479794
1492	4485053
1492	3484122
1492	7919595
1492	413762
1492	1429319
1492	2217287
1492	623044
1492	3682236
1492	1585957
1492	5274568
1492	1873486
1492	6564957
1492	8929742
1492	8344132
1492	413188
1492	3979851
1492	4251148
1492	2098248
1492	7114753
1492	4664104
1492	114536
1492	7530568
1492	1253888
1492	1190202
1492	6763320
1492	8653416
1492	2317148
1492	6207979
1492	3703211
1492	168871
1492	1972192
1492	1173024
1492	5855853
1492	7284219
1492	5130905
1492	7343138
1492	830555
1492	4352561
1492	121434
1492	5827186
1492	1152819
1492	5885335
1492	4464777
1492	2246747
1492	7305497
1492	8319768
1492	2628635
1492	6486492
1492	4688034
1492	974627
1492	4196946
1492	4558583
1492	8797
1492	6302797
1492	3187159
1492	2912012
1492	153932
1492	827819
1492	6680680
1433	479827
1433	3349679
1433	4083420
1433	4700460
1433	2977733
1433	5308616
1433	2406849
1433	1751279
1433	7246989
1433	7999315
1433	5616438
1433	8806000
1433	3862014
1433	7004608
1433	3201861
1433	8822021
1433	1306571
1433	4743537
1433	7217721
1433	848870
1433	6051845
1433	8197232
1433	7415134
1433	1811567
1433	7630034
1433	4150602
1433	207590
1433	3311703
1433	1034622
1433	1594248
1433	7845251
1433	4120084
1433	5302207
1433	6519263
1433	3355065
1433	7356608
1433	4277769
1433	5557607
1433	8513560
1433	7231973
1433	926810
1433	8432150
1433	6247846
1433	8457211
1433	5915315
1433	8023358
1433	2953911
1433	8409588
1047	5789319
1047	4808415
1047	57000
1047	3046982
1047	147677
1047	7926768
1047	6300157
1047	2749386
1047	6021090
1047	4905297
1047	4548900
1047	2409694
1047	7465366
1047	6285760
1047	4944270
1047	2293654
1047	6794958
1047	6540716
1047	6864644
1047	2225466
1047	4682541
1047	1287930
1047	468776
1047	7895126
1047	4760093
1047	6371710
1047	6113944
1047	275118
1047	7313525
1047	7763459
1047	8276348
1047	361343
1047	7362477
1047	2588150
1047	2103362
1159	479036
1159	1879550
1159	5692726
1159	5478541
1159	3582837
1159	5537667
1159	7479226
1159	870231
1159	4519983
1159	8158960
1159	2061029
1159	1805508
1159	2389451
1159	8109907
1159	2336809
1159	3904026
1159	6214809
1159	6900478
1159	409662
1159	1702936
1159	3031071
1159	6014053
1159	4742563
1159	7964641
1159	4397544
1159	7320082
1159	47359
1159	608519
1159	8144322
1159	1683888
1159	2583598
1159	8830230
1159	3377507
1159	2323232
1159	5188793
1159	2581642
1159	1590471
1159	8429122
1159	3373907
1159	1507377
1159	3456357
1159	7911797
1159	7537392
1159	3168844
1159	1502964
1159	8395402
1159	5304764
1159	6341613
1159	6487978
1159	1587768
1159	254737
1159	6312139
1159	3464216
1159	4584699
1159	8104545
1159	906932
1159	3282522
1159	6805560
1159	3759091
1159	816276
1159	4140743
1159	8021961
1159	623599
1159	8731923
1159	1003738
1159	3916929
1159	2883569
1159	3290413
1159	6482134
1159	5645129
1159	4526028
1159	858150
1159	2185978
1159	7858302
1159	7901403
1159	1184762
1159	2488297
1159	2119140
1159	6768137
479	3504242
479	6991344
479	6797069
479	6307171
479	2024790
479	7719302
479	7465842
479	1046399
479	2162432
479	7788368
479	2454928
479	848742
479	1268241
479	4723795
479	6306859
479	6169066
479	4556759
479	5867954
479	6172219
479	5189707
479	3018667
479	844016
479	4702694
479	8200479
479	727871
479	5435644
479	2397847
479	352480
479	7888492
479	1003069
479	2016294
479	3059905
479	8689603
479	4271127
479	471375
479	1437138
479	5055881
479	8357315
479	5135817
479	6832603
479	1131090
479	3412147
479	2433681
479	1147281
479	6135960
479	5115882
479	152341
479	4473261
479	7518910
479	8757998
479	677124
479	7243405
479	1992380
479	3879310
479	2174731
479	6252589
479	2048200
479	374401
479	2449922
479	5039632
479	6596689
479	6215999
479	3065658
479	3413853
479	8295520
479	8897007
479	6506341
479	2019788
479	3651143
479	3147283
479	6059191
479	3503413
479	6168768
479	6641085
479	1184459
222	8388951
222	4143235
222	7991488
222	2515398
1685	7315958
1685	4136942
1685	4716080
1685	7218670
1685	7109884
1685	3094544
1685	1565750
1685	5976617
1685	3661022
1685	4112391
1685	8617947
1685	226413
1685	6560775
1685	6835878
1685	3525221
1685	3672024
1685	7755060
254	6442631
254	6986450
254	6367829
254	3656126
254	3634189
254	283810
254	5908181
254	3175901
254	7926742
254	46348
254	3639079
254	7121671
254	8846329
254	7425713
254	5711348
254	2509030
254	2109160
254	2539215
254	1346935
254	1090193
254	6872071
254	3362846
254	2041863
254	6315419
481	7640715
481	6250872
481	2212987
481	7653503
481	941735
481	6172611
481	2097626
481	1414548
481	5344327
481	6954026
481	6089169
481	4230899
481	894989
481	2249198
481	7691889
481	1698950
481	1179693
481	7735509
481	2583190
481	4723997
481	3184655
481	5391198
481	3915944
481	2019653
481	1928751
481	5782225
481	491240
481	5853182
481	8457058
481	1048972
481	4478963
481	2441372
481	7293131
481	5842865
481	7674440
481	1837765
481	3165922
481	5409211
481	5367199
481	5199297
481	5066042
481	4652922
481	6132584
481	8887891
481	5996354
481	3219987
481	7474507
481	5870739
481	5768568
481	2811827
481	5594278
481	2285434
481	51839
481	5278184
481	7405476
481	1155648
481	4511870
481	8031452
481	6091461
481	8185962
481	843516
481	4626686
481	2729634
481	7962782
481	536659
481	6861569
481	326117
481	5224206
481	4803737
1652	1186277
1652	3298991
1652	6459094
1652	6184045
1652	4952204
1652	5070501
1652	5987508
1652	6449923
1652	7875249
1652	1176169
1652	6103775
1652	5771553
1652	6865881
1652	4470203
1652	6198417
1652	8455264
1652	4102150
1652	2971622
1652	6038560
1652	164610
1652	6862815
1652	5878757
1652	89618
1652	7051831
1652	6657274
1652	7819218
1652	7554873
1652	5478934
1652	7493461
1652	3412487
1652	8231313
1652	1335982
1652	4552403
1652	6852298
1652	5157432
1652	4847984
1652	7900509
1652	2112679
1652	1187936
1652	2306924
1652	6148894
1652	5835639
1652	5686021
1652	120322
1652	3074715
1652	1816994
1652	3962722
1652	4778652
1652	6033847
1652	7500064
1652	5592929
1652	4875316
1652	2517958
1652	4748892
1652	3676979
1652	2400670
1652	3205496
1652	173030
1652	318215
1652	8449787
1652	1307080
1652	7956592
1652	5973574
1652	5150250
1652	7155630
1652	5537334
1652	2540289
1652	8613564
1652	6992466
1652	7894218
1652	7569158
1652	6365671
1652	949224
1652	5472339
1652	3683710
1652	8745565
1652	3760700
83	3923804
83	2406396
83	7730154
83	8396181
83	6669081
83	5337178
83	2008022
83	6231100
83	4339056
83	1307138
83	2833791
83	5795848
83	6416045
83	5064436
83	7793009
83	8755332
83	2935137
83	5475875
83	7583400
83	4989983
83	7748331
83	6821975
83	581285
83	6468421
83	2832056
83	2566837
83	1701412
83	7040130
83	3837632
83	1461663
83	3249568
83	1031763
83	1687004
83	3471770
83	5391502
83	3391016
83	2959196
1569	6908097
1569	8139336
1569	5990025
1569	1195014
1569	4486169
1569	981265
1569	5624852
1569	2682767
1569	1520935
1569	4619293
1569	6112718
1569	338383
1569	7860325
1569	6126463
1569	811478
1569	846913
1569	5781493
1569	4565842
1569	1051605
1569	3681199
1569	5596589
1569	745708
1569	3178846
1569	1060742
1569	2141744
1569	1210168
1569	3341655
1569	7505578
1569	964820
1569	7986119
1569	2480531
1569	6331046
1569	8677532
1569	5771822
1114	8790075
1114	5792426
1114	4113163
1114	3380138
1114	959547
1114	1359468
1114	2691071
1114	6051333
1114	5322668
1114	7883733
1114	2571476
1114	1358759
1114	5695982
1114	2382778
1114	2970877
1114	620469
1114	8441034
1114	3038920
1114	4412226
1114	457700
1114	3991849
1114	6256765
1114	268199
1114	8172891
1114	877542
1114	555561
1114	6834275
1114	6838481
1114	6970153
1114	1036807
1114	2525387
1114	2233652
1114	5736661
1114	3562846
1114	513088
1114	3978027
1114	4525110
1114	4540268
1114	2713759
1114	6835670
1114	652071
1114	5667631
1114	8454374
1114	3750822
1114	1296480
1114	6234153
1114	2012064
1114	2262938
1114	2942344
1114	5762800
1114	8400500
1114	1433667
1114	8870713
1114	471023
1114	722989
1114	3287547
1114	7408070
1114	8077905
1114	1560212
1114	3971974
1114	3406692
1114	1897599
1114	1154434
1114	7360246
1114	1921743
1114	886453
1114	8849915
1114	652945
1114	6376481
1114	3362768
1114	7574086
1114	5677207
1114	5956183
1114	380050
1114	4817691
1114	2395404
1114	6758459
1114	8013544
1114	6296298
1114	1087565
421	6192549
421	7603662
421	2152934
421	693600
421	7946445
1675	6519762
1675	950333
1675	62415
1675	989287
1675	8878591
1675	5040084
1675	4299093
1675	5131181
1675	6855259
1675	7280474
1675	5087745
1675	5801397
1675	2135258
1675	4090149
1675	2992916
1675	47753
1675	3566235
1675	5980396
1675	1973652
1675	5253307
1675	1279215
1675	416113
1675	3257985
1675	7986121
1675	4190309
1675	493780
1675	5880673
1675	7156940
1675	6399690
1675	3017003
1675	5574130
1675	6673151
1675	6760968
1675	6333455
1675	7797068
1675	3922521
1675	2037613
1675	695141
1675	3988926
1675	7566262
1675	838219
1675	7562722
1675	1165653
1675	8472007
1675	5657166
1675	6693999
1675	8855307
1675	232590
1675	4209620
1675	8075009
1675	5798972
1675	5320167
1675	3036784
1675	1872277
1675	3665040
1675	7930316
1675	5949072
1675	3581480
1675	1778123
1675	7799916
1675	3064983
1675	5807713
1675	6443283
1675	7921988
1675	8604359
1675	284744
1675	5670522
1121	3738653
1121	4546536
1121	3943030
1121	8150784
1121	7148013
1121	5693808
1121	5991212
1121	4509433
1121	4638837
1121	4250236
1121	6958629
1121	4792807
1121	857499
1121	237243
1121	7800999
1121	3502796
1121	86830
1121	6906314
1121	407825
1121	5371873
1121	3963338
1121	7354631
1121	3106332
1121	2797491
1121	4505399
1121	6578813
1121	4471749
1121	1429808
1121	7550101
1121	2421813
1121	2122702
1121	6063955
1121	7740269
1121	2091131
1121	4645389
1121	3427911
1121	3372283
1121	5506218
1121	8888707
1121	8584490
1121	2282368
1121	8114029
1121	736880
1121	7529147
1121	2173252
1121	5233801
1121	8197503
1121	5148145
1121	2998650
1121	5966438
1121	1315767
1121	5685986
1121	1794104
732	2086824
732	1273253
732	7738756
732	1441008
732	8689679
732	3335016
732	7165420
732	4933381
732	6536606
732	2469940
732	6641407
732	1303885
732	5775985
732	3119931
732	6060629
732	8053574
1690	1124399
1690	5802569
1690	8097640
1690	8312387
1690	8564767
1690	831851
1690	8633861
1690	1737701
1690	8667020
1690	7071219
1690	5583471
1690	5863383
1690	3221536
1690	8767210
1690	552747
1690	3279274
1690	6137013
1690	7853611
1690	3962264
1690	7356569
1690	5497614
1690	6521900
1690	5565081
1690	1279578
1690	86581
1690	4645355
1690	8515164
1690	3380143
1690	4257880
1690	663452
1690	6094351
1690	6197198
1690	8607321
1690	3111838
1690	7970849
1690	7005372
1690	789323
1690	2764753
1690	1473090
1690	4332631
1690	8625727
1690	5185030
1690	8259095
1690	2817888
1690	866473
1690	4288277
1690	2712427
1690	7989014
1690	2110896
1690	8393420
1690	4413173
1690	7647377
1690	4123327
1690	5088884
1690	6831352
1690	4003929
1690	5403735
1690	4009996
1690	1349288
1690	6951063
1690	6870162
1690	2134147
1690	6885056
1690	4987754
1690	8741637
1690	6438570
1690	3015779
1690	7636055
1690	4760865
1690	737640
1690	1467984
1690	5217920
1690	5167583
984	2486925
984	5814394
984	5319992
984	8475979
984	547554
984	2189304
984	5369821
984	934282
984	6980085
984	7418257
984	6329444
984	1384023
984	6278478
984	1943583
984	1694951
984	3298979
984	924260
984	8791714
984	5022170
984	5292975
984	4613209
984	437223
984	3611874
984	2597703
984	5559340
984	4372463
984	2540857
984	2287256
984	1987279
984	8715208
984	7720062
984	3895809
984	6145743
984	4762758
984	5780206
984	4511548
984	4650549
984	8843341
984	1907364
984	178225
984	368569
984	4176908
984	7787151
984	5210836
984	7421173
984	7229073
984	5664831
984	330769
984	7582688
984	6936672
984	3059357
984	7938772
984	6660910
984	3340402
984	1137932
984	7941167
984	2348550
984	7082713
984	3765087
984	673347
984	7717047
984	8273429
984	4082247
984	6585328
984	8419419
984	3695361
984	166151
984	506580
984	7160046
984	7873450
984	6264973
984	7546638
984	4403366
984	3754412
984	3090796
984	6686986
1696	5600653
1696	4464248
1696	4984030
1696	3986333
1696	4642043
1696	6412638
1696	6715733
1696	8823238
1696	5156566
1696	1604939
1696	6202514
1696	248158
1696	5874265
1696	2642333
1696	5302
1696	4504403
1696	8334159
1696	5019342
1696	6588613
1696	8154094
1696	3056480
1696	5131412
1696	7587108
1696	6743832
1696	1170805
1696	8236149
1696	4911240
1696	4074464
1696	4173964
1696	6473805
1696	1433657
1696	4248767
1696	2151082
1696	2261378
1696	2051910
1696	450985
1696	7310823
1696	3425434
1696	1128033
1696	3868454
1696	352603
1282	8305905
1282	7117836
1282	1692986
1282	5712887
1282	4381971
1282	8519450
1282	7466082
1282	877760
1282	7194114
1282	1774920
1282	2614066
1282	2458089
1282	1581303
1282	6697372
1282	17468
1282	3938933
1282	3746454
1282	872228
1282	5029668
1282	8662848
1282	507037
1282	3577965
1282	5961203
1282	44594
1282	7842407
1282	1059222
1282	5866315
1282	5080171
1282	1464183
1282	3771192
1282	1469241
1282	6930589
1282	6911287
1282	4946077
1282	8818644
1282	491287
1282	6365920
1282	990004
1282	7821273
1282	8111560
1282	2900287
1282	8578766
1282	5903095
1282	5062033
1282	4888124
1282	2883852
1282	1459817
1282	538444
1282	5634293
1282	911842
1282	5020027
1282	3352286
1282	4883278
1282	4740881
1282	6073759
1282	1166944
1282	3920320
1282	7387046
1282	2417087
1282	2075833
1282	6697815
1282	2522902
1282	3729948
1282	3120876
1282	8496832
1282	2977618
1282	6723280
1282	2395952
1282	2835813
1282	4680317
1282	8321879
1282	3330863
1282	5116327
1282	1101129
1090	7246529
1090	3877398
1090	7409836
1090	2129898
1090	5798236
1090	5295560
1090	6603949
1090	887219
1090	7146957
1090	836499
1090	7712971
1090	853225
1090	694783
1090	7689192
1090	6933490
1090	6742733
1090	5542244
1090	6859601
1090	2608702
1090	4792225
1090	2675504
1090	5567526
1090	6250222
1090	7220991
1090	7445979
1090	3883051
1090	1278844
1090	532753
317	2974114
317	3508062
317	8728221
317	3163249
317	2943351
317	2318240
317	8542737
317	4335263
317	2380399
317	1778815
317	832800
317	483458
317	3702897
317	7419096
317	7174981
317	5719813
317	6841863
317	4852225
317	7222998
317	2021785
317	7970099
317	8752302
317	3588026
317	7711701
94	7708926
94	2357160
94	2789064
94	5822093
94	3116692
94	954752
94	3547688
94	1392883
94	5170220
94	2508543
94	880828
94	2717747
94	7637853
94	6738263
94	8081028
94	8003942
94	8437754
94	8268674
94	588241
94	2205899
94	5095187
94	8132253
94	3440189
1009	1291233
1009	5521776
1009	3537079
1009	3128410
1009	6563469
1009	5431793
1009	88228
1009	1452318
1009	8860957
1009	3249901
1009	3855378
1009	5276446
1009	1478536
1009	3771861
1009	7591018
1009	4572111
1009	7164328
1009	7868569
1009	5232763
1009	7265697
1009	7108194
1009	5862835
1009	3202497
1009	5151759
1009	125197
1009	3457188
1009	3519542
1009	5848881
1009	3030132
1041	1915702
1041	94378
1041	5352085
1041	8618909
1041	319553
1041	8123257
1041	3453562
1041	2030753
1041	2559195
1041	6471273
1041	2196709
1041	1127269
1041	2009813
1041	6267767
1041	4876454
1041	4373167
1041	4146851
1041	7128613
1041	8699154
1041	5573491
1041	3458341
1041	7893367
1041	7604470
1041	5324515
1041	4792062
1041	4131684
1041	7912462
1041	1788485
1041	4263147
1041	8092755
1041	3136873
1041	2761396
1041	6601669
1041	2246095
1041	2313310
1041	8618385
1041	7038088
1041	4232807
1041	1306021
1041	3537805
1041	3186130
1041	4633311
1041	3423981
1041	7017372
1041	1948971
1041	3264703
1041	3716126
1041	5633433
1041	3258448
1041	5009008
1041	1820230
1041	4940987
1041	8519831
1041	6365438
1041	8108674
1041	6196071
1041	6509953
1041	2198534
1041	2706177
1041	4587917
1041	372758
1041	3927923
1041	6068406
1041	4011430
589	3494474
589	8580383
589	1653354
589	8488219
589	2374029
589	1899890
589	1161201
589	1070855
589	670441
589	5944632
589	1460129
589	7670897
589	7930217
589	4251073
589	4317285
589	4047608
589	3313088
589	3822902
589	1835942
589	6229560
589	8086851
589	218561
589	1956169
589	2172869
589	8888400
589	3302626
589	637728
589	3005449
589	5187926
589	89171
589	7443138
589	6184309
589	4641733
589	8896699
589	3164126
589	7646533
589	5163914
589	5297735
589	2306766
589	33342
589	1943868
589	3498501
589	6891812
589	2466960
589	4001646
589	4725439
589	1687773
589	2076197
589	3732362
589	222344
589	6362678
589	6176318
589	1445256
589	1759020
589	5532940
589	4164484
589	2877517
589	4794979
589	2290791
589	3233935
589	4834410
589	6090716
589	6530010
589	3643714
589	6484403
589	8753832
589	2071897
589	8351913
589	2577143
589	6449139
589	5204350
589	3289631
1697	5451869
1697	2380450
1697	7758974
1697	2554365
1697	1644445
1697	7847859
1697	8161176
1697	2142669
1697	2186416
1697	8573111
1697	8249109
1697	5771320
1697	5266450
1697	2389310
1697	2547707
1697	8166247
1697	2785724
1697	2804476
1697	2726859
1697	7528957
1697	7934289
1697	910194
1697	6909783
1697	6611645
1697	7250657
1697	2059863
1697	241389
1697	4808731
1697	8816958
1697	6979263
1697	2673095
1697	23160
934	2620843
934	7166997
934	4021535
934	5423741
934	373934
934	8019824
934	6981166
934	3446411
934	7850449
934	3799343
934	428404
934	7252039
934	3693558
934	6338576
934	2463674
934	5309930
934	5720336
934	4426296
934	4660347
934	5024410
934	4532328
934	2465493
934	5843797
934	1257826
934	6731337
934	5858509
944	3771745
944	6433203
944	4843664
944	2277780
944	1722125
944	7981863
944	6465796
944	1606222
944	1630066
944	2486045
944	6355938
944	4530458
944	376777
944	5998769
944	8216503
944	6032450
944	2077806
944	735385
944	6757730
944	6917006
944	5985496
944	4055769
944	8023571
944	1002432
944	3309591
944	110290
944	6495399
944	116557
944	2212177
944	1879375
944	5038425
944	7636464
944	297154
944	5464226
944	7489154
944	468864
944	7454791
944	3492354
944	7833108
944	4393888
944	5481486
944	3827673
944	8159854
944	4666435
944	5795293
944	4637332
944	8388562
944	8319744
944	7077842
944	6548523
944	1018363
944	1043302
944	4478982
944	2541505
944	2117920
944	2023905
944	1773032
944	7685476
944	8219002
944	5806989
944	3486142
944	3242537
944	417105
944	7780269
944	5970550
944	4030215
944	6958364
944	1136523
944	8333817
944	5664976
944	7327472
944	68999
944	6412319
944	8871391
944	3263332
944	1929461
175	995319
175	8403202
175	7939292
175	1372095
175	4100498
175	8397933
175	245377
175	1126202
175	5854695
175	4176839
175	5703280
175	956565
175	7160534
175	2845226
175	5270553
175	7551122
175	6501483
175	2461251
175	8895572
175	606270
175	3792155
175	5527666
175	913165
175	6800330
175	8206422
175	2306122
175	5940770
175	1018299
175	8699381
175	5622928
175	7580416
175	1591588
175	6513015
175	3433504
175	25706
175	7839838
175	7510330
175	7856115
175	1999098
175	5234993
175	1164516
175	2366025
175	7018579
175	4706026
175	93809
175	6034513
175	3224919
175	1455149
175	4852609
175	6597593
175	6311389
175	3636368
175	5582746
175	2681872
175	3646877
175	4502199
175	4756371
175	3253086
175	1741288
175	4449855
175	1327865
175	6439261
175	115088
175	4635116
175	7288373
175	4817114
175	1085164
175	7654606
175	3113026
379	2994836
379	2068849
379	6562823
379	2126533
379	737961
379	6317360
379	3087220
379	2536819
379	1997851
379	230605
379	2375636
379	8466815
379	6821999
379	4999130
379	3546342
379	6625398
379	2732780
379	6224608
379	6964347
379	8216292
379	1290076
379	8219096
379	1632275
379	5216692
379	8546417
379	2090841
379	3527108
379	3973887
379	6784891
379	1849211
379	4487625
1113	711099
1113	3066235
1113	6947088
1113	81029
1113	969573
1113	7174109
1113	6117243
1113	6671434
1113	8440219
1113	2680412
1113	3879402
1113	1224247
1113	6968997
1113	1575653
1113	3371293
1113	382399
1113	1617713
1113	5098028
1113	3776640
1113	8466507
1113	1832170
1113	5590441
1113	8085649
1113	4567491
1113	6226312
1113	5773648
1113	6452925
1113	717364
1113	8673223
1113	2961325
1113	266615
1113	8920979
1113	5233408
1113	2956877
1113	7466632
1113	1166133
1113	1029088
1113	4629447
1113	4216416
1113	7116229
1113	941879
1113	4195332
1113	2147041
1113	6320070
1113	8022545
1113	4642996
1113	75989
1113	3275253
1113	976916
1113	1591014
1113	4713922
1113	1884125
1113	58080
1113	6863048
1113	7339074
1113	1092669
1113	8118084
1113	7066636
1113	8226162
1113	5595548
1113	244032
1113	3099402
1113	1554623
1113	4758428
1113	2193006
688	198483
688	3096198
688	8129704
688	4460974
688	7048824
688	6186523
688	1844743
688	8054337
688	6415468
688	4952636
688	2920497
688	7499507
688	5562851
688	5720206
688	3471555
688	5866219
688	4828043
688	3665678
688	6339091
688	7216498
688	5012295
688	1397405
688	7181072
688	3626558
688	2582955
688	61301
688	6908521
688	386236
688	3508612
688	1350747
688	7925710
688	5713684
688	4112133
688	6729471
688	7043566
688	8734343
688	998499
688	6198077
688	2547145
688	2916888
688	2012428
688	6414488
688	5307672
688	4019375
688	5432598
688	2755259
688	2627365
688	661693
688	4757059
688	4565124
688	2732943
688	3554956
688	5387070
688	1970183
688	2749300
688	1367999
688	6901752
688	4454493
688	2667137
688	2788714
688	7820423
688	2425996
688	2451060
688	6587392
688	7193474
688	4353426
688	395126
688	7037381
688	3669886
688	2018049
688	3273329
856	2452166
856	7747173
856	7748985
856	2165482
856	3008975
856	4150686
856	5155940
856	1045811
856	4083089
856	2284073
856	660409
856	8220725
856	4386409
856	1799154
856	291610
856	770131
856	4170374
856	1170744
856	5825016
856	1935668
856	5011619
856	6941039
856	6032944
856	7743390
856	6432847
856	3334386
856	7748382
856	260915
856	8451673
856	5767590
856	4123689
856	4715137
856	2733402
856	4698988
856	2666977
856	3142513
856	845792
856	4843722
856	7378862
856	1116043
856	5390302
856	7877978
856	8198760
856	196168
856	4708748
856	7661475
856	1452706
856	2415238
856	2175488
856	7562958
856	8882280
856	3246986
856	213123
856	5494817
856	3699259
856	5362849
856	3544784
856	7635468
856	8553800
856	4486769
856	7918991
856	2641934
856	3434247
856	3451995
856	3417634
856	6203664
856	3385241
856	5292716
856	6514881
856	6361874
856	6686008
856	8051353
856	5697218
856	3103415
856	449983
856	6352979
940	2382891
940	5742528
940	232977
940	5016759
940	5641653
940	5785831
940	2759756
940	6763714
940	5236188
940	1641580
940	4946886
940	8035114
940	5383583
940	1420716
940	842641
940	8350214
940	2799208
940	3694424
940	6978472
940	3338799
940	2947990
940	4276663
940	7536517
940	8903242
940	6678060
940	5826975
940	7033601
940	3297176
940	5634562
940	2835436
940	7391775
940	8363601
940	1579903
940	1260750
940	5842766
940	5544659
940	867176
940	8438046
940	2793869
940	6359892
940	1404113
940	1428893
940	8789865
940	6863477
940	3961810
990	4720100
990	4674262
990	7765883
990	7804019
990	3893022
990	6676658
990	3815102
990	1614454
990	8903542
990	3634099
990	2782253
990	1085812
990	6105181
990	7522585
990	6497962
990	2188102
990	3715145
990	5768332
990	7948408
990	4013561
990	7046332
990	6905619
990	3428729
990	8601907
990	2044522
990	7480310
990	7188013
990	2965776
990	1939987
990	736882
990	4998716
990	3135263
990	1545628
990	1482345
990	5935463
990	2443576
990	6205266
990	49107
990	5936454
990	1513007
990	8376389
990	2174703
990	3988915
990	5484211
990	5872016
990	909233
1202	2079444
1202	981783
1202	8373771
1202	6910651
1202	4196096
1202	2947489
1202	1269958
1202	5572598
1202	1633854
1202	1806144
1202	7988312
1202	6765925
1202	935741
1202	3364171
1202	6158276
1202	3088155
1202	5804253
1202	1035072
1202	5274063
1202	2411938
1202	4283460
1202	1963859
1202	5276693
1202	7391485
1202	8924754
1202	2219922
1202	272899
1202	8464625
1202	6400657
1202	6302661
1202	2175991
1202	4837732
1202	6586797
418	7780780
418	6330519
418	3827272
418	8755165
418	4357951
418	6150718
418	8807397
418	6831241
418	6220374
418	1384511
418	3229425
418	6620190
418	2530797
418	3093295
418	6261267
418	4663530
418	1997963
418	7341840
418	7857702
418	6655779
418	5828262
418	7853575
418	3322260
418	4917289
418	821035
418	2808636
418	5311151
418	7928825
418	834244
680	801850
680	588630
680	3690346
680	598367
680	7003399
680	2988271
680	189883
680	6224353
680	3489447
680	2516760
680	2193385
680	469612
680	369528
680	5664569
680	4292291
680	546231
680	1156354
680	8684885
680	3781190
680	5727263
680	6986345
680	2864956
680	1878895
680	708635
680	6007393
680	4179978
680	7031294
680	2147641
680	1651444
680	5084785
680	8294719
680	6707353
680	7290930
680	4950498
680	3130268
680	5122410
680	2971796
680	4644933
680	4539462
680	3907233
680	6180319
680	6063030
680	1990658
680	5107489
680	885343
680	7283286
680	4128092
680	3863576
680	7030801
680	4353821
680	1929911
680	6915622
680	635078
680	721171
680	2027288
680	1297204
680	8616426
680	5639634
680	3373310
680	6620649
655	469731
655	4373462
655	2163694
655	2078900
655	4875895
655	7996038
655	6009705
655	4524380
655	775227
655	5476718
655	6769942
655	4955339
655	3969478
655	7889856
655	5192684
655	2834584
655	107135
655	7528397
655	2143914
655	4340418
655	3603411
655	4415661
655	7277722
655	351992
655	7419007
655	2005305
655	4804072
655	8204703
655	7475412
655	6238892
655	2413760
655	2705977
655	2826115
655	7205521
655	3497727
655	8347208
655	3828013
655	3100885
655	2444620
655	8204399
655	4941724
655	5646430
655	7103193
655	3147928
655	8425369
655	908399
655	1307360
655	4409210
655	6752391
655	8698804
655	2203566
655	1931641
655	1454660
655	670992
655	6342256
655	8326406
655	6733276
655	6240636
655	5689270
655	2355855
655	8515172
655	1813313
655	3880510
655	549689
655	4002034
655	4321660
655	7295005
655	360848
655	361053
373	6016116
373	7494447
373	1284718
373	407798
373	640749
373	1463245
373	5639092
373	5566571
373	4855356
373	908284
373	4799781
373	1543451
373	2481195
373	4829498
373	8911833
373	7610669
373	1587268
373	1169278
373	402852
373	203620
373	1446412
373	8929707
373	2351936
373	7451487
373	385671
373	4887093
373	1893398
373	791232
373	767607
373	213901
373	529895
373	7184055
373	5873412
373	3941915
373	2291356
373	6493772
373	5446609
373	5943636
373	308358
718	5258588
718	1176172
718	631245
718	1107294
718	8435544
718	1552875
718	8793749
718	3615671
718	7088945
718	2886125
718	7334200
718	1569377
718	2070142
718	4881305
718	6333521
718	5802075
718	6222984
718	1133304
718	3194094
718	7061100
718	1563665
718	1638430
718	7187296
718	8715013
718	8604846
718	1263999
718	7762499
718	4819833
718	84765
718	2687900
718	6402859
718	4158527
718	1775091
718	4320122
195	564237
195	3047874
195	8625313
195	3627618
195	1890979
195	4074012
195	7383434
195	8560571
195	3505774
195	4605169
195	4125696
195	7123733
195	4841916
195	6629953
195	7818471
195	2347797
195	1427137
195	8737592
195	1052989
195	80468
195	7410044
195	3408338
195	6801099
195	8032506
195	5643060
195	8721522
195	2658827
195	16312
195	4962730
195	518468
195	3265450
195	6936444
195	4274521
195	8176123
195	5585791
195	990116
195	3454507
195	4217577
195	6598410
195	1614185
195	6115215
195	6078412
195	3699730
195	6855720
195	30966
195	473656
195	8082828
195	7915365
195	4912485
195	8086277
195	988123
195	7637265
195	4072299
195	97603
195	7986582
195	3197195
195	7076293
195	3859113
195	5061697
195	8168015
195	6891049
195	7832648
195	477948
1530	7832263
1530	8695755
1530	3398856
1530	8288688
1530	2133643
1530	3093044
1530	502401
1530	4049893
1530	3478629
1530	281307
1530	5791780
1530	822874
1530	8638331
1530	5802866
1530	5658047
1530	8082349
1530	5462366
1530	6700429
1530	7725376
1530	7279494
1530	210914
1530	6273339
1530	4469344
1530	2864228
1530	3316290
1530	2265791
1530	8684580
1530	2078162
1530	282283
1530	162149
1530	4201463
1530	629693
1530	5349864
1530	3266481
1530	8851380
1530	6233821
1530	1190106
1530	8748136
1530	8620731
1530	6640144
1530	8277317
1530	6477846
1530	5063650
1530	6788795
1530	7584239
1530	7102802
1530	8187658
1530	7561275
1530	5586670
1530	391901
1530	7739393
1530	1703763
1530	6794221
1530	2871350
1530	3099769
1530	2654099
1530	8106809
1530	6714372
1530	8094747
1530	4772172
1530	2487083
1530	7460469
139	4697661
139	264992
139	185134
139	1849525
139	6793079
139	290640
139	7048447
139	5839974
139	7452188
139	5749003
139	5726969
139	1471474
139	5045032
139	5105630
139	4911668
139	6189852
139	4651762
139	100075
139	112255
139	4557248
139	412491
139	5928588
139	7744989
139	8592412
139	6975486
139	7855053
139	3230461
139	6741536
139	4834362
139	3462352
139	8543028
139	8724680
139	7620146
139	5131304
139	5230725
139	348821
139	5852964
139	5293734
139	8500853
139	8733819
139	4038344
139	3387807
139	3217261
139	1847628
139	4252069
139	32685
139	5560552
139	4750000
139	1726880
139	8070745
139	6378149
139	1622806
139	6168263
139	8001691
139	6725648
139	1162982
139	6967360
139	6975446
139	1250746
139	2666445
1542	4124594
1542	3125645
1542	8194119
1542	4646164
1542	8186294
1542	1563954
1542	2632399
1542	2851846
1542	2145694
1542	6307316
1542	2487962
1542	8305029
1542	8657521
1542	5661179
1542	1586773
1542	8080577
1542	2049535
1542	421211
1542	1161894
1542	1350729
1542	470826
1542	5068540
1542	1421460
1542	4594067
1542	1048333
1542	2690146
1542	5376738
1542	7171713
1542	3819459
1542	8237432
1542	211841
1542	2662174
1542	4494087
1542	7907105
1542	7258433
1542	2782717
1542	2648519
621	5808827
621	6164017
621	3071515
621	7452392
621	595975
621	7998571
621	7002842
621	8172145
621	3512716
621	8692569
621	3963909
621	2121154
621	4386196
621	3844014
621	5626317
621	6170957
621	4791015
621	5642288
621	5328023
621	561658
621	6285371
621	5370058
621	6318698
621	2115179
621	5691341
621	8472049
621	6996292
621	2435314
621	1482901
621	3920641
621	2484992
621	2556230
621	6722408
621	7848204
621	5710741
621	3420536
621	41723
621	7758801
621	8247791
621	7494361
621	7158029
621	6809849
621	841886
621	4509315
621	5567338
621	7927501
621	5064530
621	3268798
621	7306019
621	3515353
621	5922133
621	1354702
621	7689308
621	1964077
621	7400446
621	5850629
621	4666369
621	5190791
621	5571452
621	4346877
621	7168393
621	7789664
621	5372754
621	1859949
621	3485074
621	3515606
621	5132863
621	457190
621	5475173
621	3239878
621	4252659
546	688361
546	1633195
546	8434320
546	5044922
546	8574769
546	7333115
546	6511474
546	1453102
546	3874832
546	2794123
546	7600474
546	2966251
546	3883884
546	3282392
546	5668003
546	853676
546	6803449
1087	7166292
1087	7271026
1087	4827239
1087	8708262
1087	8312172
1087	1045565
1087	5562229
1087	6418277
1087	6027035
1087	403130
1087	8746813
1087	2173682
1087	2910919
1087	4042340
1087	4556677
1087	4404119
1087	232864
1087	2601198
1087	5149624
1087	3437024
1087	4504463
86	3369120
86	4839564
86	1805371
86	275453
86	4355952
86	5385034
86	8562132
86	4735728
86	6321735
86	1355073
86	6298712
86	8214907
86	3224835
86	964668
86	4764803
86	3069210
86	7975091
86	5988991
86	164824
86	3045454
86	5462421
86	691159
86	4134807
86	4769553
86	2985584
86	8239517
86	781400
86	7673229
86	4550396
86	6109782
86	5226538
86	6896112
86	1787265
86	8516100
86	6676387
86	4781462
86	5325751
86	3417835
86	4416379
86	2916589
86	207957
86	8913641
86	4184347
86	8122061
86	3103542
86	1697660
86	7806724
86	2309324
86	4410440
86	3789956
86	3804113
86	3415370
86	8789270
86	8209371
86	6328663
86	7744380
685	3500126
685	6643352
685	1253677
685	2217167
685	758282
685	1436189
1677	1150352
1677	6280713
1677	8492916
1677	279926
1677	8336905
1677	6217174
1677	1505560
1677	3943729
1677	3494448
1677	1756148
1677	3013077
1677	5005238
1677	6291156
1677	7685457
1677	7269839
1677	4646009
1677	5502871
1677	705582
1677	3881749
1677	8562065
1677	4336726
1677	4118537
1677	6131774
1677	2585717
1677	3711063
1677	5683258
1677	6433225
1677	6463445
1677	8858249
1677	2194497
1677	1828861
1677	3068862
1677	7365796
1677	3867835
1677	2987421
1677	1407209
1677	2142402
1677	2239752
1677	6569047
1677	4277115
1677	8074090
1677	1710976
1677	98021
1677	3408494
1677	3515564
1677	5495951
1677	3966205
1677	4109667
1677	8902895
1677	8860551
1677	8289493
1677	1882829
1677	2713466
1677	158832
872	5128339
872	771694
872	8175978
872	6936994
872	6965503
872	1493581
872	7972872
872	2066465
872	6639671
872	4410895
872	1977904
872	342496
872	4324373
872	1542145
872	4295240
872	8701583
872	3526705
872	2492014
872	567345
872	7006136
872	2511191
872	8228817
872	6368275
872	8878627
872	4584264
872	1927549
872	6394935
872	7051374
872	1506074
872	2774564
872	8694624
872	2303207
872	3063479
872	4683289
872	8514225
872	4842969
872	573348
460	5799480
460	3059119
460	3228114
460	7412439
460	7171281
460	7117451
460	8285529
460	8908842
460	6971140
460	7707562
460	3998168
460	7551978
460	3240229
460	8069363
460	8501990
460	5222122
460	1710901
460	7069306
460	8106584
460	8106257
460	3729678
460	1392040
460	5632696
460	8186741
460	960143
460	1444630
460	1688852
460	7096382
460	2981131
460	8521515
460	1011746
460	7434832
460	8013069
460	1444553
460	5589204
460	394001
460	7794828
460	2965437
460	2582740
460	7640381
460	1159867
460	7679596
460	2671196
460	2696436
1720	454530
1720	289701
1720	170249
1720	6704258
1720	1136379
1720	2819674
1720	2255115
1720	6164800
1720	3091801
1720	5767660
1720	1888069
1720	7282394
1720	6099875
1720	1319725
1720	6096125
1720	7473962
1720	795501
1720	554320
1720	685650
1720	6996592
1720	7578774
1720	7896060
1720	7679947
1720	4971928
1720	4340374
1720	3230410
1720	1671284
1720	1305661
1720	3100404
1720	5818790
1720	5646044
1720	6016799
1720	6511171
1720	7043149
1720	8188149
1720	1546984
1720	2008315
1720	5623241
1720	4330811
1720	5982288
1720	8095251
1720	1613106
1720	2495411
1720	3486492
1720	1663172
1720	6485548
1720	322835
1720	6873639
1720	5670043
1720	5763733
1720	2705978
1720	7765742
1720	3410996
1720	4798965
511	4542310
511	3830080
511	6138937
511	6778344
511	3005803
511	1151717
511	4560059
511	2672600
511	4623173
511	3475669
511	1157540
511	7923111
511	1693000
511	1380459
511	4169953
511	1830622
511	3004233
511	6467710
511	4523199
511	2792649
511	4435224
511	6461498
511	8384252
511	3058470
511	3876036
511	947949
511	1086971
511	7609877
511	6184107
511	2003217
511	4563906
511	2643616
511	8284792
511	7964937
511	6446766
511	8611865
511	6740937
511	1576170
511	1785016
511	2997876
511	2678602
511	6848977
511	6057485
511	5970304
511	5544279
511	5058123
652	6311163
652	6183881
652	5890238
652	6256242
652	6279684
652	2235747
652	3649375
652	7733553
652	4441844
652	772562
652	473165
652	6774748
652	6902702
652	3901303
652	6532088
652	1420529
652	8887577
652	2140585
652	2755319
652	4669873
652	4396030
652	6887567
652	4267103
652	4991549
652	5450722
652	963681
652	6646252
652	6389964
652	3478548
652	6234800
652	81713
652	3485451
652	603981
652	733308
652	5655407
652	7442508
652	4297411
652	5364523
652	2078446
652	1800270
652	8747675
652	3627177
652	5733313
652	7963879
652	3003069
652	153310
652	1896444
652	5599985
652	7387576
652	4923097
652	7595692
652	1203056
652	305205
1012	4939916
1012	4739307
1012	5703395
1012	5778008
1012	5394866
1012	4210262
1012	8802717
1012	7756155
1012	8554616
1012	4658698
1012	6685844
1012	2232024
1012	7466128
1012	6221402
1012	4114591
1012	2200534
1012	584860
1012	6984020
1012	6126245
1012	948106
1012	6426594
1012	3336747
1012	4096620
1012	3574596
1012	6836367
1012	1761837
1012	6989984
1012	572472
1012	591273
1012	5093665
1012	7386965
1012	6499986
1012	8502728
1012	1486385
1012	3757435
1012	1376891
1012	1805784
310	136281
310	264460
310	6615642
310	5651687
310	8187183
310	6876991
310	7315253
310	1426670
310	4934179
310	482988
310	6661174
310	6100872
310	8906710
310	1257569
310	3447499
310	2531530
310	4154529
310	8271490
310	6236060
310	5505424
310	5627321
1609	5317947
1609	4581311
1609	2536867
1609	1594828
1609	5578314
1609	8680148
1609	8418414
1609	303967
1609	1774677
1609	8638036
1609	2715379
1609	1524904
1609	2188837
1609	2296289
1609	4210221
1609	3418504
1609	1725614
1609	8127150
1609	7380178
1609	7910915
1609	710147
1609	3060757
1609	461893
1609	8828964
1609	3893358
1609	305021
1609	4298297
1609	2507933
1609	3675718
1609	6050819
1609	4047536
1609	4697260
1609	5815663
1609	6313828
1609	855573
1609	6687949
1609	59763
1609	372136
1077	6954903
1077	1487352
1077	5176555
1077	7365014
1077	3837378
1077	1647042
1077	622327
1077	8097644
1077	8365516
1077	2325019
1077	8201907
1077	6418050
1077	178249
1077	8454418
1077	708501
1077	1733526
1077	4207481
1077	3912511
1077	647110
1077	6381035
1077	7460169
1077	6656563
1077	1170103
1077	3796846
1077	2334281
1077	4160639
1077	6478861
1077	5638775
1077	5720079
1077	1741806
1077	3697711
1077	6603195
1077	5042580
1077	2964727
1077	4576358
1077	8390137
1077	1060283
1077	3465141
1077	3960548
1077	7993374
1077	7519359
1077	5391855
1077	988879
1077	1674552
1077	889045
1077	5877637
1077	3652846
1077	3234734
1077	937559
1077	1871662
1077	4946523
1077	4724384
1077	8207825
1077	8513884
1077	4036216
1077	4692077
1077	5940822
1077	7771507
1077	1048165
1077	615216
1077	7056646
1077	7414775
1077	7772323
1077	7906522
1077	3504654
1077	1047504
1077	4612150
1077	6691487
1413	4600893
1413	3342552
1413	6057956
1413	378793
1413	4511926
1413	2090926
1413	6374242
1413	5073680
1413	7118111
1413	3263525
1413	6209815
1413	4745199
1413	1169038
1413	2102044
1413	7009162
1413	2653088
1413	1882205
1413	2129700
1413	8548414
1413	2944373
1413	2242809
1413	6673840
1413	7962803
1413	2694475
1413	4183935
1413	5380140
1413	7323592
1413	2968594
1413	1402759
1413	2470048
1413	6451340
1413	8048271
1413	6697553
1413	5143672
1413	1528519
1413	420339
1413	6865369
1413	8469784
1413	1017916
1413	720815
1413	4694801
1413	6589479
1413	1497435
1413	2129698
1413	319607
1413	1306726
1413	6057236
1413	4265409
1413	24528
1413	4093509
1413	4954813
1413	4127887
1413	2048
1413	1598286
1413	4907771
1413	7693945
1413	1559669
1413	4640350
1413	6752798
1413	8158149
1413	7955165
1413	1550635
1413	3986858
1413	241277
1413	5926382
1413	7665546
1413	1004631
1413	8199052
1413	6929203
1413	5548467
1413	3029427
1413	8698369
1413	3671725
1413	7498637
34	6400578
34	4291541
34	6371223
34	3865362
34	2198911
34	296747
34	5859079
34	758263
34	167925
34	3423256
34	3103691
34	5770963
34	6812870
34	8245286
34	6938010
34	4030558
34	3993642
34	5449498
34	4413188
34	6663922
34	6027936
34	3953937
34	420096
34	2957580
34	2326976
34	8076663
34	2248502
34	4170618
34	5318209
34	1954147
34	7843368
34	8783277
34	5779684
34	132767
34	8436130
34	5935328
34	1003580
34	1170911
34	3128059
34	6241144
34	1611143
34	3394878
34	3051494
34	3480102
34	7124473
34	3923251
34	8837212
34	7127971
34	2281472
34	553563
34	1347443
34	2310040
34	6477076
34	5350001
34	3842736
34	5709025
34	930667
34	3426492
34	5694030
34	2795375
34	4298191
34	1196435
34	7141736
34	7957529
34	6158646
34	7518403
34	1241816
34	2339582
34	3049277
34	6449835
34	7071892
34	7794202
34	2988211
34	5955111
801	432917
801	2789884
801	8393741
801	7248340
801	7496026
801	7797160
801	8085365
801	6627312
801	6386784
801	1954354
801	550536
801	4529388
801	4484033
801	6164889
801	3998363
801	1837259
801	2322926
801	1500221
801	5892604
801	1846465
801	5643886
801	2580765
801	2559296
801	7933432
801	8921041
801	735347
801	5069930
801	1666200
801	5381392
1733	249806
1733	354010
1733	5028189
1733	4607204
1733	6107845
1733	3962897
1733	2338394
1733	563397
1733	4618460
1733	1393788
1733	8426150
1733	2377471
1733	2947981
1733	30811
1733	4216394
1733	359956
1733	6022342
1733	612714
1733	409194
1733	4091184
1733	6084200
1733	6223046
1733	1365686
1733	5415670
1733	6677993
1733	7750025
1733	4879338
1733	7537379
1733	3803595
1733	8201831
1733	1467494
1733	6027246
1733	6434157
1733	2759247
1733	2268104
1733	2159944
1733	5630739
1733	441491
1733	3943775
1733	8275242
1733	6226342
1733	4625218
682	3493869
682	5385536
682	7012347
682	90942
682	3795189
682	3596896
682	2075509
682	1237891
682	6492165
682	1956940
682	8310082
682	1372226
682	6732836
682	6773726
682	8589378
682	121366
682	1441727
682	7329805
682	799637
682	3244889
682	2379128
682	1649090
682	3093189
682	7507686
682	7255616
682	4992702
682	3339131
682	7918294
682	7399156
682	4176973
682	629380
682	456348
682	2382261
682	5224053
682	323896
682	345730
682	207784
682	4746807
682	500575
682	2729084
682	372842
682	8406807
682	152513
682	1993331
682	1174013
682	128908
682	8399307
682	7311247
1414	1842182
1414	232652
1414	1983241
1414	5424023
1414	4252873
1414	2992029
1414	3778618
1414	8333435
1414	7904289
1414	3032583
1414	7073955
1414	1598433
1414	2993644
1414	7190040
1414	1089390
1414	3625560
1414	3247455
1414	748710
1414	5186243
1414	2953464
1414	7854991
1414	6133826
1414	6290873
1414	6261947
1414	2627644
1414	31004
1414	1397845
1414	1388354
1414	6281229
1414	8626830
1414	6355417
632	4424956
632	1143556
632	8749872
632	7307085
632	7368620
632	6455938
632	8506144
632	8132541
632	5469556
632	4533318
632	384951
632	6617257
632	4027140
632	7672469
632	5438990
632	7711913
632	6192494
632	3738375
632	3018052
632	5806482
632	666365
632	6225152
632	3858400
632	1705302
632	7644118
632	7862517
632	4712782
632	5862951
1740	8444541
1740	1011351
1740	5497232
1740	7387561
1019	2502495
1019	265476
1019	2805184
1019	5475573
1019	377977
1019	5004289
1019	2475359
1019	2040120
1019	5042203
1019	4934016
1019	389823
1019	2581418
1019	7075621
1019	6021893
1019	5929486
1019	181994
1019	8314643
1019	4874439
1019	5675059
1019	1187585
1019	4205609
1019	8192712
1019	6002687
1019	3377057
1019	1177677
1019	2064069
1019	1437183
1019	4359110
1019	2449622
1019	6997558
1019	8581421
1019	5917089
1019	7875258
1019	8393909
1019	2069422
1019	518123
1019	544053
1019	4233100
1019	2469690
1019	8616895
1019	6585498
1019	5101185
1019	2554082
1019	4695988
1019	7225866
1019	5151632
1019	7738264
1019	2674125
1019	298182
1019	6331880
1019	6861976
1019	8259693
1019	138581
1019	4748297
1019	4158027
1019	5647280
1019	8371834
1019	3580564
1019	7942690
1019	4982012
1019	8308050
1019	5144534
1019	7155251
1019	3885520
1019	4582260
1019	2810801
1019	3227490
1019	700150
1019	2960829
1019	3243965
1019	1054954
1019	7509706
1019	3490671
1019	1217392
1019	441854
1019	4967355
1019	4131988
1019	8135723
1291	5500320
1291	2574794
1291	1829323
1291	787894
1291	5726338
1291	1522001
1291	5915170
1291	4269894
1291	8606283
1291	3992196
1291	8587624
1291	8095982
1291	1122942
1291	6891107
1291	1880909
1291	7843753
1291	3125493
1291	545000
1291	6276787
1291	329496
1291	7548789
1291	7004895
1291	5380703
1291	1199363
1291	6922165
1291	1838184
1291	8168647
1291	1014481
1291	808815
1291	8017434
1291	4667742
1291	920737
1291	1738470
1291	4801032
1291	2748696
1291	445708
1291	1503348
1079	3978144
1079	8816865
1079	1113512
1079	5707714
1079	3578909
1079	5178066
1079	5260980
1079	6075430
1079	4215709
1079	4491556
1079	8781879
1079	4185066
1079	5767521
1079	4778698
1079	7901669
1079	7990558
1079	2900306
1079	2030479
1079	2406048
1079	3442718
1079	1766626
1079	7252571
1079	7477503
1079	2725531
1079	3615171
1079	8615702
1079	929265
1079	4814297
1079	1143919
1079	1517923
1079	964568
1079	6398289
1079	3903599
1079	7985784
1079	8647024
1079	932388
1079	1130990
1079	239151
1079	8877226
1079	1293497
1079	6900656
1079	5242932
1079	7252051
1079	84967
1079	8610225
1079	6776789
1079	3571655
1079	4711677
1079	7935370
1079	1969464
1079	4182166
1079	5472326
1079	1796084
1079	2454878
1079	3178253
1079	2032958
1079	6955695
1079	1525223
1079	4984569
1079	1189730
1079	3550608
1079	1078259
1079	2859368
1079	3608140
1079	5087340
1079	2029097
1079	5445213
547	1878470
547	1392630
547	7422151
547	5854490
547	356354
547	2751874
547	6152903
547	7751211
547	4330026
547	5758429
547	1575219
547	4829101
547	8728490
547	5712649
547	8806438
547	4977561
547	597077
547	7894995
547	6671939
547	2620006
547	7863351
547	842882
547	461156
547	1400362
547	6988366
547	3383371
547	2082150
547	8553850
547	6490449
547	5353863
547	3094118
547	2948081
547	5114912
547	4925014
547	1123232
547	938468
547	2926336
547	8057015
547	1801489
547	6799069
547	939044
547	8438943
547	1821244
547	7485142
547	8024930
547	3532205
547	1185070
547	7102908
1006	5568181
1006	324895
1006	5443968
1006	1045516
1006	4836430
1006	466955
1006	4817672
1006	4200297
1006	6582729
1006	5205090
1006	467116
1006	970800
1006	6788670
1006	340498
1006	3547061
1006	4209467
1006	6796654
1006	4205434
1006	606833
1006	3287027
1006	587499
1006	564250
311	7428564
311	4170839
311	7361109
311	1729869
311	6211519
311	8480656
311	3747569
311	1784654
311	6096251
311	158733
311	2137148
311	1257929
311	2783994
311	5960759
311	1045884
311	4616583
311	4125890
311	1181973
311	3529893
311	3945516
311	7960588
311	6348109
311	1391591
311	6684489
311	5408151
444	2392202
444	950963
444	7867654
444	1405226
444	594107
444	6148666
444	6330690
444	3788639
444	6875722
444	4169493
700	821933
700	6159947
700	6950413
700	4640667
700	6078849
700	3226678
700	6140030
700	3828379
700	682231
700	6032673
700	6267837
700	3891065
700	4668541
700	2209524
700	4865424
700	485029
700	5987459
700	3263979
700	149010
700	6332419
700	953649
700	8060112
700	5164694
700	7837164
700	8315420
700	3054333
700	7548494
700	1482792
700	7048158
700	5055710
700	122767
700	4220498
700	5164684
700	7684479
700	7877970
700	6244301
700	4094849
700	2740927
700	4118210
700	3489019
700	879743
700	6029115
700	6243440
700	7934747
700	395218
700	588661
700	8191656
700	3610294
700	15407
700	584267
700	8672630
700	4620963
700	1698710
700	5089002
700	6128543
700	8623965
700	3194188
700	7194682
700	7397769
700	1458737
700	3766926
700	3369448
700	372764
700	4309042
700	5492266
700	1772909
700	7252296
700	1693019
700	8461384
700	7184434
700	8585792
700	4158603
700	6718842
700	5768950
700	7002126
700	7942311
630	6882478
630	3634445
630	424461
630	4139751
630	791137
630	5866316
630	6699763
630	8234013
630	2131470
630	3757338
630	7556059
630	6708162
630	6248052
630	7110349
630	7131668
630	2287862
630	5243321
630	4525295
630	6234644
630	7858872
630	4562542
630	5473494
630	6066832
630	8212290
630	7275595
630	8059368
630	153022
630	279391
630	1444537
630	111269
630	761946
630	6607025
630	7238355
630	6660704
630	3527397
630	8798149
630	272077
630	4550309
630	3578057
630	4090271
630	5348322
630	6632126
630	3209003
630	2173284
630	7838584
630	8816839
630	3093734
630	3553582
630	230050
630	8369414
630	2164972
630	4216577
630	4129910
630	1893752
630	4644304
630	3408962
630	468944
630	998451
630	1896863
630	4822258
630	7968578
630	6706454
630	2263756
630	2492561
630	2993831
630	3767871
630	2487901
630	6831162
630	2974488
630	2296028
630	4896282
630	6696308
630	3553084
630	5806836
630	5749656
630	2176580
630	4164151
630	1870242
630	4280360
630	8434442
1155	3247893
1155	1656757
1155	3874378
1155	7173357
1155	4714545
1155	2552260
1155	1351543
1155	5863826
1155	1741224
1155	507848
1155	5064043
1155	70552
1155	2020425
1155	889040
1155	3122978
1155	4403999
1155	8535336
1155	538337
1155	3023035
1155	1831883
1155	6231559
1155	4342013
1155	4398757
1155	8375795
1155	1622110
1155	8329572
1155	5304638
1155	3795982
1155	8364181
1155	6009072
1155	3508818
1155	1324424
1155	1472430
1155	2273940
1155	145109
1155	6995300
1155	663022
1155	7418664
1155	3358491
1155	6901608
1155	6185627
1155	8025066
1155	4167169
1155	4508941
1155	1296467
1155	2454452
1155	7923405
1155	1774672
1155	347279
1155	3218872
1155	6897700
1155	2717780
1155	2194415
1155	7136621
1730	4008881
1730	3732192
1730	7744321
1730	6452867
1730	2156487
1730	5889993
1730	2533428
1730	8585665
1730	1622536
1730	4685386
1730	3430516
1730	610090
1730	4479184
1730	2823468
1730	8035819
1730	67892
1730	523079
1730	6393430
1730	3385818
1730	5732651
1730	5776758
1730	8484649
1730	446346
1730	1528034
1730	6334966
1730	7477356
1730	5830076
1730	5545247
1730	765761
1730	7242124
1730	4999947
1730	7443734
1730	7186184
1730	4977512
1730	2838089
1730	8322605
1730	7157045
1730	3945397
1730	8264113
1730	2078428
1730	899563
1730	1076683
1730	8593732
1730	2679172
1730	3484047
1730	2152626
1730	1671711
1730	6713278
1730	6828682
1730	4208906
1730	1511412
1730	8221012
1730	86502
1730	3529472
1730	369770
380	2913750
380	166138
380	2039731
380	6069971
380	2366352
380	3413907
380	4285581
380	4526353
380	4486660
380	5624533
380	8813805
380	1289566
380	7517167
380	5402734
380	86293
220	565078
220	5620309
220	53675
220	7945623
220	2903595
220	3216485
220	5638021
220	4448861
220	5755130
220	2758909
220	1034342
220	4613644
220	3981014
220	5715208
220	5465587
220	786410
220	841273
220	2248945
220	3521517
220	8601289
220	7149207
220	4829146
220	3500843
220	7506772
220	211385
220	3685211
220	8746146
220	603598
220	5269729
220	7819007
695	3332398
695	822857
695	4806175
695	7068607
695	5371726
695	5300112
695	5433060
695	8109977
695	1348129
695	1347149
695	4463903
695	7989560
695	6181399
695	3735552
695	1178496
695	7274872
695	3461274
695	7548255
695	6870114
695	3268245
695	7645216
695	4646977
695	319557
695	6406914
695	3354945
695	7283033
695	7250303
695	4032961
695	6823757
695	1684388
695	7484585
695	1082875
695	4644436
695	5750019
695	8246529
695	794615
695	2231431
695	1157415
695	7861101
695	7448191
695	8614219
695	2380588
695	7629044
695	4579887
597	1901012
597	2054486
597	1608562
597	5742891
597	8169576
597	8151013
597	121507
597	1410546
597	7985018
597	1146386
597	6450037
597	1706377
597	8299039
597	3897815
597	6067239
597	1933546
597	8477481
597	8561828
597	1405229
597	2889433
597	5831006
597	2651813
597	7746857
597	6889849
597	2067548
597	6878005
597	4581830
597	2217666
597	7008308
597	8743826
597	8897894
597	8132163
597	598351
597	546648
597	3860979
597	8373939
597	3205476
597	1472886
597	8256471
597	3931211
597	5964028
597	7671994
597	7050477
597	3254001
597	2050097
597	510210
597	6612587
597	1760858
597	5843720
597	2866535
597	7909622
597	1023711
597	5302507
597	5017994
597	8620456
597	5500481
597	8256427
597	4852193
597	5835458
597	4491981
597	6968930
597	4169522
597	7093497
597	6611071
597	7463165
597	6165778
597	3487693
597	8096501
597	5345834
597	2604410
597	8416358
597	3014408
597	3100776
597	8833734
597	8209181
597	6861761
597	8788518
597	3520602
597	7740947
687	8107880
687	342231
687	2457364
687	1499135
687	8486155
687	1758643
687	2276603
687	6957302
687	7800409
687	5385954
687	5115712
687	1221275
687	5975752
687	2398144
687	5199154
687	6134363
687	1678236
687	6894149
687	5170449
687	6833441
687	3164506
687	4122568
687	7532570
687	3495490
687	6350739
687	3178042
687	6135203
687	8267049
687	2982886
687	1738341
687	4927948
687	2914858
687	4877006
687	5798946
687	3235826
687	3285037
687	3829163
687	6339064
687	3727764
687	7298906
687	7716060
687	1499103
687	4874080
687	4209506
687	5185707
687	6684592
687	5816156
687	7447729
687	5941745
687	8382971
687	7769708
687	2324510
687	1073231
687	6136737
687	8378379
687	8783540
1218	2635910
1218	8526705
1218	3085990
1218	2029876
1218	1377140
1218	5820866
1218	6712425
1218	2916530
1218	846316
1218	193757
1218	163973
1218	8787052
1218	8847162
1218	7648997
1218	318567
1218	870717
1218	1862959
1218	8138764
1218	4047426
1218	1280103
1218	7270796
1218	280966
1218	1821403
1218	2747192
1218	2007233
1218	7240445
1218	5724637
1218	7396052
1218	3730147
1218	3051621
1218	1482428
1218	752538
1218	5623598
1218	885123
1218	143608
1218	6035157
1218	8022058
1218	2497698
1218	7350259
1218	6845069
1218	1625226
1218	3856946
1218	7339081
1218	3177081
1218	5097438
1218	172298
1218	3361690
1218	3683208
1218	3491119
1218	5327285
1218	5316910
1218	4408986
1218	3741800
1218	3818369
1218	7673088
1218	7375014
1218	342770
1218	7925279
125	6225216
125	4193663
125	5679039
125	7673691
125	8404753
125	128380
125	8412748
125	5368424
125	1196561
125	3852881
125	4737764
125	3608738
125	7385075
125	1840881
125	3163866
125	3136882
125	8009945
1096	7885827
1096	2018244
1096	8007441
1096	5486802
1096	8448022
1096	6447679
1096	7610152
1096	5037700
1096	4353477
1096	4501720
1096	6156516
1096	5344805
1276	187536
1276	6559809
1276	4845880
1276	8358645
1276	4264741
1276	5059837
1276	5617730
1276	3209807
1276	8600632
1276	2702750
1276	3451842
1276	3883788
1276	757447
1276	8892353
1276	4244427
1276	2213765
1276	5722685
1276	7540110
1276	6156528
1276	2260651
1276	7570636
1276	4584646
1276	2306065
1276	7370493
1276	7913212
1276	3480865
1276	3199592
1276	1917647
1276	531818
1276	7693228
1276	7331113
1276	1593909
1276	8439910
603	7150411
603	4096567
603	4951461
603	1543936
603	6654283
603	8561611
603	3649365
603	481752
603	4413736
603	5897771
603	3114031
603	4350338
603	1781735
603	1378050
603	626844
603	985444
603	5822313
603	7429866
603	7661756
603	5967917
603	1822553
603	1873059
603	5482617
603	1255240
603	8690633
603	1226334
603	2742050
603	81678
603	7193236
603	338075
603	1243291
603	6626323
603	2098342
603	5222579
603	6074804
603	3661859
603	3597912
603	6056532
603	6434606
603	6330229
603	7211815
603	7916276
603	5201747
603	4974159
603	1749705
603	1575778
603	2691160
603	8761770
603	6087728
603	5350993
603	2981896
603	1569856
603	230964
603	7608828
603	39154
603	2786624
603	6737127
603	7636039
603	7994898
603	427898
603	7688893
603	8068727
603	1806183
603	51894
603	2408117
603	4058103
603	6438918
603	4640689
603	8716002
603	8337550
603	8742315
603	758680
482	8590717
482	3633834
482	3912269
482	2401052
482	3926157
482	1855395
482	3668867
482	4873029
482	3477317
482	5889605
482	2185552
482	7605469
482	6341813
482	4615061
482	203789
482	1686160
482	2674594
482	6782547
482	663596
482	8385850
482	5168113
482	4518066
482	697858
482	6760811
482	4366808
482	5792300
482	6539841
482	1013162
482	3071882
482	2896454
482	858756
482	6934669
482	3930864
482	2758388
482	5323947
482	3524172
482	5119633
482	412697
482	4411884
482	1056500
482	1964756
482	630874
482	7187880
482	6207810
482	147455
482	6918449
482	7549306
482	7266753
482	5929904
482	1832726
482	3891045
482	2197119
482	5088753
482	4676449
482	5716215
482	4497954
482	5924125
482	3947737
482	5693370
482	3510199
482	6069678
482	4736969
482	3904392
482	4127607
482	3593256
482	8005843
482	7515987
482	8322588
482	4875171
482	4348813
482	6245589
482	2474911
482	3088978
482	4904475
482	1562688
623	5473061
623	6452836
623	3825815
623	882453
623	3793809
623	5832506
623	4385535
623	4209879
623	6875675
623	1049399
623	3272199
623	165015
623	3617270
623	7563876
623	3900833
623	6114668
623	6393975
623	526836
623	2938992
623	263863
623	4041951
623	6630147
623	572049
623	5848070
623	1229861
623	1982901
623	8729030
623	8475621
623	1758182
623	5310397
623	8178736
623	743530
623	4690555
623	8310462
623	3331937
623	173504
623	5956515
623	3980862
623	6505369
623	7159246
623	1661957
623	8186755
623	2792241
623	7835239
623	6905270
623	8854739
623	5631754
623	3166169
623	1711733
623	5962619
623	6990274
623	8644534
623	7303377
623	629103
623	1697726
623	1962078
623	2075424
623	3957673
623	169483
623	29533
623	1100446
623	6386729
623	3414848
623	2748280
623	532471
623	50220
623	850424
623	4710972
623	5533461
623	5283224
623	6801151
623	4704125
623	1797114
623	3608590
623	5375975
1570	4799020
1570	766249
1570	1350894
1570	6413998
1570	1037946
1570	8244065
1570	1535317
1570	176601
1570	664521
1570	5193589
1570	1203570
1570	6142192
1570	6292463
1570	8053871
1570	8677481
1570	2922168
1570	703829
1570	3586924
1570	1205535
1570	8140357
1570	1160537
1570	99261
1570	466630
1570	4200313
1570	7726889
1570	1072809
1570	3012340
1570	5846660
1570	4657437
1570	1884068
1570	3563663
1570	7368384
1570	2074082
1570	7623071
1570	2285067
1570	1765909
1570	4992794
1570	6143494
1570	4621276
1570	7777713
1570	6488046
1570	1489240
1570	1049888
1570	4718221
1570	7273105
1570	1965677
1570	4414751
1570	6058550
1570	1314099
1570	4586198
1570	19846
1570	3947859
1570	3032771
1570	8002212
1570	4030423
1570	6178022
1570	4082400
1570	4011470
1570	3620398
1570	4083710
1570	5009537
1570	1190013
1570	1165201
1570	3115436
1570	2045144
1570	686016
1570	4304931
1570	1534259
1570	2914847
1570	3718138
1570	1308045
1570	8812303
1570	1621577
1570	8261422
679	5429223
679	2277274
679	2779280
679	7556626
679	4476363
679	2834564
679	2177607
679	3171933
679	1551832
679	5173656
679	1532326
679	1167115
679	5658192
679	8361433
679	2972807
679	6525112
679	3086373
679	5623310
679	6489606
679	4587439
679	8793352
679	7956247
679	8653606
679	3941487
679	5678661
679	8147107
679	5725949
679	5242857
679	2550270
679	6635424
679	574349
679	6919006
679	8187267
679	7025724
679	7903129
679	5515332
679	8477136
679	272568
679	2759895
679	7054282
134	6658804
134	5009601
134	2834795
134	3626992
134	4387872
134	4445875
134	8225159
134	8650348
134	5494745
134	2349838
134	6510623
134	8389737
134	1541348
134	4158963
134	971329
134	6090430
134	5068619
134	6719112
134	1145724
134	750620
134	772803
134	1741398
134	8555817
134	2698870
134	2816973
134	1186067
134	7016636
134	7008025
134	2677882
134	8756127
134	7208414
134	5732516
134	3174930
134	520371
134	2429799
134	1891205
134	1577874
134	2975975
134	5783637
134	5822359
134	3956525
134	6998253
134	6793641
134	2331372
134	7272666
134	404926
134	7182453
134	2555107
134	7709623
381	7122345
381	523391
381	1836241
381	2857529
381	2451985
381	3432973
381	1870732
381	8402388
381	362675
381	2999097
381	6452935
381	6633039
381	1289556
381	4595198
381	7403479
381	5005017
381	4778926
381	4971452
381	3092223
381	1335566
381	3064463
381	6291447
381	5088901
381	45818
381	4385844
381	5601612
381	4813987
381	8058893
381	7821089
381	7715380
381	254739
381	4976932
381	7027831
381	7180590
381	7133350
381	5827750
381	1629273
381	8240683
381	4394730
381	6261152
381	6680053
381	1617229
381	8167058
381	3763838
381	3571251
381	8421135
381	7253163
381	7475063
381	3649921
381	2490400
381	5009916
381	6699107
381	7865459
381	7506358
381	5406104
381	3207864
381	5761213
381	8481435
381	5612040
381	3859130
381	5833086
381	3676865
381	6600027
381	5130431
381	1137551
381	6290352
381	5223730
381	718048
381	5674127
265	4171056
265	5625064
265	6769322
265	6354906
265	6186019
265	3596209
265	1729367
265	2212766
265	4286830
265	6870600
265	1025649
265	3574358
265	398226
265	969127
265	1759537
265	6148916
265	630737
265	4787065
265	1648454
265	4330133
265	8707778
265	2678672
265	3405858
265	7529801
265	8261207
265	3281864
265	4317803
265	682547
265	6384629
265	5028565
265	5936990
265	6276942
265	6764357
265	236280
265	8304934
265	3376498
265	5041171
265	7561783
265	4727452
265	7584278
265	3285665
265	7765444
265	2774693
265	5198949
265	520082
265	7005835
265	7954467
265	1910137
265	5179447
265	6990638
651	3140
651	985769
651	6538491
651	4257706
651	3333994
651	4665699
651	1369926
651	2323847
651	3499412
651	5310283
651	7927500
651	8204868
651	2839145
651	8621488
651	5781133
651	1713802
651	7016847
651	7536676
651	1391895
651	1222405
651	904586
651	3469131
651	2336168
651	6322765
651	4191480
651	671713
651	7931345
651	1915809
651	6884053
651	7614691
651	2540431
651	4433521
651	8653162
651	7428432
651	2066727
651	6380947
651	2277691
651	6251488
651	8020797
651	2491577
651	6856859
651	6925338
651	1840595
651	2547108
651	767926
651	3776464
651	6564768
651	5501747
651	4684933
651	5345007
1173	2539659
1173	2688201
1173	5746489
1173	476774
1173	1678316
1173	1177125
1173	4145327
1173	1020566
1173	6558849
1173	4959594
1173	5421667
1173	3146838
1173	3900601
1173	7872478
1173	3761157
1173	1988785
1173	6354962
1173	3757350
1173	7781184
1173	2228203
1173	2743365
1173	6333680
1173	5510474
1173	4677983
1173	7500319
1173	3789121
1173	7730745
1173	6951433
1173	4229048
1173	3333334
1173	3216768
1173	5580095
1173	4801674
1173	2205299
1173	1531540
1173	2552726
1173	4657941
1173	919836
1173	7232959
1173	2224982
1173	8725392
1173	5515174
1173	4774080
1173	1399536
1173	2430413
1173	96926
1173	7798602
1173	4367411
1173	2939091
1173	2458496
1173	624124
1173	8447806
1173	8445926
1173	2620718
1038	5465752
1038	4300630
1038	3934186
1038	8503377
1038	6438328
1038	2256712
1038	4021515
1038	2746853
1038	6674813
1038	5807453
1038	4539737
1038	6778384
1038	3456338
1038	8523536
1038	1166356
1038	4675061
1038	3815865
1038	4413645
1038	232638
1038	1894335
1038	2107261
1038	163012
1038	908984
1038	5945073
1038	3833605
1038	1073980
735	7005045
735	6950901
735	1401873
735	1866352
735	6427211
735	4717710
735	7281404
44	4690758
44	1969868
44	1319544
44	5116866
44	363133
44	4347220
44	8745996
44	2554088
44	6144162
44	1020461
44	708314
44	1648491
1617	6794286
1617	6720699
1617	3774347
1617	8111676
1617	4370762
1617	649619
1617	1524687
1617	1311688
1617	8330670
1617	7384883
1617	1718361
1617	4985097
1617	7719813
1617	3349322
1617	3974746
1617	5152155
1617	6841534
1617	7031375
1617	4739836
1617	3877245
1617	7496613
1617	4870945
1617	4342339
1617	1990744
1617	7000673
1617	7520030
1617	1048923
1617	936037
1617	4006766
1617	4003713
1617	6558371
1617	1224374
1617	8639386
1617	5773822
1617	2416010
1617	1481331
1617	2009040
1617	5009384
1617	7477044
1617	8717849
1617	4483271
1617	2687987
1617	1949265
1617	5901404
1617	2155858
1617	1494150
1617	3745081
1617	3900131
1617	3200538
1617	5520003
1617	2166358
1617	3297536
951	7977176
951	8598097
951	3241026
951	1715841
951	7184098
951	8778970
951	2215267
951	347628
951	2137819
951	3215631
951	4067290
951	6505081
951	7559994
951	4730337
951	4344416
951	4847672
951	2686665
951	4480947
951	7748711
951	3822434
951	3753075
951	46021
951	6133378
951	1436614
951	8674132
951	7282847
951	2287850
951	6567866
951	758276
951	2705749
951	2857479
951	6237393
951	5628459
951	8580828
951	6226864
951	4085706
951	4826548
951	361396
951	6607340
951	6944099
951	1426547
951	8574297
951	4253297
951	8927436
951	2585107
951	4853367
951	6382044
951	4956617
951	3485942
84	4173935
84	4586095
84	1483822
84	5195543
84	3764716
84	1148236
84	5405350
84	975498
84	6351144
84	6041779
84	8236949
84	139038
84	2512960
84	3267179
84	5816348
84	7006506
84	18941
84	8726454
84	4247143
84	6141785
84	3308169
84	8647990
84	350598
84	4694290
84	384815
84	6090119
84	6986799
84	4226282
84	5558144
84	7373892
84	5088495
84	7175047
84	1206657
84	978104
84	4629737
84	2255468
84	6437307
84	5171574
84	5354956
84	6546331
84	5089291
84	4358511
84	8440412
710	1634054
710	6544506
710	3673678
710	4857137
710	1640991
710	3435197
710	2985700
710	1492509
710	7677557
710	8585765
710	3745879
710	8180524
710	3503810
710	2686751
710	4305005
710	3376060
710	4678850
710	6882839
710	654839
710	7852993
710	7589244
710	964928
710	3233057
710	6534475
710	4968808
710	2262319
710	691745
710	2956173
710	1529691
710	7219244
710	3051084
710	227594
710	4648581
710	3802540
710	1689971
710	2603049
710	6063298
710	505032
710	1599530
710	8354787
710	7512642
710	6707381
710	2633727
710	7956589
710	3786713
710	755396
710	3249106
710	2779910
710	236741
710	7912985
710	5382510
710	4456479
710	2195400
710	128500
710	747760
710	5276524
710	6291355
710	3691197
1201	4881289
1201	4280557
1201	4299142
1201	7329911
1201	2431893
1201	8843518
1201	6711472
1201	5282150
1201	1539950
1201	1225811
1201	3330310
1201	1416903
1201	4958870
1201	7217807
1201	5552291
1201	5576884
1201	649590
1201	5893382
1201	8334040
1201	6824395
1201	5006567
1201	8762869
1201	6591382
1201	2527720
1201	7820537
1201	8168543
1201	1517803
1201	5858648
1201	3965437
1201	6060542
1201	5095057
1201	453269
1201	5830707
1201	4060150
1201	6214804
1201	1636423
1201	7988661
1201	6936908
1201	4494696
1201	7563184
1201	8848815
1201	3860552
1201	6555225
1201	4907397
1201	7324415
1201	6260958
1201	3475184
1201	4398258
1201	4119309
1201	6738766
1201	1808152
1201	3280477
1201	1005244
1201	3341559
1201	1558478
1201	2993131
1201	6721219
1201	2350951
1201	6072
1201	1927219
1201	280221
1201	1686080
1201	1173163
1201	1162446
1201	7561419
1201	6973846
1201	2558425
1201	7149505
1201	5591980
1201	8437368
1201	7308486
1201	4963346
1201	5399730
1201	3354395
1201	4411834
1201	4140903
1201	744749
1688	7830505
1688	8093718
1688	4975954
1688	4407769
1688	250331
1688	5281059
1688	7176509
1688	5453233
1688	7724277
598	5010876
598	5159146
598	7040378
598	6792229
598	6683572
598	5924225
598	5347126
598	5087293
598	6676399
598	5211880
598	6555876
598	5344601
598	441882
598	4701093
598	1352983
598	7499548
598	5345890
598	3542023
598	872223
598	1864794
598	812095
598	7849186
598	2689383
598	3131167
598	355303
598	8901101
598	3896540
598	3901059
598	1392351
598	5946542
598	993203
598	4095555
598	3727527
598	1460976
598	1543968
598	3393923
598	2629730
598	1136020
1440	8613917
1440	7637084
1440	4687805
1440	1005461
1440	3934696
1440	5125013
1440	1102430
1440	4371047
1440	3918404
1440	6991396
1440	6942205
1440	4508902
1440	645414
1440	309837
1440	2096088
1440	2346364
1440	8191151
1440	6975974
1440	7382693
1440	7993706
1440	7304278
1440	1486210
1440	4828315
1440	3384840
1440	5122369
1440	3673942
1440	5874781
1440	2887528
1440	202315
1440	1827849
1440	2557988
1440	4174148
1440	4062924
1440	667600
1440	4725802
1440	6924086
1440	578407
1440	6845988
1440	2764391
1440	330664
1440	6375691
1440	3791503
1440	2480196
1440	2995034
1440	3990934
1440	2271617
1440	5597148
1440	1254048
1440	5559683
1440	5360613
1440	2054583
1440	6782180
1440	8624925
1440	2043525
1440	3110303
1440	5795532
1440	7702203
1440	8546896
1440	5778809
1440	3098589
1440	7938651
1440	6661309
1440	2485334
1440	8815884
1440	81828
1440	5106774
1440	3767371
1440	4709211
1440	5890541
1440	4750268
1440	1916187
1440	4683763
1440	5072639
1440	2627777
1440	4295515
1440	5787408
1440	7600700
1456	3981555
1456	3285158
1456	4125142
1456	3979531
1456	5247529
1456	8768154
1456	18124
1456	4815441
1456	5513018
1456	5256964
1456	6744047
1456	1117736
1456	525537
1456	5483468
1456	4192475
1456	7116917
1456	2614289
1456	400750
1456	2311199
1456	8083020
1456	6826655
1456	7354075
1456	1764255
1456	6562567
1456	8906076
1456	4211997
1456	4504657
1456	3913468
1456	6210843
1456	5257825
1456	2367113
1456	24647
1456	99533
1456	7836771
1456	6441425
1456	5399868
1456	7731491
1456	1402336
1456	3508654
1456	7452284
1456	4134888
1456	8727523
1456	7197269
1456	695813
1456	7248685
1456	4404297
1456	4920489
1456	8367671
1456	6216060
1456	2320416
1456	4179056
1456	2650385
1456	363978
1456	8445642
1456	7917922
1456	7319893
1456	7280703
1456	114661
1456	4421002
1456	1760991
1456	935466
1456	1420975
1456	4517912
1456	8519292
1456	1079343
1456	7638914
1456	3449262
1456	5922019
1456	7765427
1456	1350494
1456	164940
1456	8533927
1456	4558410
536	5850776
536	1120309
536	4481042
536	377924
536	3879484
536	218814
536	8073464
536	6768825
536	4304430
536	8560784
536	912396
536	4290304
536	1620002
536	1371304
536	268927
536	1330431
536	1071920
536	8384539
536	8759460
536	3677366
536	1047678
536	6740824
536	2830839
536	7645087
536	7026479
536	7228560
536	7300404
536	6384108
536	8349319
536	1775884
536	4149442
536	334525
536	2191025
536	4215363
536	7298928
536	3111488
536	3802850
536	1104510
536	3556503
536	4582138
536	1508167
536	4869520
536	982888
536	1228503
536	4884687
536	2440100
536	2039703
536	1706418
536	2853831
536	1786195
536	1797207
536	5429603
536	1238808
536	6922264
536	1718889
536	870203
536	468333
536	86657
536	3322832
536	7030368
536	1356340
536	7605755
536	1895254
536	6808666
536	1692805
536	8855556
536	1240209
536	8240700
536	4024280
536	6104167
536	3856126
536	686483
536	3120295
536	8094294
536	2561849
536	4782321
536	3514477
1764	7045522
1764	838610
1764	5559418
1764	737213
1764	25696
1764	2451374
1764	6561344
1764	2680524
1764	2262281
1764	4983509
1764	3970182
1764	2921957
1764	1315020
1764	7515299
1764	4571648
1764	5177197
1764	705201
1764	3741740
1764	6220410
1764	2469045
1764	1788579
1764	4876979
1764	6033738
1764	989857
1764	6836539
1764	2314067
1764	1982886
1764	6965256
1764	5851895
1764	4756820
1764	5461225
1764	7233730
1764	1530595
1764	1780776
1764	8389138
1319	2339436
1319	5547269
1319	4841794
1319	7714516
1319	8926217
763	5852566
763	7223805
763	7010842
763	3681357
763	5781078
763	8428292
763	4554234
763	7697351
763	3110492
763	3510507
763	7676100
763	8684002
763	8407435
763	4107800
763	1770588
763	8826306
763	5425992
763	5911679
763	8106832
763	8303967
763	3970188
763	7946551
763	959761
763	3535396
763	1891123
763	909147
763	8836058
763	5985765
763	4527554
763	640704
763	4314971
763	3233017
763	1904879
763	5248687
763	6983601
763	4757776
1032	5857397
1032	5657554
1032	558412
1032	4069386
1032	818820
1032	3089230
1032	8909162
1448	6063089
1448	8185929
1448	8467902
1448	4883173
1448	7637370
1448	7425045
1448	2083684
1448	7119015
1448	2082699
1448	4738928
1448	5344038
1448	3698795
1448	6717714
1448	8418742
1448	420721
1448	4447970
1448	2949346
1448	7626626
1448	8545666
1448	5693050
1448	8213182
1448	1668735
1448	947843
1448	2531525
1448	1772298
1448	6346992
1448	3309092
1448	7373058
1448	1392745
1448	1950872
1448	6075656
1448	6556421
1448	6144447
1448	3257520
1448	311144
1448	5510168
1448	6983550
1448	4395097
1448	1651735
1448	8603024
1448	979975
1448	2278898
1448	877774
1448	1484496
1448	7566087
1448	1434757
471	995422
471	4775797
471	3350731
471	2138523
471	586282
471	757540
471	2125465
471	4686801
471	4816668
471	3923773
471	2149991
471	2305178
471	2129385
471	8004788
471	1204109
471	4344352
471	310820
471	7826603
471	2697283
471	8451826
471	4616176
471	286187
471	7999670
471	7748049
471	1954614
471	182365
471	8072933
471	6430790
471	6276086
471	4374950
471	5505471
471	6994093
471	5722252
471	5105904
471	2918815
471	8759028
471	3655916
471	350317
471	5317176
471	2606889
471	5390159
471	1441893
471	3472279
471	7591823
471	8861020
471	3989855
471	3172564
471	4712972
471	2313589
471	4344661
471	3988147
471	6443821
471	1190504
471	2744974
471	3814614
471	2521323
471	5516195
471	2226803
471	7008792
471	5973129
471	6740781
471	2312452
471	5884848
471	1741140
471	6562820
471	6939927
471	3819801
471	1817444
471	2206010
471	4543213
471	7460840
471	2125082
471	5009615
471	1910827
471	1203571
471	4461331
471	2895008
471	4588711
471	1972901
1020	1056820
1020	4084732
1020	3821579
1650	643789
1650	3624757
1650	6571026
1650	1379168
1650	1415365
1650	2598423
1650	3806664
1650	6665673
1650	2761443
1650	2905379
1650	1241693
1650	3290979
1650	7161560
1650	2048030
1650	7039861
1650	4870894
1650	6459879
1650	4911671
1650	6514724
1650	5839273
1650	62656
1650	4287178
1650	5335863
1650	965409
1650	5552769
1650	6496151
1650	3234041
472	330775
472	4791213
472	8392598
472	3679490
472	4972233
472	5803232
472	5311468
472	2026787
472	4014919
472	3660154
472	1713730
472	5032170
472	2828450
472	8259951
472	7704971
472	414674
472	4014833
472	2076870
472	2048898
472	226585
472	2718396
472	8272657
472	9573
472	41101
472	1833019
472	3254578
472	2936904
472	5204917
472	7468707
472	2623173
472	5775803
472	4745877
472	2658160
472	404971
472	7814924
472	523792
266	6924410
266	7395689
266	2251216
266	58548
266	2737045
266	5174376
266	3338879
266	5841096
266	1842529
266	4305481
266	851695
266	7157398
266	4472663
266	6046357
266	1053414
266	300583
266	4291081
266	2303873
266	7882033
266	8342440
266	4566029
266	7207417
266	5557904
266	7587694
266	470959
266	2207704
266	8490324
266	8546975
266	7495818
266	7330440
266	5751803
266	6643017
266	2469058
266	5277761
266	6250044
266	1194596
266	5535681
266	1595343
266	5370668
266	7863240
266	5676104
266	3672049
266	6809201
266	7563409
266	5494889
266	7502473
266	5631832
266	7716265
266	5728720
266	7829405
266	6060866
266	5666672
266	2065980
266	5637730
266	8225622
266	1772408
266	4115281
266	8896761
266	6608472
266	5491436
266	1184104
266	6446735
266	3584878
266	7868704
266	3274651
266	2455509
266	2774771
266	2338605
266	5311797
266	5300212
762	1882713
762	3508966
762	3345283
762	6344781
762	7508202
762	308218
762	7986416
762	1080751
762	6072507
762	4594805
762	3781713
762	4424953
762	6790950
762	8800554
762	6774278
762	7881139
762	2613915
762	2358979
762	6609489
762	7199431
762	1947459
762	3314799
762	1568385
762	7534539
762	2113989
762	2260813
762	2110317
762	7453768
762	4836553
762	3266408
762	2504163
762	6666697
762	3172390
762	3343475
762	446357
762	4716164
762	6110564
762	1200924
762	1801692
762	8557163
762	1403164
762	2598216
762	6037049
762	5322843
762	2362450
762	6044008
762	4713015
762	3275248
762	102811
762	5872880
762	1314047
762	1529318
762	1060811
762	1366217
762	7478298
762	2858091
762	3297898
762	8633585
762	3459350
762	8679445
762	3547092
762	3987267
762	313680
762	7284037
1461	2644366
1461	1923510
1461	2951293
1461	4696999
1461	8130990
1461	6508092
1461	2080019
1461	6416436
1461	8244490
1461	6030069
1461	5167205
1461	6627271
1461	6133576
1461	5659257
1461	5897754
1461	5064427
1461	8929914
1461	3223515
1461	8639899
1461	4749491
1461	3511964
1461	7233660
1461	4425941
1461	4925107
1461	6484588
1461	3866524
1461	8317412
1461	2528701
1461	5512509
1461	3071029
1461	1630994
1461	7009771
1461	4228864
1461	2191024
1461	5721629
1461	100333
1461	337398
1461	5745444
1461	5698821
1461	6137693
1461	993730
1461	3519394
1461	4453537
1461	3413377
1461	2759648
1461	5142335
1461	1855993
1461	7247401
1461	6262395
1461	7827615
1461	2298743
1461	3333685
1461	683490
1461	6670339
1461	3073535
1461	1088705
1461	2127778
1461	417945
1461	4869611
1461	3926026
1461	3318511
1461	3536835
1461	6009685
1461	7241870
1461	7594587
1461	1918431
1461	718844
1461	7670556
1461	6554225
1461	5828982
1461	5008677
1461	7358458
1461	2338545
1461	2027429
1461	6085367
1461	8671058
1461	2308758
1461	6470229
1461	214326
1526	1112526
1526	5229091
1526	6122955
1526	5531404
1526	1291272
1526	6273025
1526	6523876
1526	7204060
1526	1888119
1526	7824525
1526	1607698
1526	1863554
1526	3432541
1526	5788478
1526	3761916
1526	5670705
1526	7015986
1526	5065991
1526	7253440
1526	5847747
1526	1573922
1526	2436792
1526	2949646
1526	6206173
1526	2655360
1526	3643265
1526	8679090
1526	8470789
1526	6066552
1526	4679117
1526	2977883
1526	8729211
1526	4119214
1526	3237038
1526	8656420
1526	1708805
1526	8501155
1526	7784441
1526	5240560
1526	8636664
1526	5479744
1526	8455839
1526	7848740
1526	8147502
1526	1028706
1526	7508149
1526	6083745
1526	3793790
1526	2645017
1526	2856126
1526	5296229
1526	7836183
1526	7195200
1526	7461148
1526	4420679
1526	8632273
1526	6035346
1526	7533106
1526	3968647
1526	2161702
1526	7638498
1526	8409504
1526	8191285
1526	4478418
1526	6660274
1526	605974
1526	6411323
1526	2776036
1526	3670337
1526	3393474
1526	7119496
1526	2556276
339	5914314
339	8201716
339	5708708
339	2532828
339	5175914
339	6953952
339	8609060
339	8862369
339	1408659
339	1758149
339	8037609
339	8085454
339	7078370
339	3098261
339	4622254
339	3772163
339	4137835
339	6130903
339	1271537
339	5271156
339	8461024
339	8431504
339	8699077
339	8718516
339	1737101
339	6530976
339	3979702
339	8769732
339	8487892
339	2242745
339	93567
339	3223914
339	5947394
339	6345823
339	4312416
339	2169589
61	6494292
61	1402330
61	133370
61	2051679
61	3325750
61	4765103
61	2322072
61	7845190
61	3039556
61	6198790
61	6880995
61	4601595
61	5707266
61	7606120
61	1640395
61	4185293
61	539038
61	1459935
61	6869339
61	3690376
61	3034415
61	4485131
61	314906
61	3881759
61	8208751
61	5707264
61	2461830
61	6393028
61	4670713
61	2991803
61	3509542
61	6852674
61	6758617
61	1288377
61	8479137
61	3236392
61	4524223
61	2232887
61	8534620
61	5256571
61	2745728
61	8775765
61	627976
61	2590651
61	2314561
61	6875115
61	7338371
61	672150
61	4906436
61	7545331
61	8515560
61	8702003
61	1638420
61	2364580
61	3474593
61	4451378
61	3213649
61	5718088
61	1158525
61	5148857
61	892356
61	609829
61	4149468
61	5817954
61	426470
61	2389823
61	6644051
61	7861963
61	5030251
61	1178430
61	5422404
61	4199446
61	294731
1156	3344697
1156	6601642
1156	5816398
1156	3924665
1156	3142713
1156	4325990
1156	8387308
1156	4483015
1156	383841
1156	6248371
1156	4865865
1156	4136067
1156	7064435
1156	5056927
1156	3029678
1156	5822454
1156	5796125
1156	6357308
1156	1828128
1156	8605415
1156	1815082
1156	1578536
1156	4311454
1156	6910410
1156	1877697
1156	3098729
1156	7694280
1156	2665061
1156	3965632
1156	5664290
1156	3973368
1156	6894581
1156	7832345
1156	1392230
1156	7775501
1156	6446000
1156	7026621
1156	926453
1156	3213858
1156	4537699
1156	2287965
1156	2043237
1156	6062709
1156	1935664
1156	2775210
1156	3146429
1156	6816069
1156	8288785
1156	4199724
1395	2856214
1395	3586613
1395	4701250
1395	5929653
1395	5758692
1395	2118893
1395	4263149
1395	7536620
1395	3661984
1395	5255663
1395	8862767
1395	6090906
1395	4911256
1395	5199943
1395	5489913
1395	934830
1395	8607791
1395	5428262
1395	4211272
1395	5256156
1395	8527593
1395	3710751
1395	8215709
1395	8737865
1395	8143120
1395	8917077
1395	8566608
1395	7888214
1395	1351477
1395	1862047
1395	4198164
1395	7752147
1395	2353941
1395	2980686
1395	3185235
1395	2910829
1395	5669483
1395	7673027
1395	8518184
1395	2495691
1395	8176333
1395	4637354
1395	3469826
1395	7808054
1395	2091119
1395	3751553
1395	6486341
1395	8774051
1395	6648825
1395	4761789
1395	4963310
1395	1062301
1395	4456423
1395	1637054
1395	7913194
1395	2611560
1395	8332674
1395	4775303
1395	7723726
1395	796254
1395	7537404
1395	5460011
1472	1661718
1472	2748413
1472	3320685
1472	5439208
1472	8417799
1472	3815152
1472	4480398
1472	8562791
1472	6847398
1472	5902224
1472	2614951
1472	4563565
1472	1980774
1472	1113564
1472	5932029
1472	7604249
1472	4159379
1472	7431258
1472	6560763
1472	6518731
1472	1208035
1472	2015632
1472	1203198
1472	5947068
1472	7238469
1472	1371135
1472	7678919
1472	5760852
1472	2897973
1472	6058261
1472	1513621
1472	2663751
1472	4509257
1472	4994626
1472	7847530
1472	898355
1472	59743
1472	6576796
1472	2275950
1472	6555775
1472	2763560
1472	3808739
1472	6167716
1472	532777
1472	2919346
1472	7142798
1472	3144797
1472	3729521
1472	2378573
1472	4082998
1472	4821066
1472	1832020
1472	8523153
1472	8470947
1472	7596511
1472	2327914
1472	2012133
1472	3366602
1472	5637965
1472	2107869
1472	7681164
1472	3944508
1472	2746883
1472	5416592
1472	7963057
1560	2308807
1560	2773598
1560	8816331
1560	151351
1560	1289348
1560	3851336
1560	2943724
1560	7980495
1560	5447748
1560	3744025
1560	8789971
1560	4057891
1560	1743020
1560	8256937
1560	1345973
1560	1148901
1560	8782107
1560	6076711
1560	6937119
1560	6100554
1560	3010292
1560	3710029
1560	4972360
1560	3110049
1560	3009094
1560	6410167
1560	2317786
1560	6832493
1560	5071459
1560	1992217
1560	8794059
1560	309317
1560	3110873
1560	4005645
1560	4608557
1582	2943136
1582	4628233
1582	2467611
1582	8019057
1582	1955559
1582	3264654
1582	1255668
1582	2507358
1582	2700697
1582	2600212
1582	4719558
1582	1259996
1582	4980969
1582	2307631
1582	2509896
1582	6250702
1582	3445934
1582	2595969
1582	3162163
1582	8601536
1582	2877601
1582	2331340
1582	8670003
1582	8895384
1582	8228716
1582	7949501
1582	924709
1582	3055645
1582	2314186
1582	7689635
1582	2058144
1582	5761810
1582	6218105
1582	1457457
1582	1587031
1582	7774752
1582	8214525
1582	7586218
1582	6140949
1582	198338
1582	5586144
1582	7467497
1582	210571
1582	5375392
1582	7862595
1582	8452069
1582	6884449
1582	2615061
1582	1165673
1582	5737184
1582	1993281
1582	6000667
1582	2973955
1582	5442951
1582	7476624
1582	8419713
1582	8666764
1582	7561515
1582	1387016
1582	863120
1582	1226645
1582	6879328
1582	5224379
1582	1784487
1582	3359329
1582	3150815
1582	2446691
1582	4573619
1582	5744332
1582	2320916
1582	8089569
447	1499381
447	3721610
447	904643
447	1238515
447	7810877
447	7848875
447	7801998
447	1739516
447	467250
447	7217073
447	6949542
447	1859708
447	8743897
447	7119063
447	4854012
447	5768734
447	5518407
447	4422980
447	3950984
447	8905988
447	2782332
447	4209749
447	5854542
447	4904381
447	8864091
447	8360308
447	8015848
447	3169936
447	4356605
447	4622533
447	5087783
447	2944297
447	4636657
447	1292058
447	262107
447	5922963
447	6922088
447	4404848
447	1618046
447	2862092
447	8329785
447	8111456
447	7833558
447	642619
447	1346786
447	8294444
447	1029352
447	7398781
447	3936986
447	3900960
447	5592961
447	4902130
447	2889101
447	2814376
447	7403453
447	1731249
447	8717709
447	2871855
447	3259431
447	3319534
447	5594763
447	187562
447	7825806
447	4269566
447	3248437
447	5583453
447	6232819
447	2367257
447	6068307
447	7728304
447	6890593
447	6389573
447	4732470
447	3440058
447	6958697
447	1792413
447	6231052
1738	326861
1738	1334238
1738	291210
1738	4029810
1738	6622448
1738	5656115
1738	243908
1738	1861732
1738	4407786
1738	6939440
1738	4188572
1738	552425
1738	652873
1738	1235524
1738	2716677
1738	6718592
1738	282193
1738	4743436
1738	2815852
1738	1318491
1738	8743287
1738	6424951
1738	2892251
1738	8925941
1738	502600
1738	687934
1738	1106819
1738	2816214
1738	7278200
1738	4934451
1738	3986097
1738	2211549
1738	6119638
1738	7392321
1738	1351140
1738	481654
1738	6311965
1738	1089557
1738	3894130
1738	6621304
1738	1337627
1738	7843323
1738	4626175
1738	5839943
1738	2326606
1738	5823673
1738	1786458
1738	6621914
1738	606923
1738	299846
1738	8873787
1738	8066731
1738	5354276
1738	2405388
396	7106587
396	2154614
396	2283287
396	75360
396	5972613
396	3351707
396	4828208
396	2380564
396	2790189
396	7399540
396	4893456
396	7024805
396	7008782
396	5459394
396	806124
396	4460866
396	7841895
396	8336129
396	7288337
396	4461052
396	1230723
396	7706159
396	2367395
396	7658808
396	6581726
396	1445633
396	5706764
396	4054351
396	7285743
396	5959538
396	5647837
396	2162057
396	938426
396	5111213
396	760965
396	1492040
396	8297413
396	1802244
396	1529013
396	8774708
396	4058451
396	8256917
396	6018617
396	7182111
396	1023164
396	2778154
396	2724502
396	4867296
396	7865688
396	2327929
396	372618
396	3256407
396	6850129
396	1147453
396	4653207
396	3693751
396	1545350
396	7032076
396	7410854
396	4882992
396	6463322
1376	2202077
1376	3311103
1376	3342340
1376	5172875
1376	4930410
1376	6187450
1376	1195200
1376	374821
1376	8595859
1376	1554005
1376	5686652
1376	4692363
1376	3468715
1376	2942876
1376	2624514
1376	7047826
1376	6798490
1376	7733146
1376	8065536
1376	7713883
1376	4437608
1376	1410439
1376	7381823
1376	6782628
1376	7745759
1376	3251051
1376	6557930
1376	6346065
1376	949631
1376	575838
1376	4479372
1376	7493483
1664	1865765
1664	3415882
1664	7166829
1664	5911775
1664	3776366
1664	2582561
1664	4969545
1664	8032311
1664	207322
1664	6592481
1664	8467585
1664	6526530
1664	5840218
1664	7105288
1664	6084988
1664	2497786
1664	735164
1664	4229583
1664	2630629
1664	3435631
1664	2872347
1664	336234
1664	5449845
1664	8142330
1664	3212854
1664	2431042
1664	2245921
1664	8320497
1664	4822858
1664	1938206
1664	435026
1664	4448923
1664	7949045
1664	4488525
1664	1914841
1664	4971410
1664	2611888
1664	5096677
1664	4318028
1664	3521297
1664	1327823
1664	8222547
1664	4225101
1664	2761912
1664	7954547
1664	7425953
1664	4241462
1664	3121351
1664	6098244
1664	1725217
1664	1888963
1664	8853149
1664	1411847
1664	7813713
1664	5427344
1664	7659503
1664	5450999
1664	8091220
1664	3471753
1664	3450005
1664	5021946
1664	5744043
1477	2029726
1477	2850941
1477	1872758
1477	8083669
1477	6443344
1477	2725315
1477	5158829
1477	3520209
1477	2712705
1477	5855070
1477	8567180
1477	7230467
1477	3507128
1477	8338224
1477	4531488
1477	4075713
1477	6717459
1477	3526961
1477	3051692
1477	1840638
1477	7416630
1477	7879734
1477	6645909
1477	5181775
1477	6380104
1477	6360241
1477	2620651
1477	4409117
1477	5171509
1477	1982342
1477	6634506
1477	7475389
1477	2817971
1477	5474889
1477	724234
1477	2118987
1477	4466515
1477	1324180
1477	572097
1477	6017527
1477	8428815
1477	4914241
1477	2733063
1477	8863317
1072	2386320
1072	7493049
1072	6203968
1072	7619251
1072	5634107
1072	6888090
1072	7820512
1072	8536103
1072	6208294
1072	8846815
247	5594049
247	3503510
247	7164218
247	3874104
247	7066965
247	5635875
247	1938899
247	4604164
247	7688057
247	4686811
247	2727480
247	5092587
247	5866372
247	1782781
247	2828839
247	2455906
247	3092620
247	7269624
247	6787127
247	8931218
247	4552521
247	6203769
247	8738182
247	4018794
247	508762
247	2835269
247	8778216
247	7584120
247	2272994
247	1448555
247	1788007
247	7042168
247	7009648
247	3567093
247	7646875
247	7415112
247	5453341
247	894478
247	5379261
247	3150685
247	8047144
247	8124108
1154	3769077
1154	3753214
1154	3521183
1154	4409160
1154	8525461
1154	1960672
1154	359891
1154	6480351
1154	7754941
1154	4688713
1154	4852444
1154	736987
1154	2647357
1154	3157902
1154	3303671
1154	8288629
1154	5572892
1154	4401075
1154	5974544
1154	4487379
1154	3704889
1154	4116224
1154	6933120
1154	2868906
1154	595265
1154	1592444
1154	7417802
1154	2782459
1154	802613
1154	5693884
1154	1925772
1154	916917
1154	8844446
1154	1318409
1154	7972267
1154	474297
1154	1150294
1154	2235794
1154	2604210
1154	8634739
1154	2646508
1154	2575505
1154	4547919
1154	1955884
1154	6234669
1154	1455817
1154	7925809
1154	3070129
1154	8399215
1154	2011965
1154	6684205
1154	8451502
1154	3674478
1154	1754779
1154	5382738
1154	7424984
1154	8605937
32	3044949
32	327611
32	1235228
32	8041626
32	5653731
32	5106353
32	6250294
35	1204949
35	3155126
35	2084485
35	5441017
35	3314650
35	6011285
35	1750411
35	8143197
35	5367321
35	1700364
35	1949625
35	522104
35	8563564
35	51643
35	7928156
35	7860643
35	2283244
35	8556919
35	8693224
35	7167522
35	4103290
35	5178568
35	2114423
35	3146636
35	1932305
35	2081739
35	7683742
35	1276292
35	6298883
35	7432272
35	1558841
35	1949381
35	6568109
35	3846840
35	7352763
35	8742484
35	1170183
35	3865165
35	3147469
35	4707355
35	8860786
35	7464240
35	6991723
35	6546177
35	675805
35	1294721
35	4847293
35	2772771
35	546988
35	2181492
35	6731636
35	6973488
35	3126300
35	5363258
35	3997373
35	4109594
35	5880400
35	3380517
35	2495872
35	3549541
35	8195231
35	4261942
35	6991586
35	4283291
35	7913202
35	6299377
35	6836848
35	7450865
35	4209580
35	3490954
864	5723762
864	5500139
864	3242695
864	6804319
864	1475936
864	1660724
864	8727514
864	1673276
864	3828314
864	4132235
864	1916906
864	4984170
864	6703472
864	587190
864	7127593
864	7408567
864	3092265
864	1314235
864	6295860
864	1554920
864	6805996
864	8077995
864	6634310
864	6693950
864	3456890
864	1417556
864	1544146
864	3519734
864	7492740
864	2660295
864	1800623
864	7586297
864	2509817
864	6391875
864	3749283
864	6432708
864	7052738
864	7379325
864	629460
864	7376094
864	1294264
864	1531997
864	2468684
864	8874310
864	6016219
864	4931166
864	3399540
864	7127550
864	4374359
864	7371815
864	7705148
864	8112786
864	6648967
864	2040386
730	2153595
730	7021135
730	6390946
730	7190147
730	1331742
730	2167567
730	5886807
730	4963391
730	1077075
730	3959867
730	4275378
730	2557573
730	2426150
730	226658
720	6917927
720	899695
720	4168903
720	347925
720	7821587
720	6699275
720	3155548
720	2033493
720	7730964
720	8763181
720	6684768
720	1567209
720	1419793
720	802278
720	2410320
720	2303779
720	1027796
720	337507
720	3590161
720	593960
720	6405385
720	5904191
720	3715751
720	7199453
720	2069905
720	6949908
720	3931340
1778	8822280
1778	1113391
1778	7599251
1778	6841563
1778	6383356
1778	794731
1778	96701
1778	3714048
1778	421665
1778	8734150
1778	8118406
1778	7481039
1778	6739434
1778	6202199
1778	8697032
1778	2545751
1778	518541
1778	6604338
1778	3986558
1778	8386865
1778	967292
1778	2909828
1778	6018385
1778	6913740
1778	43589
1778	1031117
1778	6851728
1778	6564070
1778	3492029
1778	2770840
1778	4530313
1778	3742755
1778	7380271
1778	3512779
1778	7103923
1778	5359720
1778	4085371
1778	1629061
1778	975971
1778	3249761
1778	2870588
1778	514120
1778	6672496
1778	3054717
1778	1322629
1778	3351739
1778	5254243
1778	7701724
1778	5110948
1778	4539944
1778	2925795
1778	8432729
1778	4578937
1778	2066475
1778	5406125
1778	1964576
1778	8095473
1778	5412960
1778	3344652
1778	2429190
1778	5421859
1778	7811275
1778	6328561
1778	6106778
1778	3400542
1778	1254058
1778	7494227
1778	8509068
1778	6037514
1778	7819104
1778	3222852
1778	2406345
1778	5175613
668	3970148
668	1205289
668	1992240
668	3089313
668	2180959
668	1697779
668	1464706
668	1242624
668	7281214
668	682889
668	2276730
668	3734752
668	8413390
668	8350805
668	3303061
668	6150313
668	8795132
668	3732738
668	1125257
668	2387145
668	4744279
668	6775128
668	4780109
668	5043243
668	713179
668	1203515
668	1660231
668	2670461
668	247730
668	3824455
668	7276931
668	1337436
668	1861786
668	1421375
668	5969586
668	8246579
668	8500405
668	8258073
668	140923
668	2652388
668	7496328
668	6797025
668	5195385
668	1226637
668	4733664
668	8643961
668	7739135
668	8394481
668	8688793
668	7977824
668	2455569
668	6000892
629	1088105
629	5343764
629	711677
629	500842
629	103348
629	8054690
629	6306076
629	8787535
629	7495883
629	2650598
629	7780395
629	8136812
629	4116605
629	1834072
629	1869304
629	345902
629	6172392
908	7646917
908	2596006
908	8675941
908	6019592
908	6245994
908	4289691
1772	916259
1772	7951441
1772	5982760
1772	4916658
1772	6633295
1772	4799437
1772	2874981
1772	750487
1772	7499181
1772	5391835
1772	4630461
1772	641254
1772	1570406
1772	8752644
1772	3396740
1772	1628995
1772	4806533
1772	1608738
1772	3049145
1772	2375799
1772	2911415
1772	8813229
1772	3521943
1772	6030303
1772	2175845
1772	4438159
1772	1224164
1772	3799015
1772	2116216
1772	5278726
1772	6673048
1772	4525074
1772	7506472
1772	7543617
1772	3720698
1772	4474236
1772	8114724
1772	3543894
1772	6308787
1772	7414437
1772	1172489
1772	8680060
1772	4537493
1772	1219541
1772	4736286
1772	3119233
1431	1112078
1431	2154876
1431	8394996
1431	1496300
1431	3245831
1431	6032178
1431	2332694
1431	6488889
1431	3837362
1431	185012
1431	3561688
1503	7487899
1503	7815280
1503	6954838
1503	7265292
1503	2257854
1503	2450744
1503	8492472
1503	3278467
1503	2144273
1503	3899293
1503	6715389
1503	2108685
1503	5268753
1503	6601980
1503	4506807
1503	5725176
1503	6334275
1503	1678859
1503	1531182
1503	8741452
1503	2083302
1503	4666570
1503	6715654
1503	7355138
1503	2575976
1503	8068783
1503	7636351
1503	2496128
1503	3507911
1503	2219775
1503	5799439
1503	7379610
1503	6639050
1503	3553879
1503	7172932
1503	705593
1503	5213787
1503	6881076
1503	3624322
1503	8068956
1503	7794925
1503	7030334
1503	6609981
1503	2351801
1503	308492
1503	3000831
1503	5917272
1170	1331857
1170	5758804
1170	992235
1170	156323
1170	3951472
1170	7569468
1170	8885282
1170	6487140
1170	1973613
1170	8381437
1170	1644844
1170	1245466
1170	2359248
1170	1581391
1170	3533260
1170	842923
1170	6163398
1170	8347459
1170	8492798
1170	2882732
1170	3290476
1170	2069192
1170	2925505
1170	1214366
1170	2921225
1170	1308700
1170	763178
1170	4258575
1170	5507483
1170	175859
1170	7814384
1170	642176
1170	4367743
1170	5933540
1170	1338686
1170	6054089
1170	7108444
1170	5565764
1170	7104635
1170	1210634
1170	1796164
1170	5715442
1170	853288
1170	6190907
1170	577010
1170	1282189
1170	3904380
1170	4991333
1170	2432716
1170	7381536
1170	7566559
1170	3362798
1170	1496388
1170	8658538
1170	2889708
1170	7081694
1170	4707330
1170	5921752
1170	4908236
1170	6878732
1170	1985767
1170	2292845
1170	3611588
1170	2141920
1170	3371777
1170	2467354
1170	4745177
1170	7682020
1170	492539
1170	3751118
1170	1525663
1170	1307582
1170	827552
1606	1653046
1606	7102982
1606	2167201
1606	457560
1606	7955815
1606	884039
1606	6627782
1606	2065118
1606	7943862
1606	7028087
1606	7106235
1606	5559545
1606	4409796
1606	1128143
1606	2732467
1606	1561784
1606	8767376
1606	901374
1606	8497065
1606	5803099
1606	1640214
1606	5380454
1606	7657279
1606	6777023
1100	4522957
1100	7094433
1100	4036431
1100	6144508
1100	2711028
1100	5431882
1100	1617182
1100	4195998
1100	1542528
1100	1403897
1100	5053074
1100	1303077
1100	5706526
1100	158481
1100	4342268
1100	1722259
1100	3038495
1100	6305775
1100	832419
1100	6484725
1100	8554069
1100	7693339
1100	7221825
1100	2007123
1100	6861804
1100	2238209
1100	5272294
1100	6316481
1100	3539202
1100	2026201
1100	3502247
1100	721535
1100	6307787
1100	4653826
1100	957573
1100	3773440
1100	8397263
1100	6996298
1100	2341836
1100	8868896
903	4791088
903	6395081
903	6335771
903	6990249
903	7225584
903	4704392
903	823532
903	1213038
903	2563807
903	8211904
903	8614520
903	7871238
903	5501458
903	3181417
903	3052423
903	8453383
903	295155
903	140551
903	41037
903	442106
903	2530521
903	2176553
903	921136
903	561146
903	7833271
903	5605983
903	8247351
903	1776876
903	2919216
821	8670195
821	7428746
821	4581964
821	2995620
821	3939505
821	3989765
821	2329331
821	8893600
821	5181322
821	3322138
821	217248
821	7943027
821	8156318
821	667529
821	5645128
821	3806247
821	2482274
821	4414215
821	1535899
821	4389045
821	1418566
821	6956660
821	6563627
821	1894572
821	7016758
821	5418431
821	2854567
821	3615810
821	5912968
821	6919446
821	3800722
821	7392226
821	4482430
821	2718697
821	3161220
821	5696705
821	2146962
821	8539898
821	3874039
821	341436
821	3203370
821	3171875
821	8273465
821	7370813
821	1573518
821	8856466
821	8504235
821	4727653
821	7587100
821	5095144
821	2537608
821	1340871
821	7569859
821	5510351
821	1868636
821	3999322
821	1872979
821	3335693
821	7992019
821	1650329
821	1050627
821	6662140
821	2585506
821	7090180
821	922243
821	8618910
821	5262695
821	5209473
821	6986280
48	4280214
48	1010271
48	5988868
48	5998879
48	6349222
48	7394562
48	1774443
48	2315335
48	8148172
48	292972
48	2782213
48	5062075
48	3331426
48	5894181
48	6934982
48	7570640
48	8864955
48	1524588
48	490328
48	198908
48	1317449
48	156206
48	6412804
48	2137010
48	3920832
48	5355566
48	1001122
48	4668567
48	3138905
48	7327403
48	478807
48	2875900
48	2199415
48	7622699
48	3704028
48	1011067
48	5095381
48	5945394
48	4726379
48	7216305
48	5297435
48	8075886
48	1694103
48	6843865
48	1737562
48	4606183
48	3681307
48	4749827
48	920104
48	2250428
48	8905477
48	4661763
48	164551
48	1005886
48	8805387
48	4031385
48	3032727
1252	4988053
1252	6681029
1252	352483
1252	6077495
1252	6983254
1252	2352556
1252	6316888
1252	3616875
1252	1114876
1252	5221062
1252	5054434
1252	5097174
1252	2532980
1252	2201585
1252	5827464
1252	399086
1252	2658202
1252	7448
1252	957741
1252	7583197
1252	5560652
1252	7975153
1252	2895113
1252	6519249
1567	6506921
1567	1892270
1567	2467334
1567	1453587
1567	5856695
1567	7146184
1567	7280946
1567	4587338
1567	1125090
1567	1208382
1567	2586665
1567	4987678
1567	3950160
1567	1563376
1567	3250818
1567	6927590
1567	5713333
1567	4515681
1567	8399131
1567	490848
1567	4134281
1567	2882320
1567	8910916
1567	4890193
1567	367161
1567	6528375
1567	2810334
1567	2561678
1567	3197918
1567	3387571
1567	8777808
1567	5067315
1567	7554237
1567	8799088
1567	5492548
1567	8275095
1567	5354660
1567	600292
1567	3048168
1567	8534734
1567	2835613
1567	6402523
1567	7067891
1567	4715052
1567	7463643
1567	4223189
1567	3057640
1567	8367199
1567	1341090
1567	8687440
1567	8182638
1567	4698963
1567	5139813
1567	8250625
1567	6936367
1567	4516761
1567	1027335
1567	435929
1567	5099168
1567	7187122
1567	8264257
1567	5744424
1567	229109
1567	6611375
1567	3431957
1567	6151961
1567	2026485
1567	8694664
717	6654832
717	3570767
717	6779750
717	6958019
717	3871452
717	5144549
717	5336865
717	7193235
717	6432399
717	2846369
717	8171126
717	6566628
717	4632368
717	4329495
717	3727914
717	1866312
717	3194599
717	1367497
717	744851
717	3385772
717	8373963
717	994268
717	3709856
717	4403843
717	2095877
717	8716532
717	6836622
717	572412
717	4643177
717	5763916
717	2853641
717	1095135
717	7835918
717	3343172
717	6116188
717	1712096
717	8444022
717	1512427
717	4285500
717	285766
717	1395984
717	4509884
717	3670231
717	5641940
717	8036480
717	7303070
717	5309295
717	2793751
717	1345005
717	5526332
717	1772568
717	7749542
717	4214316
717	4924467
717	4000384
717	6020587
717	2575759
717	1169794
717	1948351
717	2389756
717	6936636
717	184172
717	3771111
717	2560476
717	7664914
717	5492097
717	5296752
717	3885607
717	856863
717	2056958
717	903266
717	2321804
717	3060040
717	4009419
717	4720355
717	4008418
717	7900803
717	3309281
656	6274469
656	6409679
656	6476108
656	4269338
656	1508955
656	2096094
656	1322551
656	5969264
656	2792113
656	4059852
656	6882219
656	184854
656	2988468
656	279285
656	2102485
656	3166858
656	2418724
656	6695612
656	1849539
656	6238503
656	6485737
656	3727688
656	3102247
656	1069942
656	2853562
656	3606891
656	2966789
656	241797
656	618437
656	1590986
656	1373971
656	3311953
656	1306686
656	6827205
656	1902662
656	8545787
656	604641
656	2994199
656	5979518
656	5740450
656	1218264
656	7783216
656	3953652
656	6322742
656	7183877
656	3399106
656	4172237
656	4297210
656	6863101
656	1935171
656	3117836
656	4349930
656	208713
656	4019797
656	954024
656	2042065
656	6766208
656	8523302
656	8543586
656	7852886
656	4242647
656	6259274
656	3515721
656	5921323
656	7433552
656	4749826
656	4928288
656	3559457
656	2147478
656	3641934
53	2368970
53	5715323
53	3681334
53	1488674
53	6750947
53	5281290
53	8891378
53	8201207
53	6438428
53	519441
53	51395
53	2866962
53	4578246
53	4604399
53	6426728
53	557974
53	6909371
53	8048181
53	494868
53	8064034
53	4926793
53	5436908
53	5065452
53	909395
53	8681066
53	4526226
53	6827837
53	7064155
53	5915959
53	3383754
53	3459436
53	1586273
53	979734
53	3185273
53	7852470
53	4396299
53	6534909
53	3963541
53	801406
53	8840502
53	2170272
53	4252785
53	2196354
1418	6292611
1418	1898258
1418	856669
1418	8507510
1418	515672
1418	2575770
1418	4993186
1418	7079787
1418	8104163
1418	8224680
1418	4657297
1418	4787021
1418	5630012
1418	865178
1418	7913764
1418	2309554
1418	4732152
1418	6238689
1418	3271254
1418	1130599
1418	4231257
1418	7159681
1418	8735910
1418	1490739
1418	7299565
1418	2605179
1418	8831134
1418	5323131
1418	8445205
1418	1214806
1418	757438
1418	4681910
1418	8232210
1418	4991116
1418	4918670
1418	4835162
1418	8284486
1418	4849909
1418	1376908
1418	7135279
1418	5464573
1418	473250
1418	7625882
1418	5109217
1418	1561467
1418	1455402
1418	5182921
1418	8059879
1418	2163870
1418	1788913
1418	3219690
1418	1069741
1418	2421138
1418	3083493
1418	3008814
1418	7167022
1418	62958
1418	4315952
932	8024188
932	4931887
932	5565428
932	4156766
932	8099937
932	8762854
932	7971159
932	1123583
932	8305291
932	5417441
932	3209509
932	5125481
932	6809119
932	4657633
932	3646634
932	4993763
932	1830507
932	5612982
932	1934747
932	4558194
932	323484
932	988798
932	890524
932	3662945
932	887856
932	5128275
932	8336197
932	6553784
932	6985463
932	3482176
932	5617468
932	700401
932	6615499
932	3490830
932	4084622
932	6246565
932	944986
374	5985378
374	4224851
374	8684607
374	5768163
374	1352993
374	7324249
374	2590569
374	8412046
374	7245808
374	1999661
374	2131663
374	682134
374	5205415
374	2250724
374	6265803
374	5682955
374	5519418
374	1100067
374	3998551
374	8420752
374	8497978
374	5321222
374	5490551
374	825003
1722	3833910
1722	1006657
1722	2254076
1722	4776353
1722	2710812
1722	3413688
1722	3870625
1722	1996132
1722	3931762
1722	6681832
1722	4586273
1722	6325948
1722	6458213
1722	4794600
1722	3712592
1722	7866579
1722	1971496
1722	5112098
1722	4496761
1722	7893107
1722	6993758
1722	1932643
1722	497304
1722	8228676
1722	2831952
1722	7377828
1722	877812
1722	2222441
1722	5460986
1722	3679954
1722	7006292
1722	5166039
1722	5845151
1722	8165615
1722	1751030
430	5838442
430	3727460
430	7100545
430	1401483
430	2509910
430	2200018
430	321999
430	2150266
430	1986382
430	134339
430	3615504
430	8851002
430	649077
430	2144622
430	3458114
430	5428163
430	4477930
430	271448
430	6926850
430	8413977
595	7235097
595	3847609
595	1587309
595	6129011
595	6407395
595	187056
595	2986332
595	3995891
595	3607536
595	8151056
595	1032125
595	4492513
595	1206966
595	4698903
595	2847401
595	7699706
595	4926224
595	2879691
595	1542489
595	6437725
595	5535430
595	3252561
595	7370387
595	3957381
595	7651913
595	4065417
595	4423069
595	7245327
595	6693844
595	5645041
595	7753353
595	7377411
595	2050497
595	5516450
595	5013537
595	6023018
595	1084728
276	1182718
276	2167966
276	7755703
276	7218009
276	7560498
276	8653302
276	7080274
276	3262175
276	931784
276	7203602
276	2528294
276	8259818
276	2929981
276	8224027
276	93640
276	7145600
276	6369418
276	4727216
276	7636130
276	1180156
276	3588788
276	3154037
276	1974857
276	413754
276	6578992
276	7529293
276	5520530
276	185232
276	1793035
276	3327904
276	1866928
276	5759903
276	6311322
276	419653
276	6836837
276	4174289
276	8676617
276	4563221
276	5406475
276	2518524
276	5230777
276	6846251
276	7510278
276	1663556
276	5543901
276	4333307
276	305203
276	4642718
276	5910594
276	1752365
276	5694387
276	4836817
276	8605097
276	8659715
276	2396638
276	4390718
276	5999473
276	1114138
276	5551309
276	1210807
276	454757
276	3253511
276	2821119
276	2903454
276	3397961
276	7103954
124	2544999
124	774472
124	3120362
124	295831
124	6412713
124	8486240
124	6392223
124	3301260
124	7175742
124	5497076
124	2169000
124	5848288
124	4725773
124	6853999
124	8841531
124	6052
124	5194673
124	3953274
124	1554059
124	6073722
124	738278
124	6902141
124	6601447
124	703243
124	6656522
124	3229513
124	3245660
124	942164
124	3168374
124	636203
124	2053601
124	8928271
124	1550796
124	8088928
124	1902594
124	975041
124	5708950
124	1220339
124	7086737
124	7585763
124	1346681
124	432505
124	8453193
124	8371426
124	746692
124	4098969
124	3428667
124	6008822
124	748593
124	5031609
124	1328323
124	1136537
124	4142054
124	1261550
124	5217581
124	7476303
124	6463661
124	3083863
124	8559297
124	3276992
124	7063620
124	8801593
124	267758
124	4791477
124	969774
124	2584217
124	7961061
124	2295027
124	6536163
124	7113965
124	974487
63	4691247
63	4338156
63	476555
63	4270717
63	8050426
63	1335125
63	7183755
63	3470033
63	1860818
63	38704
63	6050189
63	4142898
63	5470180
63	350425
63	3906771
63	5795391
63	8274238
63	4743798
63	3871647
63	5487759
63	3246992
63	865827
63	3544453
63	6596431
1552	3014352
1552	7331488
1552	8221762
1552	2406594
1552	937633
1552	4200173
1552	6646816
1552	5186773
1552	1413844
1552	5083309
1552	8095125
1552	7526464
1552	5335474
1552	2671521
1552	1714956
1552	4428693
1552	2501411
1552	933045
1552	8005008
1552	3403902
1552	6867103
1552	8593347
1552	2957911
1552	4911546
1552	7087534
1552	1275075
1552	6108076
1552	5606323
1552	1273077
1552	7584755
1552	7628699
1552	3275979
1552	7862168
1552	5198889
1552	7715972
1552	2756626
1552	7319294
1552	2951047
1552	6110420
1552	5727694
1552	8864985
1552	118216
1552	7787655
1552	2215927
1552	4358850
1552	7240213
1552	275297
1552	7280606
1552	5608181
1552	7750793
1552	4105886
1552	361661
1552	3383858
1552	6746692
1552	274655
1552	7520506
1552	5323890
1552	3934615
1552	5502790
1552	6377258
1552	4718238
1552	6498703
1552	5585179
1552	7342296
1552	1846427
1552	8689088
1552	7986794
1552	8157131
1552	5830312
1552	5439458
1552	464994
1552	563954
1552	6973443
1552	1528053
1552	5246399
1552	6104171
1552	8396531
1552	840055
1552	1737304
959	8762392
959	7684636
959	7202992
959	5473665
959	4631712
959	4986104
959	8012625
959	1733803
959	2320941
959	4837962
959	7870074
959	1879905
959	7783801
959	1254950
959	5506872
959	1682259
959	5248987
959	8703977
959	4934817
959	6573590
959	8481134
959	5233725
959	8847675
959	5565366
959	4674759
959	5368600
959	7025520
959	3246702
959	8759211
959	263949
959	3963941
959	1886995
959	7460872
959	7529876
959	8637582
959	49523
959	78189
959	2695161
959	8717396
959	6584545
959	6766925
959	5536000
959	971120
959	4861231
959	1139862
959	3404580
959	737006
959	4640897
959	923708
959	8272372
959	7380141
959	1376389
959	5148274
959	2274677
959	8865629
959	8656608
959	2525693
959	538574
959	5879929
959	7287952
959	6376762
959	6136735
959	6743659
959	5089220
959	7372971
959	3434134
959	383085
959	7520773
959	5915928
959	3980662
959	3812096
202	7815656
202	8763086
202	2665706
202	4663428
202	6291602
202	8786204
202	2190269
202	1276116
202	343256
202	1275403
202	7516760
202	3769305
202	8851938
202	6458253
202	2985671
202	6412793
202	5917146
202	4012884
202	4806540
202	4809591
202	5635089
202	1369214
202	4719814
202	5476513
202	6350840
202	4764701
1205	4274710
1205	1914737
1205	4547411
1205	5000746
1205	6196770
1205	7952898
1205	4126509
1205	7059626
1205	8546979
1205	2445837
1205	8535909
1205	238978
1205	1090187
1205	5476167
1205	32184
1205	8231306
1205	639841
1205	2119841
1205	1511420
1205	7765954
1205	2463401
1205	5784864
1205	7557024
1205	2583498
1205	3568018
1205	5259209
1205	2237834
1205	7246945
1205	7781696
1205	1291756
1205	8782579
1205	7484228
1205	26145
1205	3521606
1205	399518
1205	4960129
1205	2646187
1205	730878
1205	4790607
1205	322281
1205	3107691
1205	590886
1205	5789200
1205	2015676
1205	5335588
1205	3304919
1205	4755846
1205	5997117
1205	8341599
1205	3867532
1205	7462505
1205	2797423
1205	2019244
1205	3559061
1205	7286928
1205	8134396
1205	8178613
1205	836025
1205	1292088
1205	7303405
1205	7739606
1205	1238492
1205	1954977
1205	7207749
995	5455773
995	8586942
995	2565094
995	8016167
995	5614114
995	6614424
995	7367780
995	8563907
995	1827127
995	4336234
995	6483029
995	4859832
995	4431696
995	8717256
995	8224276
995	3137656
995	2583782
995	4429063
995	481203
995	1725145
995	4612144
995	7999403
995	3888688
995	359108
995	8453696
995	6987705
995	6425001
995	969463
995	6112702
995	6949016
995	4888250
995	7679788
995	7890045
995	5098708
995	8871275
995	7699852
995	5339306
1663	4395444
1663	3996431
1663	2913331
1663	7637737
1663	4567950
1663	3141649
1663	8463851
1663	6999177
1663	6363613
1663	4340537
1663	5414350
1663	4163427
1663	4379451
1663	4774157
1663	5262847
1663	1936203
1663	4684463
1663	2325316
1663	4169425
1663	3450840
1663	2059185
1663	4168185
1663	2070326
1663	7475177
1663	1487169
1663	6014650
1663	579942
1663	3885912
1663	819718
1663	8302053
1663	4934562
1663	2537433
1663	6222762
1663	3259734
1663	6654581
1663	2523440
1663	4365041
1663	6162533
1663	2906160
1663	5689113
625	2964812
625	4496831
625	763023
625	170453
625	8290573
625	491418
625	702849
625	2222242
625	4781122
625	1205061
625	7510907
625	5872610
625	8712650
625	2571112
625	5017831
625	4068488
625	5770798
625	8046566
625	6279223
1224	7544038
1224	6098587
1224	6153936
1224	2359969
1224	4033825
1224	29405
1224	8100709
1224	4500077
1224	5814302
1224	3593952
1224	6992693
1224	4623345
1224	6469806
1224	8231040
1224	7762805
1224	1892679
1224	2732659
1224	4573778
1224	3962124
1224	7648021
1224	8907883
1224	5100820
1224	2491093
1224	1829933
1224	8790648
1224	2214746
1224	8794149
1224	8646216
1224	8600145
1224	5747534
1224	3941728
1224	6260428
1224	7616488
1224	5038192
1224	2834140
1224	8573197
1224	15579
1224	2701932
1224	5285428
1224	7963311
1224	8586550
1224	6789512
1224	2141387
1224	6425634
1224	8387706
1224	4877136
1224	2181660
1224	7054891
1224	2749609
1224	2878587
1224	221464
1224	1437671
1224	4741352
1224	2478796
1224	4225672
1224	4113295
1224	7483316
1224	2335650
1224	1429807
1224	2835793
1224	1952241
1224	554246
1224	7228845
1224	3067319
1224	4016256
1224	8267586
1224	2743212
1224	1709342
1224	5231308
1224	2668049
1224	4732080
1224	832649
1224	8682659
1224	8327245
1224	4630552
1224	6566361
1224	8588078
673	7825107
673	3794637
673	4592028
673	3560191
673	7068927
673	1232278
673	2704432
673	2896408
673	84959
673	6763198
673	3243783
673	5454209
673	6228269
673	5025989
673	6677355
673	707555
673	2937687
673	694120
673	6659993
673	1013880
673	6453584
673	2498485
673	3690369
673	2990633
673	6280109
673	6515906
673	801980
673	8392712
673	3215069
673	5819044
673	6177248
673	878849
673	3956430
673	8036452
138	3311518
138	4987783
138	1068955
138	6004134
138	686296
138	6312622
138	682250
138	5723232
138	6255783
138	3574786
138	5833849
138	1703638
138	7695339
138	8345993
138	4904263
138	8617779
138	249504
138	4710393
138	8749587
138	7784795
138	6586322
138	5421911
138	6139062
138	7297203
138	6245612
138	8681011
138	42429
138	8075021
138	4157997
138	7734749
138	800629
138	7906643
138	2245638
138	5668512
138	474929
138	181429
138	5595110
138	3888863
138	3088098
138	8454007
138	1223564
138	2387992
138	7456731
138	529929
138	5911907
138	2664627
138	5359753
138	4716779
138	2713329
138	7227104
138	4916147
138	6319514
138	5540989
138	1028714
138	4542096
138	204851
138	1524757
138	7398533
138	6609860
138	825910
138	5829830
138	8889139
138	1456101
138	4686763
1614	102539
1614	1490831
1614	4731317
1614	6482803
1614	829969
1614	4835913
1614	6990890
1614	6567687
1614	4192039
1614	6196958
1614	4207810
1614	2113430
1614	8753985
1614	1644647
1614	7114825
1614	5413183
1614	3817081
1614	7074490
1614	3935745
1614	1693417
1614	3280064
1614	995052
1614	3847707
1614	1750132
1614	6023711
1614	379741
1614	7988333
1614	1089500
1614	573445
1614	6783097
145	3049637
145	3067484
145	1594172
145	548610
1161	5502325
1161	755996
1161	2069457
1161	2849937
853	2731608
853	593676
853	4031074
853	2787063
853	6473872
853	2584029
853	6598815
853	3168685
853	5506563
853	5272675
853	8045900
853	2572331
853	3132510
853	1862861
853	7652289
853	6687481
853	1716476
853	8282622
853	4804120
853	1409829
853	8241488
853	393086
853	5314853
853	5534024
853	4671139
853	7621692
853	7501065
853	6915253
853	6790921
853	5188915
853	7949974
853	7214438
853	8288952
853	2786391
853	2172797
853	7249530
853	839688
853	7738963
853	3607427
853	1428740
853	3268557
853	7366247
853	4683274
853	8224963
853	6447278
853	6682014
853	2136315
853	6631447
853	2789371
853	616203
853	7444855
853	3168179
853	6844073
853	1788919
853	6561890
853	3806093
853	4088153
853	5134937
853	4247701
853	483800
853	7406040
853	8727079
853	8624604
853	4988365
853	6415963
1533	7514836
1533	5704315
1533	3975682
1533	3955124
1533	6069504
1533	2652673
1533	6279120
1533	4335014
1533	4935865
1533	1907965
1533	1945736
1533	6467952
1533	1386677
1533	8448703
1533	7909531
1533	121000
1533	4230502
1533	3826389
1533	5253678
1533	2044499
1533	5410153
1533	7626564
1533	7266950
1533	7599923
1533	6491066
1533	1979426
1533	1547462
1533	6147402
1533	2292148
1533	2026786
1533	4428572
1533	1160089
1533	1532407
1533	8011459
1533	5245600
1533	6717127
1533	3149345
1533	4093246
1533	325211
1533	2854052
1533	300199
1533	902665
1533	5588223
1391	663698
1391	14193
1391	7553765
1391	6714906
1391	2815315
1391	4412522
1391	5303714
1391	5796019
1391	1781714
1391	718528
1391	1153245
1391	1489325
1391	8755584
1391	6708961
1391	3782789
1391	4925332
1391	7853133
1391	7840559
1391	1389398
1391	5723264
1391	4596414
1391	229408
1391	7035413
1391	6905191
1391	6578532
1391	7843154
1391	6652660
1391	3505315
1391	3564794
1391	2086370
1391	8912937
1391	5483686
1391	7423807
1391	1845830
1391	4551449
1391	5726315
1391	6410814
1391	2131207
1391	3972144
1391	5422069
1391	8220404
1391	5025659
1391	689203
1391	2389540
1391	1873241
1391	1176237
1391	154456
1391	2544412
1391	2781992
1391	7212042
1391	5705975
1391	4687848
1391	8399891
1391	2096015
1391	3427384
1391	3460209
1391	7506609
1391	821831
1391	5998819
1391	1801402
1391	7583817
1391	457037
1391	5898930
1391	3762386
1647	1499985
1647	7366440
1647	2490338
1647	5885686
1647	7729083
1647	2598186
1647	3755904
1647	4742783
1647	3847419
1647	234739
1647	7912690
1647	8564909
1647	8471961
1647	5195414
1647	6109998
1647	4034227
1647	5957162
1647	8261962
1647	1929536
1647	7576337
1647	2266949
1647	8884422
1647	4503508
1647	4355780
1647	6633553
1647	8728473
1647	7041284
1647	1107678
1647	1977467
1647	2408508
1647	4013411
1647	5205752
1647	3066843
1647	955395
1647	3584145
1647	2192386
1574	5238425
1574	5858770
1574	209369
1574	639006
1574	2080126
1574	3997951
1574	7810319
1574	3742213
1574	4682479
1574	1855803
1574	1909020
1574	3562600
1574	317179
1574	7674163
1574	6402724
1574	843817
1574	926464
1574	8146565
1574	5168376
1574	6408619
1574	1492206
1574	7670929
1574	4708068
1574	5156335
1574	5536165
1574	2060010
1574	2921012
1574	6686447
1574	1965741
1574	6862252
1574	552951
1574	2511592
1574	3645757
1574	1883318
1574	7399295
1574	493237
1574	3803550
1574	2749058
1574	2083699
1574	2090856
1574	4990802
1574	4241113
1574	4182130
1574	6748560
1574	1232946
1574	3371911
1574	6997307
1574	4841888
1574	7940489
1574	6571149
1574	7235788
1574	7794223
1574	2788540
1574	6090960
1574	202732
1574	2526445
1574	6719306
1574	757287
1574	4498729
1574	4189577
1574	5846331
1574	4403961
1574	5036385
1574	6263599
1574	458257
1574	3334019
1574	590916
1574	4417718
1574	1642734
1574	6308738
1574	7670745
1574	4463436
1574	1756017
1574	5904858
1574	194836
1574	4723574
1574	4925829
1574	657898
1574	2234434
1574	5622352
1195	2287847
1195	6942146
1195	3373119
1195	5894045
1195	2748153
1195	4537247
1195	4855891
1195	2819360
1195	3335363
1195	5146160
1195	1850262
1195	4895438
1195	3854513
1195	3577271
1195	4768695
1195	7274494
1195	3082691
1195	7410892
1195	8272041
1195	7832140
1195	8738259
1195	6403401
1195	749755
1195	4106365
1195	7165191
1195	2284267
1195	7159744
1195	7819317
1195	3738328
1195	5940651
1195	563519
1195	1172314
1195	1504580
1195	4589639
1195	2403144
1195	437542
1195	3486187
1195	3054701
1195	132391
1195	76120
1195	7489376
851	5746919
851	2901245
851	8009847
851	4837589
851	8929505
851	1239209
851	5490875
851	1775849
851	2314746
851	5841909
851	4506901
851	7757545
851	1870062
851	6412447
851	7007215
851	4859913
851	8904638
851	2902480
851	3206939
851	6902539
851	3794089
851	3984363
851	3158591
851	5885818
851	4307504
851	7055483
851	325602
851	606872
851	3500130
851	4756528
851	5991301
851	5250176
851	2658511
851	1545215
851	2418609
851	4813989
851	6821093
1367	1676512
1367	5096305
1367	7075185
1367	1833587
1367	4393072
1367	8152900
1367	602007
1367	8240299
1367	7818101
1367	6510681
1367	8214002
1367	6694864
1367	5793820
1367	3927069
1367	589127
1367	4694449
1367	8571432
1367	8381602
1367	5234299
1367	6500492
1367	2917648
1367	2043920
1367	7719324
1367	2156504
1367	4420064
1367	2816356
1367	8329763
1367	8845539
1367	6906223
1367	468716
1367	3026199
1367	6430586
1367	6335304
1367	2415319
1367	515393
1367	6106040
1367	1478239
1367	6465266
1367	1714306
1367	663298
1367	7000580
1367	6446139
1367	3761840
1367	5491130
1367	6172191
1367	5879783
1367	3674372
1367	4621915
1367	4716138
1367	6325629
1367	3334809
419	7176332
419	3373188
419	2379186
419	6036496
419	4956897
419	1468941
419	3785710
419	3959872
419	7283815
419	1620878
419	4124376
419	6412886
419	6912459
419	7176242
419	572453
419	4374370
419	759183
419	4148525
419	443369
419	814740
419	3827133
419	6101950
419	5732710
419	1661073
419	511855
419	8211289
419	5566222
419	1885339
419	5921494
419	8731948
419	2696634
419	1662580
419	7947155
419	3223942
419	3348150
419	7402377
419	8383108
419	3807384
419	6341174
419	3980981
419	5752314
419	7061311
1713	7225456
1713	1636733
1713	5825290
1713	6827656
1713	3717714
1713	6427628
1713	7909486
1713	2250415
1713	4509170
1713	883712
1713	1241335
1713	6259000
1713	6611798
1713	1573896
1713	4822999
1713	2501210
722	7942384
722	8759809
722	7552400
722	1739632
722	39018
722	8413992
722	4335361
722	8067703
722	6932728
722	6944195
722	5248083
722	1726815
722	2738302
722	6631474
722	4209237
722	6170075
722	6926709
722	2810482
722	6409289
722	7513478
722	8879127
722	7707786
722	3170362
722	889237
722	4824389
722	6113058
722	2518128
722	2385771
722	3486633
722	2823519
722	6461179
722	2268301
722	1559503
722	8615903
722	1163276
722	4347313
722	5230802
722	82949
722	4636228
722	446340
722	2662272
722	1367735
722	8865119
722	3102464
722	6812773
722	8510953
722	7833060
722	1811710
722	4506220
722	740442
722	1848039
722	2667119
722	7070427
722	3572127
722	1381611
722	1756126
722	6064601
722	1261249
722	5183252
722	8021147
722	2245168
722	4553742
722	2965167
722	7627747
722	8146155
722	5364514
722	4625569
722	5553547
722	5763895
722	7883777
722	8814973
722	7112363
1747	4659805
1747	1306244
1747	3364024
1747	5471008
1747	5002269
1747	6094248
1747	60536
1747	723794
1747	1769147
1747	5830671
1747	4346763
1747	6252559
1747	8566677
1747	5640474
1747	2087616
1747	3066247
1747	5144383
1747	2509630
1747	2878986
1747	4495658
1747	1026441
1747	7162496
1747	295355
1747	2318578
1747	7005036
1747	3775943
1747	2977947
1747	8191793
1747	4567007
1747	403565
1747	5667179
1747	7432569
1747	6648617
1747	6677162
1747	8243887
1747	3779490
1747	7032610
1747	6805325
1747	8832123
429	2069550
429	2675546
429	6088661
429	2102588
429	8824684
429	2903609
429	2569994
429	6528802
429	5883506
429	188593
429	8388375
429	3819875
429	7821432
429	5720575
429	1402057
429	6900142
429	7487755
429	3393003
429	2876437
429	6012738
429	6506718
429	4950929
429	4915136
429	1125712
429	7588043
429	7222224
429	3246933
429	7743790
1684	6231051
1684	5542531
1684	2273450
1684	611827
1684	3126249
1684	5459087
1684	6531
1684	8166773
1684	8229214
1684	7983435
1684	5023833
1684	2353100
1684	2846375
1684	7208617
1684	8472940
1684	2876473
1684	870487
1684	4448398
1684	5066485
1684	7212596
1684	4295797
1684	258045
1684	5339486
1684	7532155
1684	557989
1684	8612008
1684	2285167
1684	4322270
1684	1844377
1684	4314195
1684	8027314
1684	5413829
1684	4967482
1684	1051737
1684	6692595
1684	6037380
1684	8122600
1684	3977648
1684	7744677
1684	3719397
1684	8133278
1684	8341854
1684	8358548
1684	6977638
1684	1772381
1684	5888692
1684	4391706
1684	6867877
1684	2428403
1684	8929042
1684	2553223
1684	3500038
1684	7233306
1684	2188658
1684	7576207
1684	2673029
1684	3998596
1684	7534745
1684	7595205
1684	6776785
1684	7069825
1684	6765790
1368	7800391
1368	6093180
1368	537702
1368	4940305
1183	916247
1183	360132
1183	3090908
1183	4289327
1183	7322474
1183	8141624
1183	2300396
1183	417976
1183	3743057
1183	5717726
1183	7935949
1183	7185265
1183	6202818
1183	4575656
1183	6842598
1183	2358129
1183	2538358
1183	4853705
1183	7789396
1183	5170557
1183	8055720
1183	1550133
1183	7346273
1183	1436721
1183	1184028
1183	1752757
1183	2387416
1183	7054083
1183	8119170
1183	5957145
1183	1248483
1183	3832440
1183	7198853
1183	2558238
1183	1541476
1183	1293701
1183	5544499
1183	7558046
1183	899856
1183	6750917
1183	8858246
1183	5675542
1183	7824264
1183	5820031
1183	383242
1183	142914
1183	4012359
1183	4629289
1183	6355301
1183	104990
1183	5931525
1183	8169129
1183	6595496
1183	6857740
1183	1547241
1183	1380617
1751	4301250
1751	2142864
1751	5425101
1751	3352627
1751	6073358
1751	6539447
1751	3667992
1751	2580286
1751	8144532
1751	7399559
1751	6271367
1751	6069653
1751	4820999
1751	2222995
1751	3976092
1751	6598850
1751	917587
1751	8353062
1751	6735203
1751	298569
1751	8265477
1751	4993773
1751	5513267
1751	7009605
1135	5588261
1135	2159821
1135	3386273
1135	5812518
1135	6757278
1135	7432314
1135	787959
1135	524889
1135	799858
1135	577207
1135	3386793
1135	3062020
1135	3541590
1135	4244646
1135	3960419
1135	70069
1135	765985
1135	1356628
1135	6930117
1135	8875725
1135	2486374
1135	1696572
1135	4047475
1135	3097775
1135	1140034
1135	2429508
1135	6494401
1135	5667023
1135	1303159
1135	6194898
1135	5779250
1135	440951
1135	7675358
1135	960809
1135	2931998
1135	1020339
1135	2485877
1135	674477
1135	8778920
1135	4079065
1135	5963923
1135	4554739
1135	4236141
1135	668093
1135	2855655
1135	2796304
1135	6565575
1135	641706
1135	437593
1135	1760235
1135	7457327
1135	8451221
1135	561817
1135	8275393
1135	467603
1003	1552666
1003	7365507
1003	4512224
1003	7204479
1003	5900596
1003	1571626
1003	4425555
1003	2168331
1003	6233376
1003	1840745
1003	3882376
1003	3697856
1003	367315
1003	5298024
1003	1391588
1003	2668794
1003	3042041
1003	1842832
1003	8086148
1003	7446480
1003	2803432
1003	3941227
1003	7311915
1003	2846234
1003	6234523
1003	7339738
1003	500715
1003	8663750
1003	1830841
1003	8893599
1003	4734439
1003	6439695
1003	7979177
1003	8350547
1003	1875755
1003	3563462
1003	8458051
1003	7370338
1003	7112832
1003	845405
1003	6837685
1003	2151134
1003	5883630
1003	4603188
1003	664132
1003	1759580
1003	3158843
1003	6632091
1003	827160
1003	7605040
1003	2448399
1003	392005
1003	7286022
1003	7494133
1453	6883140
1453	6700592
1453	3599308
1453	8351673
1453	8031698
1453	5264313
1453	7633733
1453	62761
1453	4597973
1453	7952830
1453	4733459
1453	8368455
1453	2773612
1453	93660
1453	6981137
1453	2204791
1453	1080367
1453	2632714
1453	7045699
1453	4052831
1453	6040704
1453	2333839
1453	2624060
1453	3303895
1453	3085981
1453	6525557
1453	3717108
1453	4036641
1453	7300278
1453	5257709
1453	825130
1453	4908389
1453	2845890
1453	6729774
1453	6147798
1453	6230621
1453	2366120
1453	5513792
1453	7629941
1453	6378746
1453	7089368
1453	7966371
1453	7232385
1453	7223954
1453	5409962
1453	8926698
1453	4833755
1453	4903321
1453	59795
1453	212016
1453	2265920
1453	1901572
1453	8032443
1453	7928496
1453	8645637
1453	3860855
1453	1443098
1453	6300300
1453	435593
1637	1761391
1637	2965875
1637	3775237
1637	2955351
1637	2948646
1637	6269531
1637	2186786
1637	3261457
1637	1630614
1637	7244645
1637	998817
1637	1955811
1637	2157578
1637	2196496
1637	3871814
1637	1783952
1637	6847628
1637	6248551
1637	4847833
1637	1219395
1637	1603651
1637	1110636
1637	7081196
1637	4221412
1637	3689870
1637	8281861
1637	8342682
1402	5542629
1402	5225619
1402	2016263
1402	5631315
1402	6292822
1402	3675724
1402	4084577
1402	8301301
1402	2995749
1402	6640352
1402	3807476
1402	489669
1402	5293830
1402	3148592
1402	3648805
1402	904601
1402	7732415
1402	1510924
1402	3265552
1402	3861058
1402	3826192
1402	7274408
1402	3406886
1402	8565795
1402	387215
1402	6195359
1402	8035702
1402	1966795
1402	8631923
1402	6162809
1402	5827279
1402	3637574
1402	733818
1402	7092039
1402	8800783
1402	1734181
1402	2670406
1402	3634883
1402	6567048
1402	427555
1402	6673665
1402	3775569
1402	4836063
1402	8205550
1402	3381826
1402	3498260
1402	6973762
1402	6191369
1402	5464427
1402	3264964
1402	1078781
1402	5755077
1402	1250279
1402	6200229
1402	6125759
1402	422069
1402	2013658
1402	582996
1402	7956923
1402	3826742
1402	7014358
1402	2528644
1402	7976533
1402	3275837
1402	1300238
1402	5931914
1402	5496354
1402	6385874
1402	2978564
1402	516783
1402	611075
1402	6594758
1402	2565549
1402	1910173
1402	6798730
1402	3619430
1402	987117
229	8882783
229	2352841
229	5054923
229	1323072
229	4885034
229	7812149
229	4158595
229	4143345
229	7357644
229	1398407
229	7322286
229	2505795
229	7738069
229	5173644
229	5951799
229	5194411
229	983955
229	1779240
229	7457120
229	2268755
229	5315698
229	2313591
229	1008537
229	8621702
229	5765496
229	8839660
229	1606275
229	5041686
229	3077038
229	243949
229	7427097
229	2915086
229	841568
229	4592013
229	2404715
229	8506953
229	6112960
229	6142366
229	5827905
229	662579
229	2890231
229	6836208
229	2120226
229	6263871
229	1899581
229	886214
229	2149164
229	8084548
229	3359583
229	1606365
229	8309238
229	1025172
229	2710717
229	1366271
229	8786839
229	2180738
229	6377453
229	8455697
229	1940069
229	5800630
229	6461789
229	4824189
229	6742406
229	631613
229	8151073
229	908427
229	417310
229	8363560
663	119814
663	3520094
663	3868341
663	8045644
663	8528125
663	804285
663	4050272
663	3298344
663	1659045
663	7374160
663	3613874
663	6655789
663	2591482
663	4422749
663	6066990
663	3561472
663	3341505
663	4271864
663	3332082
663	5059687
663	4448483
663	3311035
663	2843932
663	426931
663	3109000
663	6181689
663	555324
663	3060625
663	7711971
663	550569
663	3268990
663	23124
663	8591538
663	8536385
663	1427270
663	3862689
663	7528948
663	4242656
663	773491
663	8671867
663	490134
663	7664643
663	6949866
663	3476278
663	4548799
663	1310231
663	8353313
663	376275
663	7852543
663	1829428
663	4812813
663	2961545
663	733844
663	5519283
663	320492
663	5121052
663	6480297
663	8929498
663	6171246
926	7505689
926	6847246
926	8493956
926	5241897
1304	3818734
1304	1507498
1304	8320918
1304	5493557
1304	652662
1304	452840
1304	8345245
1304	7814479
1304	5409707
1304	1349043
1304	7011353
1304	4793537
1304	5817337
1304	8238956
1304	6151231
1304	2658885
1304	2908698
1304	671387
1304	3906163
1304	1927654
1304	5092486
1304	7275886
1304	4335959
1304	4015172
1304	3742328
1304	7755691
1304	7163806
1304	195819
1304	2981605
1304	6677309
1304	655139
1304	7460842
1304	7864504
1304	7822434
1304	5279397
1304	2208424
1304	527807
1304	5509936
1304	8724426
1304	4600842
1304	5640763
1304	8301914
1304	1832402
1304	2644946
1304	7967074
1304	3671763
1304	6847844
1304	7291384
1304	7445366
1304	7737910
1304	7155465
1304	949467
1066	1959606
1066	6735958
1066	971342
1066	4327393
1066	80927
1066	7140685
1066	8001280
1066	7917787
1066	8246373
1066	946331
1066	713495
1066	2660265
1066	145952
1066	1059821
1066	8017278
1066	452660
1066	5096971
1066	1454972
1066	8770892
1066	8605273
1066	1443701
1066	4556240
1066	7201398
1066	1360324
1066	6239596
1066	7391427
1066	6532808
1066	1828823
1066	33285
1066	6635181
1066	2223183
1066	7832519
1066	8265684
1066	2098194
1066	1006831
1066	5932889
1066	6690623
1066	1750677
1066	5284774
1066	7181228
1066	3585729
1066	8048118
1066	565163
1066	6353052
1066	3449535
1066	7216175
1066	6345760
1066	5944856
1066	5450379
1066	1614715
1066	8625152
1066	7005471
1066	1994813
1066	7768126
1066	6437057
1066	3128079
1066	5873273
1066	6992772
1066	2939978
1066	2353873
1066	7546218
1066	4675621
1066	3436039
41	374733
41	2356095
41	822799
41	2274050
41	6493523
41	8556547
41	5116184
41	1868045
41	4656638
41	3170364
41	2956979
41	5084750
41	442603
41	3840700
41	2367220
41	4781599
41	3925047
41	7222256
41	7349160
41	8553349
41	8220967
41	1312230
41	1644395
41	8818903
41	574009
41	666519
41	3892282
41	914178
41	3314312
41	8106259
41	7798374
41	470525
41	2554423
41	5549057
41	7832287
41	2399832
41	488579
41	6746629
41	3757097
41	2052925
41	7345883
41	6525857
41	7324893
41	233477
41	4163514
41	647113
41	4511980
41	4521096
761	1194097
761	3546747
761	3379147
761	4278015
761	7095578
761	8515071
761	4690640
761	3403479
761	7981093
761	8118777
761	565657
761	5386258
761	2887523
761	6932645
761	1103450
761	2572921
761	2756653
761	2428101
761	736531
761	8134629
761	3980574
761	5080879
761	8210576
761	1910320
761	733523
761	5364726
761	7101583
761	1998621
761	2744378
761	4283562
761	7412404
761	830926
761	6460676
761	6099761
761	7177456
761	6689521
761	5472592
761	7053595
761	6110320
761	2841653
1460	1664462
1460	3847270
1460	5891840
1460	3089029
1460	5060179
1460	3116095
1460	7340517
1460	5159180
1460	5545908
1460	236166
1460	3427563
1460	6230580
1460	480054
1460	1362312
1460	8882815
1460	3738914
1460	824344
1460	8290320
1460	3627518
1460	1412354
1460	3232466
1460	2139699
1460	3157311
1460	1658312
1460	2248287
1460	4412733
1460	2814684
1460	6137992
1460	8671804
1460	7914675
1460	2119513
1460	6073504
1460	4437591
1460	8019328
1460	5258071
1460	6146412
1460	7666044
1486	5479820
1486	2310665
1486	5009133
1486	2583932
1486	5668691
1486	1512361
1486	8836850
1486	7484983
1486	5180105
1486	6252867
1486	8258914
1486	4128779
1486	7943845
1486	1581966
1486	7501155
1486	3703752
1486	714131
1486	8872542
1486	8873706
1486	8336887
1486	1441218
1486	3176394
1486	4142391
1486	3359385
1486	3354149
1486	1714060
1486	4748538
1486	5795997
1486	2232250
1486	6183945
1122	3401084
1122	5132582
1122	7558113
1122	2375681
1122	2708902
1122	7864286
1122	4372627
1122	1767951
1122	5984540
1122	3179764
1122	5766173
1122	5777819
1122	8673899
1122	8917986
1122	990855
1122	4561683
1122	69903
1122	4267964
1122	8169845
1122	1013830
1122	5773410
1122	5677600
1122	1745140
1122	5625178
1122	5305620
1122	8758597
1122	1242432
1122	4619469
1122	6564007
1122	896054
1122	1563191
1122	565215
1122	3109067
1122	8192791
1122	7610045
1122	5995234
1122	3914273
1122	5482090
1122	7567724
1122	8073616
1122	249881
1122	3948379
1122	8571916
1122	4694494
1122	4984942
1122	4032311
941	6767084
941	7478359
941	505899
941	1641106
941	4636216
941	4724586
941	5129531
941	424612
941	1153086
941	3796049
941	3426170
941	5894880
941	7429864
941	5549357
941	2960562
941	8447810
941	2131823
941	6268985
941	8461992
941	4752813
941	6129478
941	7930786
941	2207573
941	1418068
941	2601924
941	6533146
941	7489071
941	1134016
941	6251441
941	4663393
941	7426969
941	5339788
941	7939297
941	8198119
941	6894812
941	1719322
941	5154583
941	6931830
941	8569767
941	4874628
941	813030
941	1406637
941	8681625
941	2943183
941	7099965
941	1183452
941	4234900
941	5234727
941	8323055
941	8695660
941	6664523
941	7380378
941	3867362
941	6038869
941	522843
941	1281977
941	8096728
941	1064011
941	4494073
941	8837362
941	4437165
941	2889755
941	446577
941	2297222
941	6303911
941	8439484
941	8533589
941	25662
941	905267
941	3066499
941	3641732
941	1615563
941	8453477
941	144907
941	8903784
941	5313627
941	4967781
941	8424407
941	5006918
558	4322220
558	1137378
558	6197368
558	2139964
558	5202861
558	1232429
558	2498
558	377539
558	7014410
558	6075478
558	6997819
558	6830802
558	7388392
558	3762609
558	6567749
558	3538927
558	8494656
558	7357160
558	7436574
558	1477602
558	6515962
558	4431977
558	5200615
558	6373065
558	2945201
558	7925013
558	6305252
558	1653897
558	6757815
558	6176975
558	5591602
558	1961579
558	1827466
558	3964803
558	3505009
558	6882327
558	5360740
558	966342
558	3895976
558	3102602
558	2556852
558	3695648
558	4202192
558	7532200
558	4520201
558	3994665
558	4774414
1741	33822
1741	6701537
1741	3683719
1741	2849052
1741	519919
1741	8528020
1741	6959474
1741	6394179
1741	1707442
1741	2105203
1741	3910190
1741	4068840
1741	6893316
1741	484028
1741	3118794
1741	6982534
1741	2682024
1219	1389426
1219	463588
1219	8857224
1219	6853237
1219	3657784
1219	515134
1219	7104305
1219	3140643
1219	5649399
1219	5174329
1219	8152237
1219	533061
1219	6315824
1219	5054921
1219	3789408
1219	7327203
1219	5987051
1219	159522
1219	5489947
1219	8276157
1219	8656977
1219	332491
1219	1015451
1219	8784465
1219	6085868
1219	4581825
1219	3434250
1219	1774655
1219	5493919
1219	2018153
1219	1084492
1219	4978807
1219	7460938
1219	6812202
1219	1557750
1219	1885230
1219	882617
1219	5557716
1219	8406075
1219	3520349
1219	5109108
1219	4303059
1219	2660520
1219	671547
1219	719000
1219	1490561
1219	4898451
1219	5094154
1219	747612
1219	4374039
1219	7894296
1219	4595329
1219	2196172
1219	5328968
1219	394539
1219	4738241
1219	4271080
1219	6748863
1219	1649019
1219	5113285
1219	5885845
1219	3476528
1219	3187873
1219	4371284
1219	4667379
1219	217890
1219	4522389
1219	5192863
1219	790319
1219	769892
1219	3624689
1219	3364695
1219	5019714
1219	6050403
1219	1512471
1219	4492920
1219	6077341
1219	7886744
1219	1475379
1219	8295419
542	434358
542	2228296
542	7676672
542	475439
542	5674936
542	2688715
542	5053475
542	6099989
542	8619860
542	6804209
542	3790653
542	2797502
542	6008303
542	538656
542	6401986
542	4313979
542	6628016
542	3131115
542	5542569
542	1328263
542	832573
542	4992180
542	5088788
542	1889909
542	6835271
542	4725588
542	3617429
542	1619378
542	8555600
542	3453797
542	2241057
542	6807841
542	7958597
542	7572387
542	5819428
542	778417
542	2125668
542	6886223
542	2333004
542	4632645
542	7355050
542	7559346
542	1657153
542	178174
542	8747021
808	5617832
808	6752373
808	2659837
808	8784788
808	3725979
808	4090067
808	2862357
808	7429607
808	1210579
808	1623052
808	6173749
808	2556023
808	4673417
808	8304009
808	7170423
808	7208638
808	3583419
808	8236824
808	6282972
808	6729695
808	5629904
808	5772269
808	3665464
808	8535457
808	1675587
808	4869867
808	4709741
808	8658150
808	1599799
808	4295551
808	3750652
808	5110622
808	6544841
808	2344835
808	4012649
808	739830
808	1475332
808	2481022
808	4007930
808	8277827
808	8724064
808	1369215
808	7717886
808	344402
808	8426359
808	4662004
808	6604032
808	4114530
808	2252746
808	1015525
808	4687905
808	5248815
808	5174680
808	1520393
808	3240538
808	1487871
808	6783372
808	1569867
808	4124765
808	4759297
808	3528900
808	3139301
808	804024
808	5640294
808	6262495
808	3257266
808	4953996
808	3893895
808	2728699
808	4457006
808	7975361
808	5631221
808	7584293
808	7953904
808	223880
808	4929836
808	1475528
808	4719579
808	4385193
808	6644669
969	8274441
969	831203
969	4213217
969	6632342
969	4726152
969	3721529
969	3625913
969	1583887
969	5143792
969	6276945
969	3636187
969	2210029
969	7891512
969	6132330
969	4173937
969	3034204
969	1518221
969	4370370
969	3909705
969	7197289
969	4761332
969	1752540
969	2583258
969	8574923
969	2623506
969	7959624
969	8920945
969	2486258
969	1632285
969	3812986
969	7015830
969	7442693
969	1085693
969	6827443
969	4933608
969	6330303
969	7497375
969	3465421
969	8646974
969	4067552
969	920264
969	7671000
969	2128030
969	5764586
969	4027386
969	6427028
969	1040697
969	2008311
969	1519967
969	4662581
969	8657416
969	8457202
969	5583238
969	7400766
969	3920932
969	6441857
969	4605886
969	3465968
969	6904463
969	2804320
969	4407115
969	1361096
969	666261
969	6933718
969	6048976
969	6845309
969	1682223
969	553144
969	2517051
969	5658709
969	2866871
969	8656396
969	1259388
969	5681973
969	6430958
969	26386
969	4915864
969	6077224
129	5825872
129	2964716
129	8642612
129	3122035
129	1536913
129	5414980
129	7067918
129	838954
129	3330144
129	2311840
129	6028420
129	2599958
129	1342029
129	764976
129	8933716
129	6102259
129	698149
129	2555581
129	2122681
129	6444375
129	505223
1435	8875773
1435	4141739
1435	3162178
1435	3445239
1435	181009
1435	3622864
1435	8394804
1435	3655681
1435	678974
1435	4199098
1435	8530118
1435	5114848
1435	434845
1435	4547261
1435	2155695
1435	2213616
1435	7296367
1435	6125936
1435	4319230
1435	6389633
1435	6953632
1435	1382310
1435	6922454
1435	1666800
316	672492
316	6970561
316	5259068
316	7953354
316	5470568
316	3512875
316	7908709
316	8530348
316	2666748
316	8792155
316	8397830
316	1413291
316	2952514
316	4617605
316	8173072
316	5827655
316	2455467
316	3152461
316	4563802
316	6893808
316	1635378
316	5565241
316	564862
316	6892802
316	5061034
316	955647
316	7444643
316	7735464
316	7695789
316	6265094
316	7928093
667	4114263
667	8746397
667	3210508
667	6725363
667	1188269
667	7946355
667	5561693
667	5095731
667	528026
667	24865
667	4767693
667	353163
667	4592389
667	1959907
667	183243
667	2401733
667	6818027
667	3212437
667	3068319
667	1446699
667	8203408
667	2319205
667	7702627
667	4227116
667	2742242
667	3550274
667	471926
667	8604363
667	5403124
667	8696659
667	1562401
667	957548
667	7684324
667	5168112
667	6685240
667	6240515
667	3291057
667	7433670
667	7192381
667	2349188
667	7354422
667	6386276
667	7802086
667	1234461
667	4696692
667	1317226
667	6371422
667	5799607
667	5070001
667	6576847
667	8582573
667	3169530
667	7183512
667	3031964
667	5927823
667	4566009
667	4437414
667	1350085
667	2069693
667	5252921
667	6505472
667	2511695
667	926472
667	58777
667	6408549
667	8269032
667	6829408
667	7640297
667	292006
667	1252589
667	4252010
667	5791066
667	7253362
667	544940
667	6776801
667	7188764
667	285351
667	693650
868	3449447
868	3248616
868	1845147
868	7442488
868	3882894
868	8367661
868	6472018
868	4533748
868	493558
868	7907330
868	4277310
868	8799810
868	372039
868	4318390
868	7441475
868	2359828
868	207543
868	4677205
868	1058547
868	8669182
868	8805208
868	7642567
868	1202994
868	6244819
868	4771837
868	696152
868	5038637
868	3467686
868	4514366
868	3662915
868	788364
868	3752239
868	2046667
868	6400750
868	8589954
868	5947438
868	4172719
868	5980525
868	152189
868	1649766
868	7317345
868	7910417
868	3449960
868	5364212
868	3591822
868	6216217
868	1138765
868	5982492
868	6996804
868	624053
868	6290694
868	6849808
868	3814040
868	904692
868	5274678
868	157372
868	7108002
868	7574305
868	4401885
868	6866901
868	5825544
868	3538601
868	7404732
868	4822428
868	6755108
868	5300158
868	7036647
868	3112430
868	5202707
868	7651123
868	751796
868	6624309
868	5191981
868	8510879
868	5699590
868	2442368
868	2143126
464	2878902
464	1239755
464	870789
464	1455655
464	6650668
464	3552231
464	4015106
464	8074087
464	2624071
464	1318324
464	8190777
464	3544314
464	2426700
464	1298838
464	7788035
641	7042756
641	8264987
641	5215379
641	452939
641	2330173
641	3326193
641	6676490
641	4074281
641	1693468
641	8589130
641	3108563
641	6842348
641	1297432
641	3828955
641	639055
641	5847556
641	7472594
641	3958042
641	6548331
641	6504333
641	8296676
641	2019701
1098	2063904
1098	3183293
1098	2178541
1098	684781
1098	8165772
1098	4917431
1098	7039975
1098	5443553
1098	4703228
1098	4807886
1098	3215413
1098	7190470
1098	6241428
1098	4019961
1098	5230946
1098	8858084
1098	6318559
1098	1961012
1098	2321155
1098	868770
1098	6712337
1098	2546095
1098	8480393
1098	5383338
1098	6536525
1098	6002314
1098	1372904
1098	4209302
1098	2604384
1098	1767078
1098	2316779
1098	6671827
1098	8300535
1098	7701611
1098	553920
1098	8656824
1098	4762021
1098	6632149
1098	2068282
1098	4177043
1098	5642233
1098	6914341
1098	659051
1098	2327629
1098	4071238
1098	104028
1098	8229461
1098	4837639
1098	1881861
1098	8448221
1098	4653074
1098	5236244
1098	2123565
1098	1989458
1098	4626171
1098	2786579
1098	3376574
1098	6171807
1098	4823686
1098	571313
1098	4209524
1098	672411
1098	5546012
1098	3497166
1098	5931948
1098	2279333
1098	2171162
1098	1489764
1098	5836687
1098	4922354
1098	4115972
1098	2317814
1098	1599848
1098	7659282
1098	5609509
1098	6021607
1098	1312712
1723	3175107
1723	4285027
1723	2711815
1723	7176321
1723	3644787
1723	6177450
1723	5462335
1723	7312303
1723	4369009
1723	1386574
1723	6001786
1723	1486520
1723	8278009
1723	492873
1723	4711588
1723	2132892
1723	3156460
1723	7502171
1723	4127662
1723	704049
1723	1053543
1723	4803591
1723	3940022
1723	3773342
1723	527245
1723	1350722
1723	7211504
1723	3618209
1723	3356416
1723	2947396
1723	1164191
1723	499846
1723	1006250
1723	4565426
1723	232938
1005	6243450
1005	2589551
1005	4361177
1005	3064632
1005	4946854
1005	1388432
1005	6408156
1005	3613333
1005	8563796
1005	5372574
1005	6172493
1005	420945
1005	4046104
1005	1482534
1005	7884221
1005	894258
1005	400670
1005	7594725
1005	1013709
1005	8598664
1005	4008219
1005	5689952
1005	8260240
1005	4221318
1005	6406489
1005	7174644
1005	1899993
1005	4440164
1005	4966194
1005	4120215
1005	8251364
1005	4329254
1005	6991831
1005	2588490
1005	4408940
1005	6772064
1005	476618
1005	3060972
1005	6135142
1005	3579226
1005	3415449
1005	1716965
1005	6848894
1005	3138759
1005	4713706
1005	7996938
1005	6411024
1005	4673152
1005	3371294
1005	4772767
1005	6677070
1005	7849946
1005	7396856
1005	1750966
1005	5233946
1005	3470516
1005	3909640
1005	6738351
1005	531251
1005	8202142
1005	4692698
1005	5155773
1005	771194
1005	6356661
1005	1866500
1005	3698107
1005	4444358
1005	6955703
1005	7094091
1005	7346708
1015	3679987
1015	5733398
1015	520327
1015	7164292
1015	3009353
1015	6556993
1015	1014237
1015	7521827
1015	6665441
1015	7760735
1015	8398242
1015	7428397
1015	2937268
1015	5079223
1015	1073720
1015	1980709
1015	93148
1015	1495432
1015	5500983
1015	6788373
1015	3156942
1015	4379046
1015	2035306
1015	3004795
1015	4825376
1015	8294678
1015	8840895
1015	8720276
1015	4523992
1015	5366296
1015	546596
1015	7356436
1015	8246763
1015	2259694
1015	4546847
1015	4823410
1015	4477833
1015	818502
1015	3291196
1015	5540900
1015	2828369
1015	4544538
1015	1234190
1015	445849
1015	6126315
1015	6641839
1015	8297768
1015	7682530
1015	7143986
1015	4670846
1015	6793617
1015	3084402
1015	6115225
1015	8233037
1015	2398405
1015	2330021
1015	6372966
1015	5452012
1015	1691095
1015	3767593
1015	8033402
1015	8106953
1015	8524257
1015	6812203
1015	4240656
1015	2218837
1015	5106454
1015	2872988
1015	563997
1015	5270775
1015	4420893
1015	6223225
1015	8242593
1015	1509925
1015	5442708
1015	8114699
1015	4192048
1015	4077252
1015	366626
1416	3682638
1416	5945414
1416	1773814
1416	8535252
1416	8582762
1416	3617823
1416	2156965
1416	4828680
1416	2143318
1416	6060628
1416	3171657
1416	2763440
1416	8028591
1416	7890982
1416	665952
1416	8701309
1416	2895189
1416	4769413
1416	4934345
1416	6443579
1416	7383861
1416	7498060
1416	1176368
1416	3780647
1416	581569
1416	2815960
1416	1211642
1416	6715889
1416	4626289
1416	7930363
1416	5935789
1416	2754059
1416	7119416
1416	4671169
1416	3525657
1416	2816035
1416	8890719
1416	4302631
1416	5743132
1416	958649
1416	4596193
1416	8697428
1416	3918935
1416	6302283
1416	1504073
1416	4581779
1416	8478785
1416	4884394
1416	4752429
1416	7210255
1416	3330318
1416	1786745
1416	7586809
1416	1481021
1416	6007271
1416	2893887
1416	1070259
1416	3453523
1416	4031054
1416	3506887
1416	4586060
1416	8819446
1416	3921265
1416	179943
1416	6763106
1416	5995201
1416	4822321
1416	7723125
1416	8190246
1416	7953617
1416	3056231
1416	1356898
1416	5629008
1416	1979095
1416	4348992
1416	4354672
1416	1803429
1416	5418380
1416	367837
998	3220126
998	627769
998	7028293
998	6423285
998	4617547
998	8465291
998	8685739
998	6505283
998	5957622
998	3299117
998	1420103
998	6467028
998	8185884
998	1662603
998	26228
998	727904
998	570329
998	627844
1762	2620360
1762	8868543
1762	2925261
1762	3590775
1762	537972
1762	552323
1762	1082607
1762	4438561
1762	7514690
1762	7169486
1762	3796429
1762	147422
1762	2350478
1762	4511747
1762	4414505
1762	2070342
1762	1605133
1622	1655717
1622	4525924
1622	1413558
1622	1100164
1622	4161622
1622	6076229
1622	3666674
1622	116131
1622	8668936
1622	2876867
1622	2787156
1622	7323547
1622	8464184
1622	960673
1622	6205355
1622	1311588
1622	2245790
1622	1995973
1622	5538107
1622	4347837
1622	809932
1622	4658586
1622	246941
1622	1307159
1622	7927659
1622	1977063
1622	4779405
1622	1951048
1622	1866310
1622	5052167
1622	472440
1622	6510774
1622	1569760
1622	835083
1622	5356230
1622	8598465
1622	2645886
1622	5988358
1622	4572823
1622	4344050
1622	3010743
1622	5399872
1622	7536878
1622	8221710
1622	8478223
1622	6746614
1622	6546316
1622	5734858
1622	1791018
1622	7587059
1622	5838655
1622	3303533
1622	519534
1622	3793986
1622	4502115
1622	962937
1622	661043
1622	8810465
1622	6318529
1622	3698276
1622	8894106
1622	7082287
1622	5308766
1622	6645640
1622	772597
1622	471457
1622	184651
1622	6244481
1622	3024259
1622	2293878
1622	6283293
1622	6010603
1622	8870795
1622	5906910
1622	5425543
1622	8442795
1622	5179771
1622	181646
1033	1900713
1033	1328465
1033	3859474
1033	2955632
1033	4366046
1033	5583481
1033	8853537
1033	7144564
1033	8032244
1033	6155526
1033	3508084
1033	2024867
1033	4545271
1033	8785532
1033	2826020
1033	4777682
1033	4106796
1033	7462176
1033	8145199
1033	2670419
1033	3165258
1033	983255
1033	7655169
1033	5375980
1033	3674711
1033	6129304
1033	7324773
1033	8166884
1033	6422955
1033	2816149
1033	5298826
1033	677451
1033	3525283
1033	2551231
1033	5783587
1033	2426176
1033	6704499
1033	6449814
1033	4338173
1033	1753581
1033	2712895
1033	816777
1033	1475095
1033	7238750
1033	2376660
1033	7376448
1033	3624832
1033	2788541
1033	2759550
1033	7053795
1033	3628032
1645	8236006
1645	834381
1645	2830718
1645	3373849
1645	7486555
1645	865924
1645	3412205
1645	8602517
1645	7792630
1645	6882418
1645	3332317
1645	3669611
1645	2306573
1645	2761843
1645	287581
1645	5031607
1645	2612404
1645	4333025
1645	1914409
1645	319436
1645	5388228
1645	1052470
1645	5783375
1645	918797
1645	4475362
1645	4048340
1645	275254
1645	4630307
1645	7131180
1645	71855
1645	7540365
1645	8255663
1645	8664100
1645	1380771
1645	5319071
1645	3708938
1645	5596201
1645	2398436
1645	7455607
1645	2559529
1645	4266498
1645	3053946
1645	878616
1645	5282012
1645	1830585
1645	7565568
706	8750632
706	724339
706	4024976
706	435023
706	5021202
706	8800303
706	4453514
706	7759729
706	251760
706	3342286
706	5352694
706	4077379
706	1192504
706	2979986
706	4787831
706	5603739
706	6095597
706	7136677
706	5228530
706	7909824
706	8325528
931	2106888
931	7662586
931	4427770
931	210996
931	4788090
931	7248227
931	4800463
931	3277419
931	6045198
931	6042308
931	159458
931	6035220
931	650634
931	7780251
931	921929
931	3457439
931	4726793
931	6374270
931	7173587
931	331991
931	6669499
931	5462253
931	7160110
931	5735463
931	3908613
931	8904919
931	4778073
931	4530851
931	1960747
931	2948876
931	1040463
816	4889579
816	5096010
816	7980487
816	7839092
816	7636219
816	5219450
816	4632866
816	6525046
816	6108586
816	3949916
816	3163484
816	8227194
816	6680309
816	6973332
816	4951341
816	3630904
816	6761113
816	953440
816	6346724
816	1174906
816	5291337
816	2072317
816	5048957
816	6100060
816	7264250
816	3203621
816	2535429
816	7851681
816	531776
816	1534181
816	3483689
816	2598590
816	2260662
816	156920
816	2038052
816	3120227
816	4030117
816	1341609
816	4984619
816	6518848
816	3839956
816	3777602
816	2493264
816	2143622
816	3352966
816	325795
816	3831206
816	749214
816	5201784
816	8530251
816	1853202
816	8066145
816	4795308
816	1013450
816	3816543
816	3031342
816	4492567
816	6145698
816	5455909
816	7758559
816	7635992
816	5149977
816	1833219
816	7635076
816	8357231
816	4668408
816	5798471
816	2372586
816	8763475
816	6608767
439	3653879
439	4573487
439	8213701
439	490668
439	2714629
439	6983332
439	2560761
439	5045722
439	1137863
439	7509469
439	234810
439	5533590
439	7512607
439	2108927
439	2063813
439	6734767
439	8786803
439	7865249
439	1044685
439	2598952
439	8484565
439	6200657
439	3274299
439	2064367
439	3498882
439	1500752
439	742193
439	1797894
439	5530175
439	7226988
439	566005
439	3452048
439	7938720
439	4776211
439	2925453
439	1396051
439	5084853
439	5938706
439	3916818
439	2891246
439	3371694
439	8465601
439	5665946
439	4472244
439	5412816
439	5188929
439	2836310
439	7901070
439	8011315
439	6757268
439	1702308
439	2780294
439	7679119
439	5954565
439	373512
439	7330802
439	1181227
439	3274892
439	2699781
439	978617
439	3767316
439	3258272
439	7852229
439	4577176
439	7234447
439	4877197
439	149485
439	4440009
439	740739
439	1756882
439	4118819
439	3422078
439	1895681
439	7206877
439	4608940
439	5062277
439	8743644
439	1156077
724	7789577
724	3503551
724	3743871
724	3523315
724	427038
724	1698564
724	1680831
724	8841526
724	8100484
724	3376819
724	2833798
724	5279425
724	316958
724	4395836
724	2108077
724	1096657
724	2799661
724	6935392
724	4163629
724	6480605
829	3265472
829	3393208
829	4392570
829	1680057
829	5707702
829	2215369
829	2813775
829	8735074
829	1424335
829	8911110
829	7787780
829	4744828
829	8208849
829	2233362
829	2629548
829	7105665
829	975291
829	6135503
829	980745
829	115010
829	8727739
829	5277105
829	3568498
829	1042408
829	5856797
829	3509036
829	3030431
437	581192
437	8761403
437	6282241
437	7050866
437	2317947
437	6598322
437	2040028
437	3153010
437	4329706
437	2458108
437	2950615
437	6427695
437	8864479
437	2042205
437	1295299
437	2871210
437	3636459
437	1220859
690	8410892
690	8380724
690	3222956
690	2113022
690	7394851
690	1263542
690	4840443
690	5410677
690	2042805
690	1974606
690	550001
690	6643796
690	2096228
690	997626
690	4096450
690	1581843
690	5571803
690	3402950
690	7798761
690	4679282
690	2355420
690	3753099
690	1144847
690	683956
690	2490906
690	7151576
690	4848852
690	496876
690	3341525
690	1232754
690	1910522
690	107533
690	7959919
690	2472177
690	4847377
690	8263252
690	889030
690	567835
690	1082818
690	1598430
690	3412017
690	7744070
690	4359805
690	1705058
690	4592333
690	5683467
690	3510634
690	3397977
690	601159
690	1474603
690	5470999
690	5935099
690	4261162
690	3268596
690	7845072
690	2140104
690	2790869
690	1567365
690	2598645
690	6502731
690	6544926
690	7158230
690	7974400
690	7559514
690	295219
690	2577359
690	5444336
690	5591401
690	6704873
690	179222
690	561007
690	3270615
690	1748917
690	3456573
690	5045610
690	2232639
690	3643754
690	3397399
690	1941447
19	3865717
19	5579645
19	8550064
19	3133739
19	2978693
19	2796842
19	1616
19	727589
19	168681
19	1074976
19	8379213
19	5686902
19	3331309
19	1231887
19	4148666
19	3214302
19	850664
19	186876
19	4880978
19	6112079
19	1328399
19	6134927
19	6182153
19	1153476
19	3814749
19	123623
19	2790786
19	2994229
19	7614551
19	1967457
19	1952652
19	4546258
19	6267356
19	3090480
19	4530309
19	764592
19	1097587
19	4057241
19	1705033
19	8248257
19	8863
19	3605749
19	1609189
19	7103696
19	7470395
19	1185640
19	5133066
19	3343665
19	4010252
19	1558896
19	6265634
19	3482295
19	4925912
19	4971831
19	8259887
19	4956808
19	4211956
19	7407231
19	88805
19	626506
19	2353670
19	498971
19	2299776
19	500751
19	6535510
19	3355486
19	1128253
19	6706701
19	2474195
19	960091
19	8293476
19	7184861
19	126452
19	8253661
815	139471
815	3815959
815	4988447
815	6703367
815	3369610
815	3113838
815	6445227
815	35413
815	4244864
815	2689622
815	5551307
815	4432467
815	688170
815	1439743
815	2640360
815	6977657
815	8319038
815	7965426
815	4352219
815	6698184
815	1054083
815	199311
815	4608073
815	4465801
815	2636068
815	7239564
815	3722813
815	386370
815	8091147
815	6023694
815	7162161
815	4174129
815	2333598
164	4349456
164	5962304
164	778874
164	3742449
164	7037368
164	1845156
164	486611
164	7139460
164	7972712
164	95589
164	2384806
164	6982189
164	8625023
164	158741
164	7245278
164	4935033
164	4876520
164	5073859
164	1949951
164	8226476
164	5328516
164	2413563
164	4809579
164	1360147
164	3449269
164	1784329
164	3856362
164	5749300
164	7155342
164	7206461
164	2973145
164	732029
164	2553693
164	2419471
164	5857158
164	5311979
164	1908625
164	1813333
164	7493669
164	4265519
164	3791751
164	1323506
164	1890463
164	7552706
164	6508731
164	71641
164	7212479
164	4268409
164	8633437
164	8529321
164	382820
164	1248869
164	4314821
164	7637118
164	289301
164	6618282
164	8653484
164	3817545
164	8906819
164	6838857
164	1828083
164	3609081
164	7885571
164	4145991
164	6125533
164	8508115
164	8071850
164	8422186
164	3709896
164	1205411
164	3122314
164	1710798
164	3549429
164	2842669
164	1843071
164	2679982
164	981883
1766	6649908
1766	5736237
1766	929249
1766	2230645
1766	3034790
1766	7132666
1766	8450341
1766	6685853
1766	8241507
1766	4729618
1766	8535233
1766	5174213
1766	3357488
1766	8626756
1766	6877711
1766	138523
1766	6160015
1766	8128120
1766	55906
1766	3847340
1766	6453108
1766	5844697
1766	5104961
1766	3971349
1766	6372394
1766	5718729
1766	1584821
1766	2720022
1766	4651801
1766	3684793
1766	7863651
1766	2998277
1766	3498204
1766	6269475
1766	1623915
1766	4522729
1766	2403375
1766	1040751
1766	2550035
1766	7549233
1766	8052461
1766	7475719
1766	4223576
1766	8708276
1766	3870665
1766	2628921
1766	7936748
1766	8769662
1766	5501336
1766	521538
1766	2010135
1766	7371660
1766	1215676
1766	8391224
1766	5920
1766	3697090
1766	640569
1766	2891559
1766	4496435
1766	5969734
1766	609971
1766	8453376
1766	37258
1766	6680902
1766	2722808
1766	6218134
1766	2302877
1766	8667833
1766	8882134
1766	5239448
1766	1301698
1766	5650394
1766	1523263
1766	3370503
1766	4567925
1766	3768736
1766	2690411
1766	8915839
1766	4411586
1737	1995160
1737	926224
1737	5355370
1737	635798
1737	294163
1737	3057579
1737	5684770
1737	8248940
1737	7233371
1737	8336546
1737	3941333
1737	701426
1737	1320028
1737	254800
1737	2949897
1737	5307234
1737	7071857
1737	4650745
1737	5340055
1737	3186965
1737	2736064
1737	1816911
1737	4883754
1737	4227254
1737	4246130
1737	6399080
1737	3263512
1737	3269520
1737	3874745
1737	7793376
1737	2619031
1737	8138341
1737	2547758
1737	7738036
1737	7578387
1737	216569
1737	28556
1737	2947497
1737	1202811
1737	5961533
1737	5106173
1737	6291194
1737	2363213
1737	90972
1737	5500921
1737	5934797
1737	8617944
1737	2777640
1737	6545805
1737	6879025
1737	6928398
1737	8376010
1737	1149585
1737	923983
1737	1719854
1737	110310
1737	3532431
1737	8375265
1737	7680343
1737	1688786
1737	7140357
1737	2125338
1737	5528869
1737	7310366
1737	8509117
1737	2566780
1737	100481
1737	4489864
1737	6418776
1737	1816799
1737	1544918
1737	7802751
1737	2663438
1737	4547231
1737	2667230
1737	567644
1737	500942
1737	5403528
1737	4378075
1544	7613788
1544	564260
1544	4464869
1544	6367251
1544	424374
1544	6895070
1544	5252669
1544	7224834
1544	5798568
1544	3948030
1544	6106957
1544	7864928
1544	669439
1544	6424010
1544	1876210
1544	7729850
1544	7019013
1544	1792364
1544	7427022
1544	3874479
1544	6706286
1544	1208303
1544	8813922
1544	6194078
1544	1687878
1544	1364606
1544	8418999
1544	2696743
1544	4585294
1544	7872951
1544	205323
1544	2924840
1544	6280490
1544	5784065
1544	8028763
1544	1235859
1544	2121679
1544	3976984
1544	4880214
1544	7772703
1544	7444081
1544	4358654
1544	5537156
1544	5404977
1544	4040179
1544	1445518
1544	1706764
1544	6473095
1544	425268
1544	6883565
1544	8530311
1544	2932177
1544	1193713
1544	7577173
1544	6539556
1544	7032020
1544	7498800
1544	1295534
1544	1470188
1544	4052441
1544	4103832
1544	6984037
1544	2716122
1544	3978806
1544	2670714
1544	8319998
1544	3713518
1544	6361710
1544	3473917
1544	1449848
1544	257530
1544	6303915
1544	2411412
1544	6563143
1544	8083411
1544	7629020
1544	6571162
1544	8373263
29	3669685
29	6609983
29	6999636
29	222305
29	2141191
29	8209944
29	4536975
29	3979930
29	5473045
29	27830
29	1955218
29	1606160
29	4785835
29	7633695
29	3356639
29	3344216
29	4183514
29	36748
29	4509500
29	3409502
29	5040627
29	1050965
29	2914081
29	2792851
29	8124343
29	6100463
29	7386092
29	1832717
29	4585709
29	7374143
29	6030393
29	1727144
29	1681796
29	3355911
29	5919433
29	2157113
29	8641323
29	3113500
29	5618314
29	4474131
29	2586033
29	2993016
29	2006672
29	5370921
29	1763263
29	8275
29	7165911
29	1563539
29	488813
29	5800595
29	2038046
29	2517024
29	4620085
29	4209918
29	4966127
29	6185367
29	220260
29	8707513
29	2739001
29	739489
29	5122536
29	1884604
29	1568634
29	4647936
29	7037006
29	3004047
913	3657855
913	7265822
913	6932618
913	5723708
913	912389
913	966618
913	4529808
913	8043115
913	4837743
913	2210818
913	4773917
913	8328883
913	2832522
913	8778897
913	2884333
913	6066803
913	2384994
913	540764
913	7249278
913	835332
913	5052869
913	3980631
913	6387661
913	2680684
913	5067225
913	5887190
913	4578417
913	5872481
913	2736685
913	4997332
913	4405263
913	6557302
913	754822
913	7874673
913	4925784
913	1718308
913	6640407
913	1787626
913	8225655
913	6472098
913	4064933
913	4981308
913	8200
913	3686809
913	5654686
913	2828842
913	353651
913	8741746
1354	7480794
1354	869756
1354	1014427
1354	7979698
1354	1540404
1354	1162157
1354	779530
1354	4340409
1354	1496177
1354	8319140
1354	675574
1354	8681966
1354	5808487
1354	6366087
1354	1877433
1354	5674059
1354	11118
1354	2938398
1354	4166190
1354	380787
1354	7956129
1354	7031027
1354	2464400
1354	4484133
1354	3359055
1354	6059924
1354	2084897
1354	5306486
1354	5756143
1354	2702261
1354	3455728
1354	4304921
1354	3332677
1354	5388622
1354	6855215
1354	3947129
1354	8169667
1354	6919596
1354	7301057
1354	8375087
1354	3000301
1354	6341762
1354	6749079
1354	4327101
1354	2978744
1354	7343653
1354	7754000
1354	7087811
1354	680680
1354	8065856
1354	7037864
1354	7691382
1354	4504392
1354	4593567
1354	5100765
1354	4494340
1354	6601436
1354	3306671
1354	8258694
1354	2070688
1354	4647269
1354	5297244
1354	8267774
1354	1309687
1354	4334979
1354	2002566
712	5425454
712	1922664
712	5801398
712	5402792
712	2772776
712	8453959
712	702639
712	3513018
712	7669798
712	2135985
712	8042149
712	4014517
712	2560068
712	3634926
712	7546847
712	6761576
712	3524239
712	8923378
712	513382
712	298254
712	235407
712	5413802
712	2198411
712	2484535
712	3494516
712	2422193
712	3410104
712	6244067
712	1431204
712	5756518
712	807414
712	7219483
712	6363451
712	2231797
712	7620530
712	8870966
712	7343782
712	6015556
712	8456184
712	6494685
712	7267651
712	1229489
712	5318457
712	3685598
712	4524355
712	8774239
712	7634042
712	109441
712	2129842
712	7687498
712	7277109
712	1658650
712	2037367
712	5456565
712	3502078
712	7124456
712	2747240
712	5074887
712	4124433
712	6768752
712	7006871
712	6835659
712	5915648
712	7720929
712	5207471
712	2684284
712	3706222
712	8162735
712	7430318
712	1362271
712	3184502
712	980489
867	2047469
867	2795856
867	5167781
867	6517585
867	7480549
867	2901819
867	4032270
867	6448687
867	2976138
867	1274283
867	2242951
867	5827587
867	5794008
867	2544289
867	1749579
867	2725472
867	1594743
867	7943697
867	696139
867	3301655
867	5485692
867	1611847
867	1182414
867	96657
867	129970
867	7744623
867	5588015
867	2043423
867	1743699
867	385282
867	7780459
867	5840808
867	107080
867	1345689
867	4328810
867	5271320
867	377629
867	5490454
867	2857511
867	7636489
867	642258
867	3922085
867	7479217
867	3513170
867	1269305
867	2004465
867	1862268
867	6152214
867	574935
895	1779187
895	7245632
895	8140053
895	2296392
895	8463083
895	593280
895	5563594
895	7124017
895	5373233
895	1618770
895	3260376
895	6718712
895	6969772
895	6903656
895	6503510
895	6889568
895	508361
895	2840819
895	5644488
895	8359759
895	5489549
895	3873926
895	2594162
895	3869777
895	3838309
895	1084430
895	2504218
895	8654062
895	6673445
895	4300006
895	6011523
895	3361974
895	1014592
895	1482822
895	661839
895	5310696
895	8142651
895	1256820
895	3511917
895	1253377
895	3101057
895	5832627
895	2981509
895	7124877
895	976516
895	3617591
895	7855639
895	7023289
895	7179558
895	2875018
895	1643226
895	1197733
895	1974102
895	3508465
895	4121918
895	3376782
895	8191521
895	5113057
895	8746905
895	8394932
895	8526994
895	5235567
895	5304908
895	8460615
895	3597951
895	965218
895	2318642
895	7741448
895	6719973
895	972175
895	7991087
895	8178969
895	2533000
707	2267550
707	878214
707	3673854
707	8245278
707	7956570
707	2045819
707	6028485
707	8366056
707	6060408
707	5140251
707	6352178
707	1995409
707	269138
707	4221034
707	1070
707	8443430
707	140924
707	1990089
707	509593
707	5784779
707	7810011
1078	6029932
1078	4817563
1078	4844051
1078	6702475
1078	7259675
1078	7150460
1078	7440215
1078	4270585
1078	2729841
1078	2741182
1078	3107638
1078	4699361
1078	7363304
1078	5282654
1078	1437264
1078	6368954
1078	5308258
1078	6153820
1078	547019
1078	176750
1078	8164073
1078	4803987
1078	303827
1078	256531
1078	3891576
1078	6225370
1078	7718349
1078	5059500
1078	2609745
1078	5509660
1078	1833962
1078	2132630
1078	650010
1078	7067135
1078	3076591
409	964013
409	1554060
409	6011590
409	6967594
409	4525744
409	1197066
409	1461801
409	5016689
409	8694225
409	880337
409	3148811
409	2259026
409	4204669
409	119770
409	5210851
409	4987057
409	7180560
409	3498466
409	1608727
409	644846
409	1605834
409	4423100
409	175926
409	1078923
409	5336419
409	1647725
409	8746745
409	5904897
409	8450036
409	5964850
409	4383605
409	4180871
409	8697099
409	2206927
409	8694710
409	8201808
409	272804
409	5291275
409	4388683
409	253426
409	1588662
409	1799471
409	8881178
409	4761936
409	1953217
409	2252628
409	6393429
409	3843524
409	2574645
409	721876
409	6398351
409	844862
409	4699011
409	1608178
409	979598
409	4262651
409	8322539
409	3311247
409	2769184
409	7637595
409	6816623
409	5411950
409	5157365
409	1586049
409	1113956
409	4258054
409	7635153
409	3778915
409	3621945
409	5734752
409	2470795
409	3976253
409	7356147
409	5407073
409	6080784
409	7424039
886	102264
886	8010559
886	5670105
886	8234998
886	7290643
886	4951982
886	2560924
886	2128959
886	2200638
886	1937542
886	7047334
886	6486494
886	6290769
886	3489583
886	4820030
886	5797629
886	482415
886	8128037
1791	7000918
1791	5159697
1791	351803
1791	8415211
1791	893734
1791	3998059
1791	434681
1791	7286204
1791	6340572
1791	6463588
1791	4087251
1791	5150665
1791	2554678
1791	869447
1791	5237878
1791	7844274
393	6447392
393	4500287
393	5898863
393	3343664
393	3855018
393	8650385
393	3703060
393	8218178
393	5429589
393	8456079
393	1809145
393	4913715
393	1273670
393	7788611
393	4341182
393	1376093
393	2224234
393	3923132
393	8128791
393	217238
393	5546177
393	1905210
393	3552709
393	3451119
393	2662447
393	8620145
393	1491308
393	1981717
393	1087806
393	6565625
393	4727084
393	3660067
393	8653947
393	6749275
393	6201492
393	7013741
393	3551912
393	272086
393	183099
393	3203763
393	4043567
393	8042999
393	4942873
393	46602
393	2190228
393	6246483
393	2971500
393	6145078
393	6801373
393	3575629
393	2602380
393	8368892
393	7042438
393	8706464
393	7353377
393	6677648
393	4361056
393	3840503
393	2860396
393	1261450
393	821402
393	6000570
393	3849827
393	3401196
393	7705447
393	6499924
393	1961389
393	4447639
393	5621
393	4102609
393	2949077
393	8881037
393	5593809
393	280320
393	516816
393	7897968
393	8831509
393	3618047
393	3248991
393	3819670
295	3931633
295	853786
295	7705580
295	8331347
295	1528884
295	7727602
295	5879344
295	8105818
945	5105167
945	6030712
945	7996912
945	5667813
945	2141446
945	5974788
945	2351479
945	6727917
945	1639414
945	6316295
945	5883737
945	3408026
945	5956475
945	4256382
945	5582060
945	5887383
945	5460889
945	4941528
945	2092552
945	8395227
945	8844697
945	2237370
945	1540086
945	8654124
945	651643
945	6309274
945	2462275
945	3667889
1668	1882303
1668	2036315
1668	7766745
1668	7690870
1668	7649187
1668	1209496
1668	2819903
1668	4907030
1668	1610258
1668	2507130
1668	6201506
1668	3019664
1668	5609792
1668	5140771
1668	747434
1668	5858591
1668	5549996
1668	5833058
1668	7602846
1668	3456802
1668	697531
1668	353281
1668	5878815
1668	6921359
1668	6849441
1668	6279355
1668	8469745
1668	5802217
1668	8903572
1668	7167213
1668	4505165
1668	5458838
1668	6918147
1668	7999243
1668	253871
1668	8933405
1668	6835704
1668	1598631
1668	5397672
1668	3205729
1668	4380589
1457	8590687
1457	7385070
1457	2084512
1457	3417947
1457	5342084
1457	6348442
1457	3252910
1457	1248093
1457	7684798
1457	3993389
1457	2510461
1457	5961454
1457	7894782
1457	1817493
1457	3750289
1457	6787955
1457	1500889
1457	6345
1457	2390980
1457	4640472
1457	5604532
1457	4480025
1457	169821
1457	2617861
1457	2823536
1457	2984865
1457	1405849
1457	6021490
1457	2664344
1457	294096
1457	3737799
1457	7949123
1457	6066179
1457	4957010
1457	653437
1457	3923747
1457	7102224
1457	2564445
1457	4466658
1457	769393
1457	639827
1457	936993
1457	1470976
1457	2469671
1457	4834900
1457	6567031
1457	7626769
1457	8086092
1457	7696615
1457	7772538
1457	5592761
1457	8386086
1457	5388885
1457	6939961
1457	128900
1457	8546659
1457	4579430
1457	3629759
1457	341808
1457	4108184
1457	5797328
1457	1866096
1457	2228449
1457	4371861
1457	6854609
1457	5001172
1457	2520050
1457	6684850
1457	247295
1042	1190323
1042	8635411
1042	7123704
1042	1300873
1042	6586113
1042	8846962
1042	3025673
1042	2882288
1042	7525086
1042	4352410
1042	5953047
1042	659433
1042	7427709
1042	3870476
1042	5256343
1042	628020
1042	1655088
1042	8149312
1042	3663873
1042	5953223
1042	8397418
1042	8837994
1042	1310889
1042	4733668
1042	5061526
1042	4303870
1042	5464139
1042	1353305
1042	33819
1042	3561142
1042	2020647
1042	1226306
1042	7566612
1042	8339382
1042	6880102
1042	1996757
1042	2674822
1042	706944
1042	4351754
1042	2949503
1042	2514123
1042	5888745
1042	87816
1042	7804215
1042	839760
1042	5259426
1042	4303184
1042	1156814
1042	1395727
1042	2337611
1042	5563562
1042	8072907
1180	4955534
1180	8284578
1180	5580135
1180	3478672
1180	8522527
1180	7024562
1180	7425013
1180	3675736
1180	3937482
1180	1777170
1180	275804
1180	6534337
1180	6188170
1180	2781659
1180	7357039
1180	8789141
1180	8087619
1180	2579925
1180	7104055
1180	8269887
1180	5254900
1180	3436508
1767	1560699
1767	5110568
1767	1013902
1767	1051556
1767	3253107
1767	4045882
1767	131857
1767	8455998
1767	8007360
1767	3706458
1767	6379527
1767	4052584
1767	8735597
1767	2787314
1767	8833528
1767	4064463
1767	6692067
1767	3832728
1767	4899802
1767	5093759
1767	3467893
1767	6604325
1767	1654043
1767	2682039
1767	113597
1767	2876265
1767	7033222
1767	2555649
1767	3769159
1767	3564449
1767	4804742
1767	8835817
1767	3361187
1767	7042212
1767	731123
1767	485282
1767	1485475
1767	7306389
1767	6694472
1767	7491664
1767	869989
1767	6305213
1767	3064025
1767	6675589
1767	6115502
1767	6285105
1767	4411116
1767	3283502
1767	4989742
1767	3721017
1767	3275112
1767	638704
1767	3143668
1767	7227763
1767	849146
1767	2024837
1767	7344696
1767	2120284
1767	3341683
1767	3437291
1767	6033372
1767	3309803
1767	6375269
1767	6818807
1767	8632511
1767	2627870
1767	1458112
1767	3729941
1767	8208120
1767	1446840
1767	2811477
1767	4784852
1767	7186572
1767	3885408
1767	3181873
1767	4958631
1767	1145880
1068	1193375
1068	8086156
1068	6908398
1068	3812342
1068	8742836
1068	3421282
1068	6132527
1068	756833
1068	5117393
1068	8803754
1068	4617608
1068	2374559
1068	8520841
1068	7780629
1068	3504810
1068	5702722
1068	2599667
1068	7746369
1068	6909676
1068	3061228
1068	5319619
1068	5892435
1068	831644
59	1625118
59	7518280
59	2096216
59	5479082
59	4715008
59	4352545
59	5703533
59	2292067
59	7579445
59	6628061
59	8784827
59	4378596
59	2552175
59	5026114
59	6896108
59	203932
59	2316958
59	4522582
59	7986471
59	8822813
59	2179244
59	3701932
59	160782
59	3644950
59	2526353
59	5910346
59	4565839
59	6842734
59	7079019
59	8248305
59	7616300
59	7090581
59	4955896
59	3758056
59	1037800
59	1859345
59	1926880
59	5797905
59	7405188
59	7349184
59	7892761
59	4435509
59	8723517
59	5599363
59	7251892
59	5226410
59	8770125
59	3907391
59	2386703
59	1621677
59	3663305
59	5135293
59	3567190
59	6983491
59	4222710
59	5688299
59	5999345
59	3006198
59	5113511
59	2845817
59	5197072
59	2773115
59	4447939
293	4051009
293	3572897
293	6230849
293	5611094
293	4811254
293	93650
293	5244512
293	8018286
293	2955563
293	3577855
293	6498618
293	6274187
293	3699235
293	8760971
293	8299295
293	7122840
293	7758005
293	6277599
293	7721444
293	632922
293	7459000
293	4866000
293	1681089
293	5653913
293	3632483
293	1070939
293	7135039
293	6951036
293	230168
293	6428819
293	6716463
293	8164504
293	7624919
293	2392430
293	7168512
293	5469767
293	5046046
293	6991045
1732	3198141
1732	7765148
1732	1767940
1732	1792566
1732	4875485
1732	4491270
1732	4939384
1732	6463808
1732	1688275
1732	883536
1732	7177205
1732	6553934
1732	20729
1732	2711786
1732	1567655
1732	795445
1732	1026448
1732	5566767
1732	7266281
1732	2304768
1732	5082406
1732	2474976
1732	5536930
1732	2797127
1732	3342606
1732	2268491
1732	3617411
1732	495331
1732	8625208
1732	6433994
1732	1870911
1732	7989740
1732	1848875
1732	5463976
1732	917922
1732	8377629
1732	5779734
1732	7059322
1732	5369715
1732	3026901
1732	5205714
1732	4729946
1732	4457711
1732	8359271
1732	7455141
1732	5939255
1732	2261091
1732	7591348
1732	5305100
1732	8262953
1732	2251465
1732	6573209
1732	4871355
1732	7439040
1732	1598051
1732	69074
1061	465300
1061	7125977
1061	829279
1061	5440329
1061	7101098
1061	5888353
1061	735197
1061	4221746
1061	4813677
1061	4697561
1061	8137990
1061	801562
1061	4687529
1061	4664050
1061	8501116
1061	47254
1061	4480682
1061	8589049
1061	782962
1061	1562354
1061	7493882
1061	7745492
1061	3297238
1061	6105408
1061	3201801
1061	5078043
1061	7452894
1061	4461793
1061	5853841
1061	970111
1061	4881450
1061	2479890
1061	1830846
1061	5223719
1061	374423
1061	8603637
1061	710845
1061	404070
1061	1849980
1061	2215704
1061	374534
1061	7399332
1061	8886720
1061	1537296
1061	5266251
1061	5743015
1061	5908186
1061	38797
1061	1246237
1061	215357
1061	4446113
1061	8929705
1061	7149933
1061	6330833
1061	5033341
1061	8259381
1061	4379058
1061	6262375
1061	6419253
1061	2258244
1061	7892525
65	4159206
65	8604691
65	7763196
65	5210443
65	1781173
65	7330984
65	5390257
65	4201407
65	533890
65	6566001
65	7619140
65	3101511
65	8735099
65	2302043
65	770521
65	6072536
65	645526
65	7693130
65	4680289
65	8456933
65	5370495
65	7640233
65	4018554
65	1400215
65	598734
65	8043328
65	1377213
65	3387941
65	8122826
65	3101166
65	3716563
65	6443737
65	165713
65	7722729
65	3216736
65	7768645
65	674644
65	1492111
65	1206743
65	4969928
65	2393095
65	6430294
65	7140364
65	2422376
65	4561907
1108	8638233
1108	7108529
1108	107194
1108	5496277
1108	256080
1108	569483
1108	3082943
1108	4511824
1108	6687598
1108	3399550
1108	2650287
1108	4301987
1108	6156809
1108	2402949
1108	5381233
1108	7439607
1108	7823908
1108	3467074
1108	6559419
1108	4155628
1108	8620169
1108	448994
1108	8725977
1108	4902799
1108	8374574
1108	7820439
1108	3858827
1108	1651618
1108	8772008
1108	819168
1108	8440680
1108	2687032
1108	6576324
1108	8362689
1108	8870203
1145	5105619
1145	3244571
1145	4840327
1145	3187663
1145	3202391
1145	2412583
1145	7168291
1145	4104554
1145	4278209
1145	8750490
1145	6372524
1145	4061558
1145	5530417
1145	5843938
1145	2779561
1145	342011
1145	1877707
1145	2069481
1145	2775309
1145	2497083
1145	7388549
1145	1716404
1145	4937029
1145	218501
1145	797786
1145	3680309
1145	6435718
1145	407259
1145	4710383
1145	4557026
1145	7830566
1145	3013137
1145	8214594
1145	3239866
1145	3697154
1145	7591344
1145	6224016
1145	8439786
1145	8098948
1145	2214838
1145	6832618
1145	4317017
1145	3751638
1145	4245172
1145	728127
1145	1063343
1145	4622443
1145	7130735
1145	3142444
805	5790940
805	966531
805	5781850
805	4007032
805	7556119
805	5946373
805	1432516
805	6423028
805	6752882
805	6717573
805	6749544
805	4049910
805	6672726
805	827939
805	5184502
805	7674621
805	6489538
805	5901336
805	2927293
805	6477938
805	2545556
805	3858714
805	292309
805	5846840
805	1276816
805	204597
805	5947706
805	5407634
805	3561677
805	2474622
805	174330
805	2462925
805	8422702
594	1112631
594	3283098
594	8419801
594	8408042
594	8067572
594	7268183
594	5985037
594	5405245
594	2954377
594	3941098
594	7857006
594	812267
594	302817
594	4727160
594	4781228
594	3354864
594	6843657
594	6284590
594	7799828
594	8117017
594	8075812
594	5744630
594	5881913
594	7109412
594	1003576
594	971391
594	3114595
594	3060888
594	8068906
594	7639546
594	3927178
594	3528804
594	8503902
594	2535481
594	380764
594	3505635
594	6822264
594	4547974
594	2092067
594	8035343
594	8153090
594	4960620
594	3809930
594	4947781
594	4208447
594	6425714
594	7067815
594	2051081
594	1723622
594	5624492
594	2819870
594	5290998
594	305539
594	2807657
594	7626415
594	6295646
594	1224006
594	3653131
594	2583020
594	1255302
594	1764356
594	2708595
594	795325
594	825365
594	7309059
594	4811662
594	4130116
594	2763796
594	3493465
594	5928866
811	6022475
811	4863961
811	6244386
811	3513778
811	2230974
811	1084727
811	7801416
811	6997818
811	48520
811	1014920
811	6581521
811	252403
811	1959188
811	5346024
811	3894329
811	8598582
811	7942822
811	8408769
811	2910290
811	966107
811	4466981
811	2537807
811	6580675
811	1586511
811	8281949
811	1248896
811	2604710
811	5161777
811	5342123
811	5190780
811	6124823
811	6463814
811	6825408
811	2165516
811	4317993
811	3508031
811	8725477
811	3537536
811	7199952
811	5572117
811	5955008
811	1863330
811	5098297
811	3174037
811	6666572
811	5782636
811	2837753
811	5640101
811	8099043
811	3057228
811	5558405
811	5374905
811	4706773
811	6904442
811	2159943
811	760977
811	3113104
811	7049912
811	4089857
811	4431900
811	2912367
811	4338440
811	1570841
811	6112745
811	526346
811	1457109
811	7329944
811	4240413
811	1964376
811	4919472
811	2363207
811	324975
811	400119
811	5988854
811	1184085
811	5020472
811	1940584
1638	4034488
1638	3181541
1638	473859
1638	7810723
1638	239640
1638	2548754
1638	7131786
1638	6365186
1638	2592557
1638	4441336
1638	8702434
1638	6137726
1638	1955970
1638	8330772
1638	5423014
1638	6972959
1638	4599822
1638	532537
1638	4935045
1638	8032458
1638	3259549
1638	80402
1638	6651665
1638	8413492
552	7660867
552	292895
552	82358
552	4073884
552	182168
552	2248420
552	2019024
552	4075589
552	1299577
552	1022845
552	4977400
552	3489378
552	39458
552	7944725
552	8627233
552	8306686
552	5852271
552	5893509
552	1924233
552	8573943
552	3515145
552	311978
552	5403695
552	5552553
552	5846246
552	6153558
552	3810345
552	7247686
552	7481967
552	8838443
552	2592083
552	3629567
552	7183707
552	5289207
552	6459829
552	3871003
552	3637287
552	4945730
552	6020853
552	1295437
552	6671734
552	2887566
552	3447846
552	6998560
552	7087940
552	8468986
552	3937886
552	1972480
552	3513617
552	8067559
552	3016935
552	8217996
552	5664744
552	1055138
552	5946789
552	8135175
552	4377100
552	2857992
552	769290
552	1287489
552	7413349
552	7840945
552	3018457
552	4869084
552	6405469
552	8279551
552	5612024
552	5086023
552	2302241
552	2705393
552	4627716
552	4037893
552	7781284
552	4303720
552	8051189
552	1197193
870	3453966
870	5945287
870	6818293
870	789827
870	713629
870	5029745
870	775027
870	8886682
870	3731414
870	6135097
870	3152854
870	1680826
870	3096378
870	2278006
870	3912471
870	2242198
870	8179507
870	3275031
870	8173344
870	7855924
870	4961253
870	4185176
870	568443
870	8073591
870	4060920
870	4371375
870	5633003
870	1534371
870	1139171
870	5266910
870	6847466
870	2338979
870	4808242
870	5032341
870	2032143
870	7356825
870	913613
870	3410863
870	1407591
870	7740353
870	3163525
870	219861
870	5360370
870	2165717
870	5817232
870	2495219
870	5486200
870	7863970
870	5561335
870	2788805
870	1712081
870	3399706
870	7346487
870	4068902
870	5333036
870	3396076
870	8136278
870	206690
870	989355
870	7502844
870	696534
870	2503603
870	6020032
870	7518406
870	2155530
870	5814030
870	734935
870	4752663
870	6289934
870	8469429
870	767906
870	2196096
870	8629696
870	2301939
1238	1782309
1238	2336055
1238	6483162
1238	6861096
1238	3907649
1238	3048460
1238	359486
1238	4234875
1238	94926
1238	7340832
1238	4159816
1238	8484310
1238	6470200
1238	54955
1238	420216
1238	5475931
1238	7317561
1238	6887325
1238	7483180
1238	421537
1238	4320265
1238	6004780
1238	601391
1238	8163998
1238	6744475
1238	6865783
1238	2122084
1238	250899
1238	1795114
1238	4265518
1238	6755017
1238	4529238
1238	7404710
1238	7532909
1238	8190344
1238	2764777
1238	6291351
1238	5404973
1238	3680140
1238	2836930
1238	6672812
1238	5535881
1238	7385342
1238	6720824
1238	6107371
1238	8770354
1238	39494
1238	4716721
1238	5379542
1238	8182677
1238	2948486
1238	7691791
1238	5107404
1238	420084
1238	5466588
1238	7168019
1238	7671908
1238	2424317
1238	2511862
1238	1254011
1238	2497154
1238	1828624
1238	6685540
1238	7883700
1238	6363043
1401	1915700
1401	8808987
1401	6729246
1401	2477699
1401	6844838
1401	8703283
1401	5184182
1401	704153
1401	714524
1401	6647174
1401	5403984
1401	390799
1401	8256637
1401	7226882
1401	8387454
1401	7000966
1401	5435701
1401	3312622
1401	3715283
1401	7948894
1401	1010292
1401	5887805
1401	7122219
1401	1869086
1401	1899818
1401	7005411
1401	3244016
1401	4252861
1401	551653
1401	3180211
1401	8211591
1401	578339
1401	8247668
1401	1730319
1401	7191670
1401	5783129
1401	4451122
1401	3125355
1401	1062885
1401	6615726
1401	4558837
1401	1067548
1401	8933038
1401	904649
1401	3466743
1401	6121369
1401	5674676
1401	1812597
1401	806512
1401	6922819
1401	95774
1401	8079987
1401	2801383
1401	881924
1401	5422785
1401	6402458
1401	8061879
1401	501638
1401	1119820
1401	1285993
976	7129233
976	7877288
976	4794026
976	5235133
976	4973654
976	3122525
976	2396813
976	2665766
976	8656776
976	4391558
976	344154
976	1809655
976	3832083
976	7490560
976	2576234
976	2947846
976	5703015
976	5251632
976	372232
976	7808749
976	7837593
976	2723964
976	7996572
976	6052512
976	322800
976	7126708
976	1848724
976	4260168
976	6794632
976	5493664
976	8364836
976	1561525
976	8681533
976	1106916
976	4788537
976	8633677
976	3522233
976	4356355
976	4701353
976	7936952
976	3932801
976	5106488
976	5252216
976	1937314
976	8506108
976	1194245
976	5160629
976	5939629
976	8136098
976	1777607
976	7266576
976	5302368
976	350551
976	7025404
976	2220980
976	1529745
976	2426827
976	2657173
976	1049647
976	8569564
976	6251492
976	6808220
976	1688182
976	4265148
976	7039653
976	8854133
976	2847066
976	7907266
976	770969
976	6195279
976	4397636
709	4720694
709	7385290
709	8854412
709	7678803
709	5765473
709	5646676
709	4677761
709	8614164
709	5005071
709	3782895
709	2319124
709	7732515
709	7388220
709	3448221
709	2257063
709	8649616
709	3814608
709	7502088
709	1763499
709	4806748
709	6479022
709	6044589
709	3664870
709	415286
709	5991172
709	236817
709	6173497
709	7671912
709	6533456
709	5958454
709	6742471
709	3754425
709	3461026
709	3140418
709	8353687
709	6342436
709	3225422
709	1632532
709	4215721
709	6133124
709	67131
709	6012532
709	4593092
709	5530519
709	1850966
709	4641200
709	6245337
709	3514920
709	345416
709	5679452
709	6276135
709	2326874
709	3597856
709	2955602
709	4699912
709	7729618
709	3198815
709	2858147
709	6429093
709	7207953
709	4280660
709	931554
709	5177372
709	1443719
709	4401327
709	5873812
112	1073610
112	6076952
112	1869340
112	5715887
112	398916
112	216902
112	8352155
112	7833560
112	1635216
112	3191932
112	4997811
112	3846400
112	8072218
112	5870909
112	7056241
112	4910770
112	8511380
112	659417
112	6581198
112	8108187
112	6025124
112	2245485
112	207959
112	1984917
112	5812465
112	1823504
112	6157218
112	4995626
112	1029449
112	488025
112	195895
112	4882118
112	3003533
112	4133913
112	4136599
112	5298195
112	6823911
112	3658887
112	4019864
112	5771285
112	4306549
112	6307692
112	3440803
112	950371
112	7623633
112	5184747
112	7700242
112	857657
112	4987737
112	6327734
112	3975895
112	411957
112	7872457
223	1230543
223	4517422
223	120375
223	7458654
223	3915489
223	7737299
223	1761239
223	1756826
223	279599
223	7908871
223	3165048
223	5741187
223	1697794
223	718064
223	6977506
223	525328
223	5891341
223	2538157
223	7776090
223	4885289
223	6357488
351	3081147
351	8916551
351	8615060
351	2587292
351	5622950
351	2529235
351	5579562
351	4140351
351	4211113
351	1773928
351	4888169
351	5827216
351	6165414
351	8614070
351	2091236
351	4925141
351	3333327
351	8239471
351	2444978
351	4251392
351	7458467
351	1914717
351	4638629
351	2629094
351	2281743
351	1637813
351	95658
351	471365
351	2432468
351	5194316
351	2754582
351	3528890
351	8395450
351	2649356
351	6415306
351	8188404
351	1435140
351	3979193
351	8900773
351	1083072
351	3967102
351	2832219
351	110168
351	7574089
351	616457
351	7288382
351	4764175
351	585117
351	3634865
351	892482
351	4755731
351	5229959
351	3947698
351	1922110
351	3071324
351	8383348
351	7044976
351	6781120
351	7941356
351	6762042
351	7506215
351	6044714
351	2093710
351	6913293
351	3274473
351	205561
351	8824685
351	2309884
351	2309391
351	479602
351	6351102
351	7577641
351	782356
351	8636193
351	4609462
351	1759134
351	5192935
351	7939840
351	3021341
351	431141
1400	217013
1400	5960154
1400	2260744
1400	3243030
1400	5449966
1400	6596481
1400	7620285
1400	4189790
1400	659629
1400	8199257
1400	2273416
1400	7688908
1400	5413998
1400	486152
1400	90518
1400	6649507
1400	6747648
1400	1925741
1400	5711217
1400	4024527
1400	7545257
1400	3081528
1400	6419012
1400	5951300
1400	7140822
1400	8611516
1400	6946340
1400	3071921
777	6939712
777	244167
777	2990729
777	1173222
777	8346425
777	2842402
777	3299643
31	7687318
31	6951954
31	135005
31	3672495
31	2789660
31	1753316
31	3292452
31	1317912
31	4645828
31	2718682
31	1191084
31	2511323
31	290577
31	5834763
31	3959714
31	6785922
31	2123338
31	3735918
31	1182526
31	5836904
31	2705119
31	6686751
31	8151209
31	5254934
31	8264830
31	5316418
31	2543690
31	7963562
31	2448653
31	1835866
31	4482841
31	8752160
31	2901277
31	5312979
31	7798660
31	7217678
31	6632909
31	648706
31	4571998
31	3155754
31	2327374
31	6245924
31	7477065
31	7914081
31	7241023
31	534311
31	5141426
31	4776844
31	1299373
31	1269058
31	4391842
31	3365918
31	4178797
31	2439746
31	8234312
31	3525896
31	4432279
31	176248
31	1484806
31	2268439
31	3811024
31	202374
31	3372115
577	2282790
577	7712453
577	6606445
577	5301883
577	5323431
577	8798793
577	6160839
577	2291249
577	4100391
577	2125901
577	7092951
577	1254774
577	7550671
577	7054469
577	3568404
577	5351079
577	2383684
577	7629988
577	7793619
577	1506305
577	447641
1165	3445963
1165	260782
1165	7494153
1165	4420177
1165	7592685
1165	1928910
1165	5600639
1165	6833588
1165	5857146
1165	362975
1165	5957181
1165	2761393
1165	8338691
1165	6653172
1165	8847323
1165	6338966
1165	5270556
1165	5084171
1165	3010837
1165	3774542
1165	4468621
1165	5962905
1165	5690446
1165	111336
1165	8861425
1165	3608314
1165	7265834
1165	5311572
1165	7923838
1165	3505434
1165	7368200
1165	4397272
1165	3123721
1165	4290729
1165	8910374
1165	8875686
1165	3901689
1165	1372556
1165	188608
1165	4788520
1165	682777
1165	1564188
1165	7738590
1165	1538212
1165	317251
1165	7227813
1165	3168237
1165	225730
1165	2237758
1165	4654869
1165	3735248
1165	6361112
1165	8639986
1165	8795546
1165	85552
1165	2848006
1165	6312035
1165	466238
1165	6767165
1165	1980688
1165	8235331
1165	6756284
1165	3823984
1165	1461107
1165	5082228
1165	6113250
1165	3187405
1165	7621831
1165	7790439
1165	6913984
1165	8354212
1165	6809854
1165	8021885
1165	405674
1165	8470865
1165	5914004
17	984480
17	5953550
17	6970682
17	7158868
17	3135160
17	857214
17	7594619
17	8665649
17	5913187
17	2536798
17	1080147
17	8582297
17	8846310
17	3670148
17	5224289
17	1115578
17	344186
17	2468177
17	304787
17	937666
17	4957788
17	974460
17	5199716
17	2556653
17	8921547
1739	7995910
1739	8302475
1739	2247695
1739	44347
1739	5209836
1739	5387468
1739	7299295
1739	4503712
1739	5671772
1739	2851244
1739	2887529
1739	8430765
1739	2726718
1739	5268321
1739	5985193
1739	8407402
1739	6073269
1739	2515106
1739	5388607
1739	7335337
1739	6423798
1739	4781636
1739	8481961
1739	1353396
1739	44427
1739	6404532
1739	7106686
1739	6443166
1739	2989799
1739	1760302
1739	5625437
1739	8929614
1739	1556391
1739	7269605
1739	6959956
1739	4249461
1739	264827
1739	4897223
1739	6357888
1739	2836320
1739	5590733
1739	905519
1739	1004646
1739	8546784
1739	1142874
1739	3992742
1739	3193891
1739	4588368
1739	4790724
1739	5906217
1739	7362081
1739	5507620
1739	954902
1739	1480009
1739	8235211
1739	4598976
1739	3401209
1739	4305935
1739	2728040
1739	2256939
1034	8753403
1034	2207911
1034	8924134
1034	2232505
1034	3285067
1034	732990
1034	6210435
1034	8862424
1034	2410374
1034	3441128
1034	5909990
1034	8702320
1034	3399187
1034	5343853
1034	3018378
1034	6560773
1034	7603206
1034	6070083
1034	4010718
1034	6203827
1034	6361578
1034	6827087
1034	4927199
1034	7361175
1034	6077464
1034	4226163
1034	8412072
1034	2334459
1034	7998736
1034	2322561
1034	8884162
1034	8470103
1034	2959565
1034	7073676
1034	737016
1034	960011
1034	8906363
1034	5596660
1034	5699164
1034	4256249
1034	6170793
1034	4046210
1034	6882551
1034	8871860
1034	3121992
1034	4860807
1034	2413278
1034	4772600
1034	7026058
1034	4297057
1034	5357354
1034	151044
1034	3148943
1034	5411394
1034	898918
1034	6204217
1034	6800972
1034	6453850
1034	5654267
1034	871891
1034	8160979
1034	5944148
1034	3046122
1034	1974217
1034	1548376
1034	5279411
1034	3457013
1034	3427715
1034	8435142
1034	1371632
1034	7195611
1034	6465309
1034	4070439
1034	6519155
1034	1311374
1034	2917842
1034	8315904
530	6423219
530	4609960
530	2997356
530	7519976
530	976303
530	3067917
530	1468708
530	164811
530	222430
530	3804056
530	8219502
530	1129294
530	1207722
530	4725156
530	1153598
530	6163964
530	8748244
530	4823921
530	6732314
530	4409010
530	8172290
530	3588498
530	7101036
530	8068557
530	1787378
530	8125256
530	7537882
530	2352820
530	2632940
530	6777285
530	4475380
530	289921
530	1681504
530	3032985
530	1508316
530	5525968
530	5836816
530	2987730
530	2660635
433	5135195
433	2063855
433	1363807
433	3508694
433	5304300
433	4423112
433	6919324
433	4694466
433	220399
433	7467587
433	3004238
433	110518
433	8760515
433	283792
433	3195525
433	7713973
433	1253445
433	4974783
433	7247167
433	5725705
433	7598900
433	1922490
433	4296359
433	1634733
433	743027
433	6705144
433	1867805
433	3499844
433	7658349
433	8218312
433	3293650
433	7948199
433	3499366
433	3914915
433	6103373
433	4083510
433	3816744
433	3720539
433	5220627
433	4257906
433	1153456
433	6705614
433	4190915
433	3297149
433	2610347
433	2637085
433	6515220
433	4347503
433	1895252
433	4065585
433	2413565
433	3755329
433	8207092
433	1169492
433	3348025
433	5875569
433	5183081
433	5073595
433	5177543
433	2768011
433	216403
433	3479235
433	1245488
433	6615618
433	1504389
433	1416342
433	490145
433	352171
433	8767101
433	1759598
433	1044107
433	3703524
433	8366416
433	8047861
433	6539526
433	4161004
433	2038570
799	3579092
799	3600092
799	466024
799	1637997
799	1549197
799	2477610
799	1431778
799	5956624
799	6362603
799	3892923
799	2347528
799	7577659
799	7582430
799	2780156
799	5946060
799	7660791
799	5373906
799	8849202
799	5659419
799	869333
799	8702508
799	3701415
799	5396927
799	4310056
799	3912258
799	8771489
799	3747938
799	3205846
799	4187378
799	5123026
1459	815206
1459	3757626
1459	4822617
1459	5548749
1459	7262396
1459	5182855
1459	7064996
1459	2109507
1459	4347925
1459	323322
1459	1266277
1459	6355824
1459	2534311
1459	8771968
1459	7623529
1459	6735168
1459	355930
1459	4266375
1459	3323778
1459	1659796
1459	1711704
1459	802310
1459	1677781
1459	3130116
1459	7427502
1459	724170
1459	6896100
1459	5925282
1459	1210143
1459	5589106
1459	7025957
1459	8152783
1459	8172603
1459	1706372
1459	6760809
1459	2020136
1459	7108116
1459	8467107
1459	8393449
1459	8191677
1459	700559
1459	5061441
1459	7272300
1459	6634497
1459	6006620
1459	8782772
1459	8522739
1459	2450616
1459	1442130
1459	8342662
1459	344381
1459	6519235
1459	3415666
1459	7635017
1459	4363549
1071	1572234
1071	7094013
1071	3195711
1071	8775972
1071	8423689
1071	8406617
1071	6972830
1071	3215250
1071	3701311
1071	298304
1071	1774534
1071	6032205
1071	4373244
1071	4488130
1071	2271344
1071	3386753
1071	7379525
1071	4874979
1071	2987412
1071	1260323
1071	7918532
1071	7368464
1071	5918429
1071	4739035
1071	6239472
1071	1000002
1071	6334715
1071	1032676
1071	1391108
1071	6699631
1071	972468
1071	5956575
1071	8127881
1071	4226533
1071	8472764
1071	3574483
1071	7661644
1071	3678315
400	8831916
400	2039009
400	3317240
400	2033217
400	7752484
400	5358325
400	1981542
400	3990601
400	1479890
400	3772108
400	7247845
400	2089960
400	4234637
400	6536462
400	1639766
400	5822156
400	3438009
1371	2087316
1371	7443560
1371	1838862
1371	4668497
1371	3470347
1371	581626
1371	790600
1371	6910855
1371	4137850
1371	1928844
1371	5746823
1371	472164
1371	7175816
1371	5955459
1371	1883370
1371	3257253
1371	5510413
1371	7242260
1371	5268591
1371	5552139
1371	1157869
1371	4849793
1371	4408754
1371	4216354
1371	1439486
1371	6001882
1371	8616361
1371	2085249
1371	4251804
1371	6631176
1371	8751833
1371	4461629
1371	6566369
1371	4270610
1371	1382668
1371	525731
1371	4102478
1371	6575661
1371	8132331
1371	8894126
1371	6450678
1371	5045229
1371	149054
1371	5199812
1371	6017443
1371	7950368
1371	6552229
1371	8026247
1371	3811649
1371	2116241
1371	6483510
378	2504203
378	5542095
378	8452279
378	8645274
378	2654216
378	1906269
378	3103639
378	6950432
378	6763731
378	2033953
378	7202309
378	5409889
378	2619192
378	3733930
378	1601613
378	1628218
378	2015211
378	3875606
378	1471089
378	3931416
378	1145209
378	5078966
378	6927862
378	5839792
378	6414292
378	3111660
378	1214390
378	2302169
515	7573998
515	5101394
515	560704
515	5652446
515	6844467
515	4684528
515	1340145
515	1419825
515	7331267
515	5933556
515	473693
515	7536554
515	4530036
515	5325623
515	1780863
515	4450770
515	6489896
515	1331592
515	4603046
515	6079487
515	1530135
515	7354144
515	6392900
515	3520935
515	6534386
515	2359412
515	6659561
515	3218782
515	5641261
515	3350503
515	1083794
515	3025802
515	123464
515	930422
515	6674971
515	1307881
515	1947105
515	3284492
515	5755101
515	8560761
515	3998582
515	7767266
515	8698417
515	389218
515	5963784
515	5216276
515	3728198
515	5623274
515	3566213
515	5543173
515	6756302
515	414477
515	550226
515	3647996
515	1552498
515	8438432
515	5335057
515	7560133
515	8640952
515	6916311
515	4186979
515	6957747
515	3436010
515	7114236
515	4246477
515	2256138
515	7824682
515	2571800
515	4098773
515	6286909
515	8884613
515	6285596
515	1218419
515	4221834
515	2118291
326	2419380
326	1494967
326	1533952
326	1767894
326	7042241
326	652872
326	8285461
326	737828
326	1200004
326	2037629
326	300364
326	2714505
326	6742419
326	3201067
326	508951
326	5525703
326	3828190
326	6055207
326	434949
326	4739727
326	144691
326	7753336
326	8527744
326	41329
326	7537026
326	6802781
326	2697655
326	7498218
326	677034
326	2390272
326	7659687
326	3993763
326	6698135
326	3357179
326	4442847
326	7024010
326	1325874
326	2165176
326	6408840
326	590400
326	2447927
326	1410323
326	5752915
326	1557161
326	2866690
326	4783025
326	6222101
326	7471566
326	4556127
326	3244381
326	1512846
326	305302
326	1714735
326	6154844
326	2369910
326	7873257
326	2175024
326	362634
326	1749651
326	3033833
326	4691540
326	1684558
326	8733707
326	5253725
326	2244542
326	3027391
326	7581196
326	7720621
326	1628203
326	3210307
326	6247369
326	7972022
326	3742016
1043	4678126
1043	418441
1043	408127
1043	244731
1043	6976001
1043	1091267
1043	2516237
1043	6260649
1043	6477340
1043	1069410
1043	6869672
1043	750552
1043	6288574
1043	5348918
1043	2133800
1043	4394388
1043	4022450
1043	3441209
1043	1857597
1043	679745
1043	2009371
1043	8561811
1043	1276435
1043	7070558
1043	1464711
1043	2207153
1043	7759347
1043	8711891
1043	6892909
1043	2369362
1043	8772604
1043	4420760
1043	4521202
1043	7860815
1043	5875274
1043	3336878
1043	2871595
1043	2722607
1043	4859436
1043	3489389
1043	7730105
1043	7680048
1043	1687566
1043	7698735
1043	1526886
1043	7030588
1043	4486238
1043	2729464
1043	635348
1043	6154456
1043	6767429
1043	6211488
1043	5887009
1043	5716748
1043	742759
1043	5552391
1043	2555171
1043	5678191
1043	2352708
1043	6286313
1043	5535289
1043	721042
1043	1482738
1043	2179454
1043	7102888
1043	2995452
1043	4501486
1043	680953
1043	2559092
1043	504502
1043	8617151
1493	1563127
1493	677569
1493	853325
1493	2276670
1493	2186651
1493	4801991
1493	4108279
1493	1062586
1493	3336276
1493	1926556
1493	2982655
1493	7756441
1493	551499
1493	4269719
1493	2627152
1493	3782104
1493	633107
1493	253640
1493	8194846
1493	8533173
1493	1882192
1493	4033083
1493	942189
1493	4424181
1493	8331472
1493	1945177
1493	4359713
1493	4521059
1493	975423
1493	6016816
1493	7149159
1493	5809297
1493	2812539
1493	5685777
1493	6069540
1493	5512423
1493	3917890
1493	1556580
1493	3260182
1493	1201106
1493	441942
1493	7852354
1493	3578709
1493	7531762
1493	376329
1493	4786235
1493	3166164
1493	4964732
1493	5578036
1493	667991
1493	3435924
1493	1101483
1493	2578181
1493	4846181
1493	5423235
1493	8464880
1493	6586896
1493	4794197
1493	3428806
1493	8045055
1493	6740803
1493	3840509
1493	2487930
1493	8304261
1493	6051844
1493	5225362
1493	1280602
1493	5993235
1493	5351331
1493	4892425
1493	1438811
1493	3342738
1493	8651524
1493	6538672
1493	518606
519	1212934
519	1123506
519	6671051
519	6120672
519	1835375
519	3276085
519	5940892
519	5515995
519	5063048
519	1489807
519	4957650
519	171480
52	7461219
52	1772875
52	3725261
52	853769
52	8010618
52	5676583
52	2766870
52	248831
52	1992516
52	4074581
52	4675320
52	2224906
52	8706067
52	848844
52	3964140
52	5542504
52	8532131
52	3078655
52	24420
52	4194165
52	7101097
52	500503
52	5840817
52	8141547
52	4662403
52	4432214
52	1449404
52	4618049
52	7274823
52	5141014
52	3437856
52	1259896
52	6753924
52	8336750
52	8086157
52	2778396
52	5604480
52	8452011
52	6384324
52	4698758
52	8380940
52	8604329
52	4547834
52	8812243
52	7232357
52	6550037
52	3953560
52	3856792
52	665679
52	7543442
52	7003028
52	5588442
52	6820605
52	7859044
52	2277657
52	3961167
52	8321770
52	3677224
52	4621621
52	6483257
52	6817369
52	6820875
52	1378192
52	5093810
52	2796984
52	6094033
101	524654
101	6646492
101	6100046
101	1145831
101	6696463
101	4145193
101	8597540
101	3585237
101	8165482
101	3971408
101	980981
101	2654145
101	5578544
101	7698152
101	2155222
101	5090722
101	1076910
101	378285
101	650380
101	7126765
101	440526
101	2351422
101	4794820
101	7499827
101	2694212
101	3011383
101	5665954
101	7708867
101	2181737
101	1241201
101	4241511
101	4978440
101	3133317
101	2546076
101	1766299
101	5746698
101	4707345
101	3124856
101	8513187
101	8251999
101	8127973
101	1825164
101	1595171
101	106415
101	471846
101	938335
101	2179052
101	5066941
101	4722414
101	4716142
101	7197097
101	4470019
101	5047273
101	2089137
101	1609830
101	586280
101	916346
101	1673794
101	409329
101	3059602
101	3411853
101	5548640
101	357007
101	1747313
101	4330004
101	5725985
101	5677754
101	1765956
101	4921630
101	588396
101	2087125
33	2326723
33	4488866
33	2377098
33	1668736
33	6103951
33	4398414
33	8514290
33	7808434
33	7840735
33	5198551
33	6465396
33	8349527
33	2298246
33	1555080
33	8803756
33	8252741
33	1595753
33	7643313
33	5094379
33	6741771
33	7147820
33	7877156
33	5920554
33	3338379
33	3131016
33	6116766
33	732833
33	1399478
33	2846290
33	6665384
33	3307514
33	6252120
33	2539267
33	8239395
33	3176881
33	6559989
33	5982346
33	2668280
33	1011557
33	1770653
33	3912120
33	3777070
33	4275425
33	4687926
33	4464639
33	4251699
33	5471232
33	8518729
33	6081796
33	3298135
33	7998023
33	4820759
33	8050588
33	6846014
33	4782049
33	2934340
33	4284481
33	6046610
33	960551
33	2163160
33	8584030
33	369180
33	3639672
33	5292644
33	2757166
33	7819372
33	7586296
33	735163
608	2951832
608	4021567
608	4207895
608	3540497
608	2984878
608	8114916
608	4854278
608	8063591
608	5919563
608	6931810
608	7233747
608	4710858
608	3708994
608	608760
608	6504904
608	1558608
608	5919438
608	4627210
608	6993684
608	2321095
608	7268322
608	733942
608	7259422
608	5677656
608	4562910
608	1692920
608	2764822
608	97317
608	6113582
608	1852893
608	7054126
608	7403263
608	8548183
608	2744501
608	5085096
608	8776188
608	4112542
608	1717458
608	5587173
608	7780858
608	4574775
608	4261501
608	3578443
608	8531028
608	3578773
608	6086940
608	673511
608	2385126
608	622791
608	4333446
608	1280514
608	7211539
608	5898039
608	3330309
608	6851458
608	8644207
608	5706218
608	8465218
608	446288
608	2927373
608	5134801
608	3967578
608	661708
608	8348213
608	7782952
608	7341121
608	8741125
608	5143693
608	1590044
608	4378644
608	4783049
608	8670745
608	8311209
608	3479723
608	4565996
608	4259431
819	6537084
507	7074803
507	5629403
507	7843459
507	5808153
507	171778
507	1657196
507	4407245
507	6486741
507	4151575
507	660870
507	148531
507	1228879
507	8150789
507	2008352
507	3734851
507	7267859
507	3088227
507	2549746
507	3088714
507	8070022
507	973930
507	3822629
507	8331271
507	824693
507	884550
507	3195519
507	6547946
507	2121727
507	959011
507	2961523
507	3529384
507	4299026
507	6709355
507	5397036
507	7013355
507	2307671
507	8056899
507	4697610
507	3610208
507	6075059
507	7692865
507	7952993
507	8774756
507	8271740
507	6942347
507	790684
507	7034215
507	5807184
507	4685311
507	820933
507	7643257
517	8087634
517	8206776
517	8250379
517	4245149
517	8317654
517	3624279
517	7846036
517	5516314
517	6369714
517	6666193
517	7613814
517	6580900
517	4798778
517	5352732
517	5374418
517	3747121
517	7347885
517	2845451
517	7980091
517	5754979
517	3782977
517	5217462
517	8092857
517	97345
517	6187635
517	5395140
517	4740024
517	6128564
517	4454174
517	4700234
517	3430340
517	3044362
517	8135799
517	2976604
517	6870944
517	5471795
517	545495
517	7577415
517	2914564
517	4156270
517	2627944
517	8227909
517	6099694
517	4052916
517	7650807
517	8619840
517	2161655
517	8648958
517	1623980
517	6025273
517	8710187
517	8487871
517	1953334
517	7257393
517	8869900
517	3613712
517	6520535
517	5210149
517	3350058
517	4667775
517	3411130
517	7045280
517	1637956
517	1875187
517	8164104
517	2129436
517	945626
205	4484405
205	8324095
205	2540355
205	6812937
205	6324645
205	2454805
205	5844940
205	669352
205	8919650
205	6679763
205	2407315
205	680927
205	5401966
205	7476823
205	4798799
205	1654024
205	734150
205	5058433
205	8222112
205	8705519
205	6854122
205	1317897
205	8891613
205	3634208
205	3173315
205	7832525
205	2091432
205	1875496
205	2888419
205	5267538
205	982959
205	5563138
205	6668356
205	8229794
205	6822621
1450	3073188
1450	4573447
1450	5025120
1450	5792629
1450	5855182
1450	3168101
1450	6832511
1450	5471506
1450	631012
1450	6579448
1450	1805859
1450	8489884
1450	7147243
1450	5877057
1450	61028
1450	3938125
1450	68814
1450	2115560
1450	8335427
1450	4001643
1450	7301189
1450	2202976
1450	3663176
1450	6158248
1450	7622417
1450	7119071
1450	8329001
1450	3713805
1450	4213728
1450	352623
1450	3437541
1450	3554749
1450	3333777
1450	2077823
1450	8772730
1450	1523046
1450	7927877
1450	3064494
1450	7824967
1450	5830522
1450	7266082
1450	4677431
1450	8002643
1450	2317799
1450	8561232
1450	3684870
1450	1539587
1450	2721482
1450	7901080
1450	2367086
1450	5712391
1450	1535837
1450	4568236
1450	4560588
1450	4213894
1450	3401422
615	5375907
615	1952300
615	1423416
615	7107330
615	3618967
615	2697927
615	4022631
615	394146
615	4389003
615	699484
615	8475601
615	262692
615	4657808
615	7619915
615	145361
615	4212714
615	6993009
615	7699692
615	7014106
615	2604385
615	228701
615	1100932
615	6373848
615	7772329
615	7662912
615	1624807
615	3628998
615	1915288
615	3628584
615	8738649
615	751983
615	1020053
327	8632526
327	5086396
327	2116023
327	2204567
327	2980495
327	8279956
327	7783342
327	7784244
327	1928124
327	723226
327	5297898
327	5341764
327	5376505
327	3249256
327	7440820
327	5177547
327	2607001
327	6292234
327	1087929
327	8176639
327	3365045
327	5956036
327	5474869
327	2808926
327	1435220
327	5943208
327	5078254
327	1307578
327	8312100
327	5950415
327	5141890
327	4419727
327	1012801
327	6068375
327	6321241
327	8784850
327	6929478
327	8132213
327	2380256
327	4595624
327	8651529
327	5738840
327	583690
327	1646588
327	6564786
327	8157540
327	6104087
327	4884443
327	407608
327	635303
327	7041994
327	3100675
327	3309156
327	2556690
327	7556316
327	626037
327	5555316
327	995530
327	4864318
327	3146843
327	6382957
327	6994417
327	603238
327	8663837
327	4439508
327	828072
327	5056570
327	6904378
1074	8852054
1074	753278
1074	8928950
1074	1925409
1074	2796781
1074	5653915
1074	6258004
1074	6812751
1074	1637968
1074	6882463
1074	7439811
1074	4027616
1074	2517177
1074	6127010
1074	5869320
1074	1104860
1074	788770
1074	6323253
1074	2432376
1074	6143124
1074	1011438
1074	8791045
1074	2167839
1074	1369064
1074	2971994
1074	3868810
1074	5406300
1074	7929538
1074	2774958
1074	4046259
1716	4581169
1716	1015036
1716	8209176
1716	4842507
1716	1011260
1716	7907432
1716	1142610
1716	2829045
1716	5246794
1716	7276829
1716	2942984
1716	7071289
1716	6925368
1716	6314584
1716	2512015
1716	3509102
1716	7595606
1716	6757006
1716	313099
1716	249207
1716	1479930
1716	1962473
1716	5906572
1716	364179
1716	10936
1716	2947749
1716	1586437
1716	5990440
1716	1460983
1716	8195443
1716	1078421
1716	4983791
1716	8570884
1716	6230099
1716	8826337
1716	7426536
1716	1926044
1716	7033958
1716	4992588
1716	4283245
1716	4935658
1716	326341
1716	6444181
1716	4641299
1716	8195345
1716	7739958
1716	8359625
1716	6508838
1716	3830273
1716	1723687
974	7456324
974	1990874
974	7432419
974	1142640
974	7084283
974	4670653
974	2547139
974	8864816
974	674442
974	3131574
974	744759
974	3999995
974	5596813
974	7262778
974	2010265
974	6614640
974	8838235
974	8910400
974	7741594
974	2928489
974	1061090
974	1842543
974	6708957
974	21741
974	7098635
974	3559928
974	6853125
974	161794
974	4439672
974	919394
974	3075122
974	127109
974	6013944
974	5933465
974	8128231
974	1328250
974	4347477
974	6710139
974	6608209
974	4011685
974	1412461
974	6175652
974	8231565
974	6458901
974	7716044
974	3534753
974	5666660
974	2468501
974	5199543
974	8329486
974	2806380
974	5097712
974	4330926
974	254835
974	2062790
974	3945840
974	2263834
974	5609286
974	961319
974	5168217
974	838534
974	5631032
974	8579977
974	4572999
974	5790438
974	3761306
974	1425191
974	2783561
974	1673166
974	1371299
974	1266569
974	5166027
974	5134977
974	7251398
974	3305299
974	7543073
974	8498065
1361	8120039
1361	4983557
1361	8168109
1361	1280075
1361	8893982
1361	1933274
1361	4310382
1361	7165336
1361	4299929
1361	27782
1361	6638066
1361	743673
1361	2545185
1361	2038252
1361	1731149
1361	2243185
1361	5473414
1361	6160068
1361	1143563
1361	6279064
1361	7034000
1361	2521657
1361	3788424
1361	1873962
1361	3860954
1361	4309281
1361	3901623
1361	8151766
1361	5346655
1361	7216063
1361	832241
1361	3363099
1361	5386298
1361	918378
1361	5471016
1361	4750399
1361	929444
1361	5303641
1361	7492377
1361	2301436
1361	6555001
1361	6446381
1361	4176298
1361	6166722
1361	3144952
1361	3696872
1361	5699283
1361	1575132
1361	3300787
1361	6826133
1361	3629872
1361	8398783
1361	3928953
1361	4838468
1361	3240834
1361	5470361
1361	924585
1361	736361
1361	8726045
1361	2014603
1361	7026892
1361	4412531
1361	7405074
1361	1203482
1361	7904795
1361	6229825
1361	6130987
1361	460844
1361	1206152
1361	3119388
440	728150
440	2581291
440	3455747
440	935302
440	7854621
440	3799026
440	3897957
440	123773
440	698852
440	2729793
440	8523411
440	5771100
440	2246223
440	5429292
440	4909265
440	1295684
440	902472
440	961007
440	1702508
440	8491760
440	2690870
440	8740914
440	6146363
440	955254
440	264830
440	4201483
440	5444868
440	829236
440	5351715
440	1944053
440	6959695
440	5066035
440	6682333
440	2205588
440	8236491
440	7704394
440	2753086
440	248732
440	664819
440	3038355
440	2546688
440	2061421
440	1136404
440	2268764
440	3870138
440	6590077
440	3117199
440	4727690
1140	1183636
1140	8077782
1140	6853912
1140	6410830
88	2370835
88	6770638
88	1812623
88	5744382
88	197332
88	4536640
88	7564835
88	8175370
88	1571813
88	1304159
88	5176120
88	3472286
88	4779443
88	5860035
88	2866575
88	7540520
88	3949769
88	3614035
88	1684411
88	8190898
88	8628385
88	797167
88	4796772
88	3262108
88	8094904
88	3164862
88	2499837
88	818255
88	2647946
88	3923020
88	4884310
88	954329
88	1650878
88	1366135
88	118091
88	8349421
88	4779466
88	3153908
88	1759611
88	8545707
88	2826669
88	4123919
88	4910450
88	5764910
88	6840076
88	1752062
88	1732762
88	4947110
88	8815358
88	45714
88	6162117
88	5113294
88	5757201
88	3932970
88	5367156
88	5849471
88	1138245
88	1163158
88	2195745
88	2593314
88	5550523
88	3049274
88	1830870
88	8694217
88	4023960
88	835298
88	7243188
88	1196460
88	6412282
88	3426015
88	3288437
88	6949406
88	8555130
88	6712429
88	349992
88	4090872
88	3657248
88	2876432
705	7935256
705	8746289
705	6910378
705	6440783
705	5439220
1342	7413098
1342	1619216
1342	1883069
1342	2599524
1342	4363835
1342	867919
1342	2450046
1342	1398840
1342	8899661
1342	422697
1342	2722947
1342	7602914
1342	2558144
1342	2193703
1342	3637197
1342	5680803
1342	883986
1342	898947
1342	3217541
1342	5057655
1342	154305
1342	5894135
1342	7735979
1342	423320
1342	3328593
1342	6567128
1342	7196827
1342	5910946
1387	7692992
1387	8292829
1387	1161219
1387	7042405
1387	1035555
1387	693758
1387	7143985
1387	6225860
1387	5047519
1387	8923078
1387	6767964
1387	4303047
1387	6297624
1387	7752925
1387	2125365
1387	1491954
1387	3314919
1387	853755
1387	1016687
1387	754428
1387	6935102
1387	3836484
1387	5349622
1387	5431746
424	6873789
424	7519669
424	4758597
424	3879956
424	1927126
424	5401853
424	314628
424	4005209
424	8817421
424	3277793
424	3833420
424	8139867
424	7344068
424	2707184
424	7538406
424	4341197
424	8553418
424	1823213
424	7857010
424	3913745
424	8827287
424	456028
424	2942769
424	1633491
424	8872153
424	5747136
424	1071280
424	6531702
424	3440347
424	1748445
424	8340083
424	4172003
424	324206
424	3704029
424	7026683
424	1514227
424	293866
424	6994185
424	2864446
424	3090207
424	7700339
424	2239821
424	2585381
424	1727698
424	7391516
424	5745547
424	7180296
424	2785578
424	5779836
424	6819363
424	4184809
424	4652325
424	6816947
424	8371122
424	871489
424	8508713
424	1114335
424	5992759
424	1428757
424	2033430
424	4729863
424	1122797
424	3673170
424	6196001
424	7373639
424	5288097
424	4412878
424	6085903
424	355192
424	7704305
1417	8367029
1417	1241312
1417	326365
1417	1888316
1417	1539795
1417	6833516
1417	3873414
1417	3798983
1417	7503649
1417	5277982
1417	1416990
1417	2667272
1417	8601565
1417	1410063
1417	4843978
1417	6771773
1417	3139994
1417	1764437
1417	4737249
1417	7799133
1417	4314032
1417	831830
1417	2325523
1417	453309
1417	738076
1417	920742
1417	7680622
1417	2153169
1417	8187803
1417	773427
1417	6239585
1417	5704933
1417	8644868
1417	7808986
1417	3210629
1417	5416845
1417	5994235
1417	1987511
1417	5605927
1417	963899
106	3547809
106	6269542
106	1448374
106	8193334
106	801277
106	8136143
106	7046197
106	3810714
106	3695031
106	2592597
106	5512265
106	6321277
106	2409967
106	5266057
106	3474112
106	1415915
106	1181323
106	3783870
106	1307528
106	6253800
106	7317153
106	8235951
106	1863993
106	5629803
106	8009882
106	6790609
106	7599114
106	5254478
106	6732097
106	1622387
106	4372775
106	2383799
106	5751621
106	4941165
106	1925169
106	8530902
106	358222
106	2296197
106	7132432
106	3813882
106	3368022
106	3500096
106	6173951
106	1485428
106	2244000
106	6243318
106	5619856
106	7877669
106	1146436
106	2056131
106	6828575
106	8617581
106	3192012
106	633828
106	8761559
106	1641508
106	7258493
106	3153028
106	2417814
106	4123184
106	8809874
106	436293
1160	1658642
1160	7597031
1160	8845666
1160	629919
1160	8473569
1160	2304629
1160	4697339
1160	7281218
1160	762157
1160	2585966
1160	3904225
1160	1983293
1160	2474027
1160	287207
1160	7877746
1160	7845097
1160	376695
1160	5363616
1160	1754982
1160	3609351
1160	7813032
1160	520097
1160	4332417
1160	2227204
1160	6665547
1160	2740689
1160	2034630
1160	8532098
1160	268835
1160	4018414
1160	4363185
1160	4962078
1160	2093954
1160	7771951
1160	2072244
1160	6830266
1160	6002817
1160	7210432
1160	7377715
1160	2282736
1160	2898498
1160	6110343
1160	777867
1160	5951206
1160	5979549
1160	6409605
1160	4991440
1160	2257922
1160	5514327
1160	3020676
1160	799930
1160	2251682
1160	493684
1160	1451786
1160	8094101
1160	414686
1160	5365061
1160	8615289
1160	13542
1160	1610027
1160	6745598
1160	3969593
1160	345161
1160	7771053
1160	1993302
1160	8162222
1160	8214343
1160	3943780
1160	1122827
1160	2770163
1160	2177154
1160	4972039
1160	7563214
1160	5617863
1160	6876771
438	813898
438	1244533
438	4655932
438	8642136
438	884865
438	8857758
438	5721053
438	502812
438	5419170
438	7642893
438	2375315
438	6145160
438	5667646
438	6636206
438	330310
438	5702768
438	8819053
438	2447453
438	3662467
438	629804
438	4338514
438	8112425
438	2669948
438	2780504
438	238443
438	4168131
438	7317139
438	806634
438	2588545
438	5856756
438	8083981
438	229131
438	1660363
438	6647879
438	2885502
438	7567841
438	8742733
438	331479
438	6389055
438	7820036
622	6613779
622	3823751
1127	2503488
1127	5726427
1127	8340048
1127	1632321
1127	3013802
1127	3084025
1127	618585
1127	1225333
1127	3276634
1127	5554669
1127	6815478
1127	8718295
1127	294789
1127	6194027
1127	6462892
1127	7154715
1127	4899968
1127	8738732
1127	2885988
1127	8727192
1127	5780431
1127	455660
1127	7954058
1127	5373658
1127	6667375
1127	4128546
1127	2567043
1127	6794082
1127	1903234
1127	895642
1127	1917729
531	986727
531	3382802
531	2553485
531	5112335
531	2016969
531	8379175
531	3720167
89	4083242
89	7434715
89	3941292
89	4578412
89	651088
89	3287372
89	3138029
89	2108776
89	5576580
89	6957797
89	4528837
89	7174008
89	5326681
89	2662875
89	4679678
89	5187821
89	2185970
89	4621862
89	5144958
89	6859737
89	4177974
89	5880148
89	6658505
89	8066763
89	6245783
89	1112167
89	1865096
89	8332870
89	1566755
89	1787143
89	5052717
89	3318735
89	5613938
89	2559451
89	856777
89	85744
89	4285190
89	3853404
89	6869588
89	205404
89	4455589
89	2315688
89	6690915
89	4672599
89	5452073
89	8331350
89	6251502
89	8635322
89	2416440
89	4573397
89	5968030
89	5984969
89	5758355
89	5800013
89	6184863
89	3079495
89	2969159
89	7165365
89	6911937
89	1195755
465	3081349
465	6596117
465	6628331
465	2795726
465	5615128
465	790463
465	1632767
465	5713424
465	65317
465	8226391
465	7435903
465	3527540
465	8064767
465	837306
465	1952185
465	970694
465	5924951
465	2642614
465	7590537
465	3963134
465	6897569
465	964050
465	6733571
465	7158935
465	3807273
1396	2485143
1396	4374682
1396	4170466
1396	3400020
1396	2418847
1396	2767988
1396	6049741
1396	7034614
1396	4179903
1396	8410436
1396	1530557
1396	8331717
1396	8468245
1396	5187490
1396	1216532
1396	6032428
1396	2931349
1232	2436939
1232	6870751
1232	3789677
1232	3221738
1232	6501768
1232	7282027
1232	5816678
1232	8293751
1232	8109253
1232	1133609
1232	272763
1232	5056419
1232	5998452
1232	7370389
1232	5608936
1232	1546452
1232	4794934
1232	5290826
857	7433515
857	5945830
857	5170073
857	2597897
857	6915953
857	7905920
857	2230131
857	794032
857	5392407
857	5531029
857	862827
857	7709031
857	3479757
857	550368
857	606312
857	627041
857	305971
857	8514143
857	2499250
857	8506117
857	4219097
857	178758
857	720342
857	5460375
857	8259495
857	6254875
857	5523656
857	1835083
857	2500624
857	2581459
857	7305876
857	2622786
857	675701
857	6950309
857	6200973
857	327727
857	3723573
857	491975
857	7152151
857	7257305
857	8391910
857	3923288
857	6889623
857	4984617
857	2870106
857	215498
857	3795796
213	6955817
213	1818625
213	2851495
213	3538905
213	4017052
213	204456
213	301711
213	4537367
213	4446989
213	6491828
213	1209095
213	6447864
213	5681584
213	537160
213	3967497
213	1740657
213	3774033
213	5717711
213	1691482
213	6144494
213	7949119
213	551075
213	4926037
213	394872
213	2362925
213	6246379
213	7110226
213	1387831
213	6754498
213	7177738
213	4425214
213	699251
213	1676869
1646	2224184
1646	5712873
1646	4706017
1646	735861
1646	6625615
1646	2877655
1646	4596724
1646	5932017
1646	7669632
1646	1559053
1646	3876824
1646	2861495
1646	811282
1646	7034059
1646	6448005
1646	3544438
1646	4197770
1646	7372671
1646	5075911
1646	6312211
1646	2933074
1646	3711514
1646	7957016
1646	4851423
1646	7825330
1646	1370511
1646	3470030
1646	1929873
1646	2798856
1646	1768274
1646	1405682
1646	208461
1646	620908
1646	8207263
1646	55968
1646	7089902
1646	6022007
1646	8700222
1646	3113314
1646	6649777
1646	8707619
1646	3067622
1646	7717012
1646	5876429
1646	8398497
1646	7840887
1646	6428378
1646	3280345
1646	361881
1646	1090113
1646	2783556
1646	2399412
1646	6728077
1646	2242797
1646	2633753
1646	4690542
1646	7035883
1646	7665995
1646	8009860
1646	2297187
1646	1949375
1646	5140545
1646	2855637
1646	1770075
1646	2270140
1646	5328205
1646	6343867
1646	2546004
1646	6245794
1646	7288499
1646	8505059
1646	6963041
1646	4701937
1646	1416767
1646	3933875
1646	3051553
1646	6998163
1646	3481362
1646	2943176
1662	1903555
1662	799969
1662	8783317
1662	5357299
1662	3175129
1662	5293385
1662	8201026
1662	3137483
1662	4731221
1662	5045174
1662	5936234
1662	6438704
1662	3172290
1662	1761768
1662	6916249
1662	3699016
1662	577712
1662	3751952
1662	371951
1662	7470705
1662	4096180
1662	6660372
1662	1704927
1662	3473536
1662	4626702
1662	8901948
620	2138789
620	4372436
620	3537542
620	2324736
620	3134160
620	3550117
620	398184
620	7352538
620	5813742
620	457484
620	8567257
620	3120442
620	5950250
620	3959218
620	5225645
620	3983138
620	2043123
620	3152943
620	7074537
620	6526351
620	3422988
620	5085577
620	6850779
620	46039
620	4942878
620	6592317
620	7758038
620	448500
620	7734009
620	8411975
620	1687886
620	8839862
620	1554014
171	1843248
171	5388921
171	4774765
171	6037668
171	4354580
171	1352268
171	5593735
171	4515539
171	5954352
171	395986
171	8642525
171	4856436
171	5949209
171	8668084
294	2859987
294	4866768
294	8123135
294	4495900
294	2706078
294	8831427
294	4567360
294	7011096
294	6088554
294	8417124
294	3740353
294	4729462
294	868476
294	4039223
294	4919272
294	2722646
294	6274314
294	7020919
294	5609658
294	4525002
294	1109199
294	1350117
294	2147317
294	1632223
294	7553688
294	6339103
294	1604959
294	6991900
294	5886853
294	3962401
294	5714994
294	4235802
294	3030020
294	4574603
294	5531181
294	3399568
294	3590277
1300	3364117
1300	102824
1300	6385412
1300	4623054
1300	6068240
1300	8202300
1300	3893463
1300	4818206
1300	8555825
1300	7313045
1300	6508776
1300	5259372
1300	2904902
1300	4632486
1300	1588972
1300	5199122
1300	7869500
1300	8380849
1300	6770801
1300	3255456
1300	6600218
1300	648823
1300	8326239
1300	1286065
1300	1121217
1300	8309821
1300	2777224
1300	7736588
1300	7414363
1300	5514064
1300	103483
1300	3474694
1300	4386856
1300	829752
1300	536186
1300	7273957
1300	5683377
1300	5385289
1300	1343696
1300	2279441
1300	2970342
1300	2410843
1300	6645743
1300	6989132
1300	7652884
1300	808905
1300	6652800
1293	7072480
1293	7395112
1293	5596291
1293	6954571
1293	1449393
1293	4839734
1293	3960579
1293	5093559
1293	3051124
1293	3891001
1293	4513354
1293	4870263
1293	2991617
1293	5429914
1293	818805
1293	8903438
1293	195189
1293	8819593
1293	1959142
1293	8773404
1293	7589156
1293	6687094
1293	2245990
1293	4135218
1293	5094121
1293	3015221
1293	1920527
1293	782228
1293	8736334
1293	2924352
1293	1382485
1293	2070630
1293	7367501
1293	1720528
1293	8375122
1293	3473864
1293	1495436
1293	7777591
1293	5919044
1293	3342767
1293	206918
1293	5951736
1293	6616664
1293	986545
1293	306615
1293	6959687
1293	4219387
1293	4100163
1293	8273347
1293	4567282
1293	408218
1293	1857382
1293	6243213
1293	5368344
1293	1736880
1293	4517442
1293	7115942
1293	5335549
1293	4177046
1293	4482704
1293	5684844
1293	1471408
1293	4177418
1293	4555638
1293	5961488
1293	2168237
1293	3099057
1293	5511320
1293	5241424
1293	2495097
1293	8597646
1293	8747436
1293	2162008
1293	6549061
1293	151381
1297	6579464
1297	7984320
1297	8673116
1297	3328563
1297	7542039
1297	7722005
1297	947476
1297	5662281
1297	309225
1297	5872061
1297	6331664
1297	835135
1297	8701232
1297	2946620
1297	1481649
1297	943844
1297	6023361
1297	3937280
1297	1860031
1297	1084069
1297	5319443
1297	5765949
1297	2334355
1297	7634733
1297	8716866
1297	3217739
1297	2893680
1297	4512181
1297	4970974
1297	5552423
1297	5462730
1297	441652
1297	5293445
1297	4578521
1297	8371888
1297	5083340
1297	7661992
1297	3745785
1297	1981400
1297	1019388
1297	1812106
1297	7392184
1297	5095077
1297	7944825
1562	8552186
1562	4779017
1562	2812694
1562	4702299
1562	3848759
1562	8444050
1562	8634004
1562	1067568
1562	7430813
1562	1712679
1562	465286
1562	8551491
1562	4976967
1562	16251
1562	2155419
1562	8741895
1562	7012862
1562	1939320
1562	3048523
1562	626978
1562	1438662
1562	4254014
1562	7001864
1562	4390937
1562	6115777
1562	3039217
1562	7734348
1562	1972067
1562	1467050
1562	5951864
1562	5188044
1562	2410646
1562	2754767
1562	713954
1562	4074970
1562	8719484
1562	3246491
1562	5250544
520	1342003
520	3279547
520	5619379
520	8462938
520	8057365
520	4229010
520	282018
520	6364068
520	992585
520	8630661
520	6336941
520	7003210
520	4013567
520	4130356
520	422002
520	805415
520	1549944
520	3808384
520	8134475
520	3550003
520	4357296
520	4864343
520	3636318
520	6433270
520	1824515
520	1948423
520	1891975
520	4951563
520	784657
520	2833263
520	5800941
520	3335955
520	3430685
520	8888669
520	3311331
520	5872148
520	2536684
520	988052
520	6116195
520	1904360
520	3987989
520	3308460
520	306225
520	3337624
520	7119316
520	5362927
520	1892250
520	6005782
520	7444670
520	3516109
520	5509651
520	315901
520	5913593
520	2229383
520	5752937
520	5497077
520	8381701
520	3568059
520	1917348
520	3850567
520	7235314
520	5647732
520	4890585
520	8667089
520	4924027
520	7263009
520	3804194
520	2281269
520	7972471
520	8610276
520	3119095
520	1770615
567	3915430
567	4663419
567	2205730
567	6108365
567	996468
567	298374
567	8682934
567	4016783
567	8387381
567	5885484
567	5468329
567	6465449
567	8424399
567	4217706
567	1987532
567	7008576
567	8340474
567	590221
567	3914296
567	5190752
567	3941922
567	1125149
567	5480264
567	6033680
567	295679
567	6062954
567	2973150
567	1966444
567	5227932
1618	7192590
1618	2042353
1618	4678229
1618	4164822
1618	1412993
1618	3034008
1618	1490198
1618	2188401
1618	880681
1618	2246158
1618	1757840
1618	7222335
1618	2082736
1618	2539958
1618	712562
1618	1403245
1618	738212
1618	1824607
1618	5700088
1618	1160142
1618	1011224
1618	6295263
1618	7712884
1618	3452874
1618	2619431
1618	2127811
1618	7814653
1618	2684835
1618	1579671
1618	2651944
1618	7906709
1618	1866921
1618	164477
1618	2143637
1618	5658486
1618	3124335
1618	2759762
1618	6197949
1618	2193594
1618	328141
1618	3754260
1618	599872
1618	6541998
1618	1182337
1618	2609607
1653	1282918
1653	6567886
1653	165812
1653	813925
1653	7199193
1653	159524
1653	7511786
1653	8299060
1653	3228505
1653	5196312
1653	5810693
1653	7643075
1653	4596137
1653	4885817
1653	5184618
1653	895335
1653	730712
1653	5250839
1653	7266488
1653	8617306
1653	3696422
1653	4627533
1653	5033618
1653	838544
1653	3701601
1653	8084848
1653	7460444
1653	8929109
1653	2448344
1653	3473575
1653	2834254
1653	8223436
1653	4117503
1653	4384344
1653	741007
1653	5744363
1653	4052444
1653	3189668
1653	833588
1653	6212894
1653	105560
1653	3544392
1653	5560501
1653	6976644
1653	8165440
1653	1882266
1653	2211442
1653	2527103
1653	6586747
1653	75833
1653	2275442
1653	5681610
1653	5438357
1653	2591896
1653	8034287
1653	2912532
1653	7208052
1653	8887764
1653	1237533
1653	1442239
1653	1794284
1653	991912
1653	6299688
1653	4293984
1653	6524563
1653	5350566
1653	4367265
1653	1851277
1653	8190473
1653	7231215
1653	3138139
1653	3483671
1653	7588985
1653	7903043
1653	1535502
1653	2748091
1653	456167
1653	1751362
1653	3033346
527	5614252
527	2140739
527	5281549
527	8202573
527	6486338
527	2841489
527	7459656
527	3242643
527	2784257
527	5972939
527	4213782
527	3535038
527	4236914
527	3487546
527	6734653
527	2764260
527	2734211
527	7276799
527	3118108
527	4772259
527	3057401
527	5796017
527	7294704
527	4525351
527	2496019
527	5867425
527	3119805
527	4901284
527	8534996
527	2398770
527	411723
527	7831943
527	1766797
527	1975535
527	2391236
527	3438022
527	3534082
527	1661861
527	5529501
527	4624772
527	2923106
527	6289325
527	8059956
527	7758815
527	5504214
527	4340998
527	240301
527	7541301
527	7465875
527	4983604
527	6766592
527	4014743
527	7435225
527	8595031
527	8434419
527	8478050
474	265334
474	4928743
474	1358692
474	1619226
474	1527000
474	7097442
474	8668666
474	7822395
474	7157016
474	520877
474	6165906
474	6243547
474	3835164
474	5284253
474	115822
474	1415831
474	7666974
474	3342174
474	4280441
474	6333221
474	2760237
474	7166109
474	5656932
474	2807054
474	2548445
474	1367058
474	4593061
474	5187897
474	7011328
474	6838391
474	7056625
474	1962119
474	3678461
474	3102450
474	3676552
474	2130169
474	8063027
474	7147033
474	3642231
474	2019960
474	359817
474	5804629
474	4993934
474	2684636
474	8244338
474	4036266
474	4991296
474	3524670
474	5029594
474	6080429
474	704420
474	3631651
474	4526498
474	8454026
474	3819761
474	8456208
474	6616357
474	3155887
474	4240211
474	8747389
474	7282560
474	2445659
474	4218295
474	1082418
474	6514689
474	4856434
474	6566210
474	251273
474	7505155
474	2427539
474	5935011
474	6920678
474	3602259
474	2042820
474	4641670
474	6881282
313	7511628
313	2054704
313	5178167
313	7530104
313	3609426
313	1858251
313	4427266
313	5449156
313	1902596
313	918794
313	2122663
313	480667
313	3924965
313	3561833
313	6413754
313	7733118
313	6869755
313	4348351
313	493265
313	6442091
313	8718467
313	7364266
313	5409067
313	7790936
313	4590830
313	8800966
313	6491355
313	1902609
313	7584187
313	193362
313	2097687
313	3189916
313	8016980
313	8726526
313	8443372
313	4303755
313	2995236
313	2466969
313	3057164
313	705047
313	2178409
313	4315170
313	3155277
313	6205043
313	6230143
313	6154886
313	3932237
313	798563
313	2049246
313	5995972
313	3670663
313	5643920
313	8871546
313	305702
313	701711
313	5417025
313	8374949
313	2418214
313	135183
313	7636463
313	3555077
313	1473779
313	6410905
313	4026187
313	6134973
313	180735
313	8843641
313	5294820
313	1498579
313	6630632
313	3802867
313	8539099
313	7264713
313	5955544
313	7819691
313	2123119
313	6967252
1553	4007159
1553	5089129
1553	5901595
1553	7551472
1553	893655
1553	269484
1553	4123176
1553	7737245
1553	8300246
1553	7230530
1553	5651019
1553	6062057
1553	5010792
1553	7807663
1553	8047182
1553	2015578
1553	6928778
1553	3436378
1553	2373471
1553	7291376
1553	3710089
1553	6842807
1553	8777739
1553	359935
1553	4946558
1553	3756571
1553	883023
1553	3854837
1553	7758175
1553	843399
1553	3440973
1553	1466354
1553	6865160
1553	2261705
1553	4141695
1553	8778919
1553	5315528
1553	7684871
1553	6140123
1553	2634002
1553	1893751
1553	1981843
1553	7114461
1553	4583634
1553	1208910
1553	2666798
1553	6832399
1553	6883480
1553	6277639
1553	8119868
1553	7314682
1553	7437017
1553	4956095
1553	4550308
1553	367388
1553	6097981
1553	3460739
1553	42434
1553	4073591
1553	2902327
1553	5960137
1553	8535927
1553	5682731
1553	7664228
1553	3097291
1553	3044684
1553	1255582
1553	8251619
1627	5810640
1627	4369285
1627	4157463
1627	4587388
1627	3973756
1627	6272238
1627	8474380
1627	6625664
1627	6523767
1627	4056461
1627	6863868
1627	2203898
1627	3835732
1627	3021840
1627	1315168
1627	1850858
1627	6606411
1627	69522
1627	5854847
1627	6174314
1627	8433249
1627	7440143
1627	5548936
1627	4622479
1627	556888
1627	6520022
1627	7096717
1627	1724699
1627	8705254
1627	30825
1627	1951111
1627	2966043
1627	7571268
1627	4931931
1627	8401621
1627	7023424
1627	8163632
1627	1465445
1627	4262463
1627	3893578
1627	4774559
1627	7982154
1627	4144031
1627	4635673
1627	5736830
1627	887839
1627	5202317
1627	1648873
1627	1531354
1627	3283876
1627	8573513
1627	2567439
1627	5004159
1627	1072652
1627	3686619
1627	417720
1627	6765017
1627	6579603
1627	4829536
1627	2567911
1627	8184348
557	8161691
557	3666345
557	5898874
557	2501091
557	6530461
557	7799681
557	2653883
557	1665003
557	4856154
557	6251996
557	542119
557	6096144
557	3445020
557	5622563
557	1202259
557	2360475
557	355727
557	8207359
557	8876186
557	8374692
557	5523836
646	5789890
646	5771915
646	5977528
646	8600653
646	926525
646	4891421
646	1123158
646	4481192
646	4513293
646	7042017
646	8755898
646	6514659
646	912987
646	6355982
646	5713863
646	4993938
646	677229
646	3814013
646	8314041
646	5073052
646	7613210
646	1778328
636	2707368
636	493822
636	6936758
636	2468493
636	5419322
636	8289631
636	8892998
636	2951926
636	1935694
636	4703327
636	6991671
636	8395375
636	314517
636	8813094
636	8618891
636	1695259
636	7421829
636	5582882
636	6364261
636	4630284
636	547292
636	7264194
636	6214750
636	6643119
636	3074837
636	8308075
636	1459514
636	6374332
636	8676857
636	3155592
636	5602398
636	170512
636	8671538
636	1521919
636	4709360
636	1266172
636	2502091
636	8034396
636	8561346
636	7545775
636	277984
636	2443771
636	2313183
636	2972852
636	5489978
636	8387622
636	6912752
636	8827416
636	4820774
636	4498556
636	8855619
636	4905919
636	4730054
636	6879340
636	1264511
636	7761249
636	8577388
636	1924526
371	5425494
371	8506873
371	2589606
371	7585078
452	7875198
452	2261457
452	6242496
452	5815220
452	6620510
452	44969
452	2494609
452	161402
452	3362399
452	2999358
452	5507501
452	4253212
425	4097102
425	7675665
425	7372661
425	8342302
425	6168243
425	771217
425	6169640
425	7594614
425	8771813
425	6858882
425	6862527
425	335042
425	1437265
425	4089097
425	4718427
425	7392626
425	1626287
425	2873642
425	2724916
425	7826882
425	1087204
425	496589
425	5296026
425	158196
425	4641603
425	5836577
425	482793
425	8255390
425	7166478
425	5197257
425	764092
425	7019789
425	2286540
425	4241185
425	2179417
425	5941488
425	6477859
425	4872875
425	7571668
425	7714215
425	7643909
425	8750714
425	390642
425	8525774
425	6684903
425	3810762
425	4659918
425	6725711
425	6940493
425	4511564
425	683283
425	3931694
425	3931962
425	5407705
425	2413668
425	4541416
425	4397573
425	8125491
425	1269008
425	6324691
425	2580611
425	8917357
425	6582537
425	6156959
425	6938150
425	6828747
425	5323074
425	6609592
425	837032
158	6783823
158	7895961
158	2279056
158	8223116
158	8860605
158	1079361
158	4619910
158	3870561
158	1372833
158	8617350
158	4405377
158	3088367
158	5429954
158	5399200
158	8497767
158	1921932
158	5862422
158	7442108
158	4534336
158	7067745
158	7450843
158	6442380
158	5683803
158	241597
158	2464248
158	6098565
158	8016547
158	3967098
158	8617838
158	8475620
158	3716662
158	6687702
158	6061389
158	6191598
158	6326694
158	1865029
158	5476040
158	3610783
158	4094419
158	3044085
158	5813107
158	5349407
158	4976213
158	1878926
158	6905165
158	3929724
158	8387797
158	1551541
158	7788047
158	2275025
158	6417866
158	3870028
158	7123081
158	6779592
158	7004822
158	4749403
158	8919533
158	368618
158	6814173
158	8749084
158	5941106
158	2035682
66	497417
66	4992351
66	22596
66	1790340
66	138315
66	4163432
66	3136068
66	1332219
66	1496777
66	6338660
66	5753256
66	8125563
66	191167
66	7399367
1488	4650712
1488	659650
275	1127966
275	8575210
275	5380061
275	1929211
275	6654237
275	6328827
275	7291061
275	4932416
275	4958656
275	6493476
275	1044076
275	2634224
275	5438701
275	2236615
275	6784920
275	6760671
275	5804317
275	1903547
275	4452345
275	321643
275	1398992
275	821249
275	8311427
275	6690266
275	3496450
275	5295136
275	663722
275	1696031
275	1707725
275	4388017
275	4259722
275	3388203
275	5811516
275	2432661
275	3492641
275	4346787
275	6984088
275	7293741
275	610985
275	8271994
275	6557603
275	5700784
275	4661647
275	4895264
275	3427508
275	7586213
275	1711570
275	5169624
275	2436882
275	239568
275	5140956
275	2201072
275	4042547
275	6825314
275	3953858
275	7812905
275	1639505
275	8029596
275	7985617
275	4668418
275	8030214
275	8758021
275	3697627
275	1256345
275	2646201
275	878298
275	6076032
275	1672836
275	2231035
275	1828367
275	968826
275	2631213
275	2569017
1364	7064495
1364	7095399
1364	1049689
1364	8911628
1364	5398741
1364	1904724
1364	2466513
1364	3854130
1364	3140298
1364	322668
1364	1348363
1364	8445042
1364	4393717
1364	5585084
1364	278581
1364	5994964
1364	6284025
1364	4369087
1364	523979
1364	2029703
1364	19320
1364	6474847
1364	4384809
1364	2242354
1364	1956662
1364	6374518
1364	5134828
843	6542846
843	7111390
843	6539166
843	8222414
843	6424290
843	4923424
843	2268358
843	3416139
843	8449705
843	2898716
843	6261701
843	5648201
843	7800635
843	3311130
843	7565673
843	183067
843	8835128
843	8347969
843	82748
843	6499612
843	4071956
843	7987553
843	4973263
843	8408579
843	8700131
843	2568800
843	7196939
843	4276041
843	4285787
843	7888932
843	5833972
843	1317391
843	4421903
843	3382401
463	50387
463	5754191
463	5050534
463	7124354
463	2840147
463	5979438
463	4385755
463	5803013
463	3114154
463	42772
463	1145945
463	1425430
463	4178187
463	6773289
463	6239097
463	7076766
463	2060432
463	5058963
463	4055291
463	8232631
463	4133235
463	5104112
463	5713259
463	4099205
463	4078289
463	6790639
463	4494949
463	649823
463	2572092
463	5267302
463	5415514
463	8242241
463	2965454
463	5559495
463	6649055
463	799899
463	8039674
463	4743304
463	3775292
463	6000876
463	6554966
463	2622486
463	1317861
463	3503860
463	8214370
463	341083
463	3158724
463	5939274
463	5203999
463	3988214
463	35607
463	6305996
463	7404296
463	5189710
463	851501
463	8693446
463	1780503
463	4148763
463	7977025
463	5104234
463	3856809
463	8126406
463	8480459
463	5141285
463	7995411
463	180560
463	3863998
463	1985252
463	7189531
463	3477963
463	1938264
463	8073272
463	1726267
463	1007372
887	6886325
887	5480658
887	3039996
887	5034652
887	7866490
887	4466518
887	1038413
887	4324370
887	81300
887	3863750
887	5998470
887	3381365
887	2243551
887	8381276
887	3384055
887	4116741
887	6036910
887	8080121
887	4335294
887	6700931
887	6941029
887	1699350
887	4948968
887	543783
887	4871640
887	4538771
887	1776281
887	632554
887	11739
458	1774774
458	7193346
458	2828677
458	3960838
458	7339446
458	4574177
458	1174489
458	6305226
458	6775520
458	2412397
458	1602205
458	6738493
458	4469962
458	5023244
458	6147167
458	774619
458	4669229
458	560781
458	1164142
458	1348054
458	6910269
458	981180
458	4055548
458	4011030
458	7238151
458	4682476
458	8423510
458	5418240
458	3522568
458	5435897
458	2131463
458	3830597
458	7670688
458	4337270
458	1823081
458	6933447
458	754142
458	2962759
458	5862864
458	917073
458	3538590
458	2598468
458	7602609
458	7222994
458	1612668
458	5937289
458	7573086
458	685532
458	2755518
458	435964
458	2154698
458	4818728
458	4979652
458	6998771
458	6818802
1679	1169098
1679	3251470
1679	6075914
1679	1095681
1679	8425254
1679	3039931
1679	6771335
1679	7854154
1679	7600928
1679	6556043
1679	8123687
1679	3785659
1679	4451139
1679	3832615
1679	7534188
1679	2654344
1679	7159305
1679	1755232
1679	1540947
1679	7834845
1679	1121034
1679	7280198
1679	797712
1679	6416721
1679	8181386
1679	2475973
1679	6670365
1679	7702417
1679	4031992
1679	6775081
1679	5616645
1679	4188252
1679	5667214
1679	42609
1679	7455928
1679	8480979
1679	3030715
1679	5925894
1679	7054794
1679	3629851
1679	2842666
1679	1904795
1679	4041293
1679	4793967
1679	4418486
1679	7798943
1679	5715688
1679	6976771
1679	1559931
1679	215166
1679	1225549
1679	8656043
1679	2101874
1679	8005376
1679	2510037
1679	2826476
1679	3480142
1679	8886192
1679	7642018
1679	1151302
1679	4990820
1679	267192
1679	7321879
1679	5471221
1679	8594394
1679	5070753
1679	3898066
1679	8887605
1679	6738009
1679	8695128
1679	7146525
1679	7159763
935	7815395
935	4732628
935	8282805
935	6555058
935	2194426
935	6400326
935	3599973
935	7611669
935	4288846
935	2336924
935	4731723
935	1920480
935	3782323
935	7922673
935	6135266
935	8006930
935	4698803
935	8114766
935	2433017
935	5150592
935	6088421
935	862870
935	3671405
935	8270897
935	2958688
935	4021520
935	8741021
935	5014192
935	814798
935	612696
935	3341164
935	4001372
935	7671731
935	1903549
935	6532719
935	141803
935	6721672
935	6156392
935	2156730
935	3427593
935	2006408
935	8066752
935	4535220
935	6121210
935	906122
935	3134380
935	5083301
935	1461250
935	7857346
935	6322576
935	8313335
935	6103640
935	4508844
935	7843595
935	6970602
935	8427124
935	882971
935	5386554
935	7394458
935	692058
935	5678861
935	446864
935	5593000
935	2533720
935	4399055
935	1657797
935	7563328
935	4528321
935	4287893
935	1094192
935	1847348
935	5366366
935	7476725
935	3226084
935	2963298
935	1338738
935	7663164
206	866203
206	5438191
206	756980
206	7746185
206	6914763
206	8180031
206	2926112
206	2420280
206	321852
206	7936920
206	8111309
206	3173873
206	5220438
206	328636
206	3915541
206	8728286
206	6906872
206	7073771
206	964853
206	2783828
206	8214299
206	2430266
206	6070344
206	3824293
206	8230342
1059	8419768
1059	3274391
1059	6894660
1059	4609026
1059	5244704
1059	3615059
1059	5947976
1059	5639923
1059	1880412
1059	7924599
1059	7639790
1059	7919697
1059	5608914
1059	26020
1059	2955529
1059	4959665
1059	1178721
1059	564622
1059	4767700
1059	7724595
1059	5363726
1059	5700121
1059	4438452
1059	1512237
1059	5849188
1059	1363850
1059	214685
1059	2514529
1059	3321973
1059	8075321
1059	3856779
1059	7592864
1059	2990236
1059	2493078
1059	6394962
1059	4890738
1059	8658088
1059	1455166
1059	3767293
1059	2346375
1059	1179931
1059	5961467
1059	4986850
1059	2109379
1059	3939907
1059	5695933
1059	504669
1059	673237
1059	3591582
1059	284072
1059	6505050
1059	7217483
1059	493858
1059	7479537
64	537024
64	4897643
64	3703881
64	3231947
64	8023748
64	5013116
64	3509961
64	5879269
64	3431907
64	7698661
64	1696107
64	4681723
64	5239904
64	3447562
64	5025287
64	4692142
64	3303508
64	7894677
64	128387
64	2462916
64	6311942
64	395934
64	6534582
1467	3420235
1467	3426451
1467	5498062
1467	8040032
1467	7082023
1467	405485
1467	3708086
1467	5748692
1467	5852750
1467	6235952
1467	7390183
1467	4038706
1467	8566712
1467	6681436
1467	7403554
1467	2650708
1467	7866755
1467	5006550
1467	3809307
1467	3039064
1467	8052816
1467	436693
1467	7064122
1467	2331266
1467	7841388
1467	3560030
1467	8410184
1467	2410328
1467	7999272
1467	5809326
1467	6844173
1467	3924809
1467	7216118
1467	2424987
1467	5200844
1467	1350323
1467	886885
1467	4427529
1467	8518961
1467	5202927
1467	1926996
1467	3832969
1467	4971450
1467	4371564
1467	786998
1467	5566483
1467	8538991
1467	1638322
1467	5082231
1467	1179068
1467	1610947
1467	7017749
1467	4669926
1467	1499774
1467	1099662
1467	7062188
1467	2581023
1467	732171
1467	6114938
1467	3252412
1467	7876467
1467	6124340
1467	2953141
1467	951121
1467	5547986
1467	8390299
1467	2932287
1467	6527908
1467	4501797
1467	690591
1467	5728571
1467	3202735
1467	7318979
1467	3652625
1467	4642622
1467	8110544
1467	7866853
1467	1692320
297	140116
297	8023392
297	8228016
297	6556528
297	8801700
297	5943101
297	4510480
297	6246678
297	6282324
297	4307824
297	1520523
297	7341214
297	735555
297	2675427
297	6674888
297	1124300
297	1108783
297	7336735
297	1365368
297	4761570
297	1576199
297	2460588
297	8416824
297	4468496
297	6586533
297	324581
297	2811840
297	4763412
297	2061072
297	162957
297	3735324
297	8060201
297	88981
1600	347915
1600	5720247
1600	8315955
1600	6446973
1600	1511200
1600	1029940
1600	2077639
1600	3768838
1600	67106
1600	8835807
1600	6147088
1600	8235033
1600	7854480
1600	1808589
1600	4633369
1600	3919316
1600	5183229
1600	6154666
1600	234551
1600	3702809
1600	7196217
1600	3411850
1600	135850
1600	6654069
1600	6226747
1600	4653153
1600	7313259
1600	8227358
1600	8436197
1600	2910401
1600	5077815
1600	844911
1600	1390525
1600	5792453
1600	6773704
1600	6318612
1600	7154458
1600	4750385
1600	1697568
1600	3864871
1600	4421089
1600	1178552
1600	2971857
1600	8881922
1600	7873362
1600	422767
1600	190278
1600	480698
1600	2466433
1600	610718
1600	6885804
1600	2502570
1600	3680540
1600	4224318
1600	8164606
1600	836147
1600	3185197
1600	3120731
1600	1427039
1600	2033180
1600	8449389
1600	2135767
1600	1740240
1600	6745083
1600	3258668
1600	3102841
1600	7844055
1600	4304858
1600	160574
1600	7145328
1600	3896634
1600	3983677
1600	2872118
1600	2840082
1600	6695540
1600	1869944
1600	3803458
1600	2020323
1332	8811393
1332	5578378
1332	944074
1332	8225032
1332	1014308
1332	5748331
1332	2841212
1332	5903820
1332	4030216
1332	3440934
1332	7144878
1332	105155
1332	718149
1332	340901
1332	1362148
1332	7970247
1332	5919901
1332	3898006
1332	2658667
1332	1980356
1332	4551237
1332	8880308
1332	3826869
1332	4856540
1332	2521742
1332	2671657
1332	5587844
1332	6276147
1332	842183
1332	6188601
1332	4030585
1332	4451416
1332	867222
1332	3349617
1332	5097009
1332	1419931
1332	4966601
1332	4435703
1332	1497050
1332	8677850
1332	5078273
1332	7277423
1332	5601781
1332	2489388
1332	4335787
1332	1804741
1332	3604272
1332	2299229
1332	5887102
1332	4764099
1332	4909486
1332	3640063
1332	2948663
1332	4867578
1332	6726059
1332	7443973
1332	8569045
1332	8579454
1332	2420024
1332	5651185
1332	6782558
1132	3766354
1132	6895530
1132	2211337
1132	6304383
1132	5260782
1132	4042445
1132	76817
1132	3878228
1132	6795799
1132	878621
1132	6545623
1132	5487851
1132	5424279
1132	2731204
1132	7861337
1132	8349308
1132	1818062
1132	97842
1132	6489746
1186	312066
1186	2233110
1186	4804615
1186	679414
1186	1020699
1186	321357
1186	8285699
1186	4765312
512	3614794
512	240762
512	992647
512	3300148
512	420486
512	5122027
512	2354118
512	6138200
512	1330282
512	4884722
512	3403598
512	4167063
512	1032523
512	352927
512	3741610
512	1060727
512	6831585
512	7371057
512	2117042
512	5945441
512	2945500
1536	1306649
1536	6421094
1536	8002439
1536	6133232
1536	3874470
1536	4986328
1536	2757656
1536	5816606
1536	5213379
1536	975406
1536	8904400
1536	8874437
1536	7848359
1536	7165583
1536	2253350
1536	8537612
1536	2808908
1536	3137390
1536	1850350
1536	5782541
1536	2766892
1536	1647817
1536	6685670
1171	8425079
1171	7771110
1171	3486317
1171	4917165
1171	3100401
1171	2394257
1171	1571302
1171	4297377
1171	2083267
1171	237197
1171	6572657
1171	4755991
1171	4846905
1171	4393883
1171	5276554
1171	6530174
1171	5683660
1171	292004
1171	1353944
1171	937624
1171	8725030
1171	3508484
1171	3071374
1171	8262847
1171	5017754
1171	1943120
1171	4327250
1171	5065315
1171	8392776
1171	5898185
1171	462561
1171	2194042
1171	6279602
1171	2504617
1171	6034707
1171	2219158
1171	2536773
1171	7332724
1171	3471607
1171	876520
1171	3912477
1171	7082840
1171	970972
1171	501770
1171	3480212
1171	920655
1171	8412961
1171	800013
1171	2038997
1171	8723863
1171	4303185
1171	6129424
1171	8050600
1171	7936568
1171	8919218
1171	3633840
1171	6720853
1171	2736694
1171	4309815
1171	6839906
1171	4261826
1171	765647
1171	8820019
1171	3694017
1171	4687220
1171	8385632
1171	1959978
1171	1386353
1171	7412543
1171	4880150
216	8733777
216	8198156
216	7759127
216	8179869
216	3689868
216	5255656
216	7155693
216	4940770
216	4488633
216	7396510
216	5180904
216	8131656
216	1108288
216	6251837
216	7813532
216	8275350
216	8406421
216	7740838
216	2706324
216	1845457
216	8268502
216	4528464
216	8777782
216	2367665
216	1153229
216	1350069
216	4749556
216	5854782
216	7915393
216	5574059
216	5501819
216	4211530
216	7748772
216	1284721
216	6844789
216	4911922
216	5101208
216	5650959
216	5008197
216	367952
216	5408298
216	1961408
216	1937217
216	2572245
216	1368708
216	5701698
216	5068891
216	4420411
216	3626743
1682	777413
1682	492495
1682	6446153
1682	2126930
1682	3596976
1682	1821789
1682	6987367
1682	2739680
1682	8034917
1682	2150926
1682	8353581
1682	7618654
1682	4868014
1682	8329528
1682	4837390
1682	6677761
1682	8120117
1682	2036057
1682	82434
1682	6389756
1682	482496
1682	6323638
1682	5666360
1682	176361
1682	323095
1682	4547589
1682	7330546
1682	206037
1682	1463017
1682	1928796
1682	411232
1682	2144974
1682	4063946
1682	3028586
1682	1894692
1682	7181842
1682	555003
1682	154863
1682	8829906
1682	4738349
1682	3975211
1682	2873347
1682	250877
1682	2608790
1682	8318869
1682	3497058
1682	3572977
1682	4946034
1682	7971326
1682	2145647
365	7465526
365	228451
365	7831147
365	7419088
365	4431789
365	7307470
365	6409892
365	3277071
365	5844449
365	1623535
365	3598618
365	2378686
365	4215492
365	5778841
365	2023682
365	7777206
365	3106749
365	5106478
365	1542918
365	5126316
365	6270763
365	4612890
365	7903765
365	4740175
365	74017
365	2369396
365	8852790
365	2673922
365	7146867
365	8698330
365	4235579
365	7698573
365	7390495
365	639369
365	8517541
365	7738618
365	8205640
365	6733698
365	5186307
365	7172834
365	2066961
365	6500626
365	5020326
365	511621
365	236282
365	7443717
365	5929317
365	5180763
365	7713230
365	2349925
365	3626641
365	7087582
365	2572938
365	7487460
365	154446
365	6422278
365	6751883
365	3839380
365	815766
365	1406950
365	3962523
365	5597524
1081	1245836
1081	561133
1081	8532276
1081	7774098
1081	4814636
1081	6151391
1081	864370
1081	6137085
1081	7940405
1081	3993935
1081	7914206
1081	2811855
1081	5188764
1081	7764456
1081	3293949
1081	7474341
1081	1022769
1081	5766166
1081	209767
1081	8901832
1081	4231080
1081	8909712
1081	6865213
1081	1322330
1081	5370110
1081	7979015
1081	8329499
1081	7617026
1081	870162
1081	8148966
1081	2746756
1081	4900149
1081	5468735
1081	3069371
1081	6591961
1081	8402164
1081	6892124
1081	5518520
1081	4828031
1081	6937886
1081	5777387
1081	8790461
1081	2126498
1081	6051863
1081	1627277
1081	4689578
1081	6069222
1081	1890067
1081	8871050
1081	2802811
1081	3459779
1081	3852569
1081	8903435
1081	400183
1081	1710817
1081	828644
1081	6062820
1081	8919695
1081	3596188
1081	5830749
1081	6153401
1081	8045338
1081	3391033
1081	5931959
1081	7637895
1081	1424763
1081	4058313
1081	181645
1081	5448695
1081	900918
1081	5563673
1081	6402866
1081	1233963
1081	5751500
1081	547864
1095	1867880
1095	6702431
1095	7329406
1095	6960147
1095	7266450
1095	7909766
1095	459718
1095	1049076
1095	3219818
1095	345148
1095	3029118
1095	8407401
1095	7996608
1095	4212687
1095	2308225
1095	3171435
1095	5350036
1095	451983
1095	701282
1095	5526593
1095	3485724
1095	5609476
1095	3241122
1295	7409116
1295	7490404
1295	1851125
1295	4593225
1295	7590697
1295	694809
1295	6224505
1295	1131556
1295	5069758
1295	5777266
1295	3480001
1295	7041398
1295	813283
1295	4197860
1295	8465410
1295	6873414
1295	7667007
1295	44926
1295	5248169
1295	4453611
1295	4309550
1295	8668676
1295	2720031
1295	6436810
1295	4970871
1295	5603852
1295	6434261
1295	1519245
1295	4057500
1295	4315909
1295	4851244
1295	2200422
1295	1514246
1295	2827657
1295	4559096
1295	2632967
1295	1237775
1295	5573135
1295	2037836
1295	5867271
1295	6994437
1295	666564
1295	1996821
1295	2292000
1295	4955743
1295	388880
1295	5092372
1295	51813
1295	7614757
1295	7010684
1295	2811194
1295	8520340
1295	7605118
1295	1047530
1295	3222849
1295	8474396
1295	7970885
1295	4171779
1295	164097
1295	1841162
1295	8130569
1295	1991608
1295	1552397
1295	3220451
1295	3256999
1295	1966172
949	688313
949	6514417
949	1775369
949	2793758
949	226317
949	8650066
1412	5603010
1412	8824409
1412	2326523
1412	5532698
1412	2269737
1412	8592697
1412	8275597
1412	5673880
1412	5820545
1412	8084800
1412	8708813
1412	8435569
1412	7333320
1412	203895
1412	1040727
1412	3422284
1412	529058
1412	4830700
1412	1392027
1412	4721307
1412	7226657
1412	628820
1412	7782226
1412	6221420
1412	6635222
1412	8443234
1412	5184718
1412	3924663
1412	2014515
1412	7448482
1412	3234024
1412	1048036
1412	8176422
1412	8562787
1412	43998
1412	3144680
1412	6440851
1412	4399893
1412	6214473
1412	906417
1412	6843163
1412	7206408
1412	6388559
1412	7818857
1412	3487512
1412	3689228
1412	3635774
1412	1240743
1412	5364429
1412	4271886
403	1331714
403	2850755
403	4118322
403	4497010
403	3127634
403	4146720
403	3503428
403	1815962
403	5093034
403	2449800
403	1065064
403	2060914
403	6952524
403	6759954
403	5755372
1207	1172615
1207	8821084
1207	5426480
1207	6030129
1207	5598653
1207	8722210
1207	2791292
1207	8689524
1207	1964225
1207	3545354
1207	5934131
1207	7782835
1207	757234
1207	8249694
1207	6423697
1207	7530074
1207	4762267
1207	5561830
163	3678482
163	4008969
163	8102038
163	8070909
163	19661
163	558649
163	4249789
163	2688564
163	6048333
163	294823
163	5499965
163	1290704
163	7451737
163	1136974
163	4474188
163	3201839
163	4048979
163	840100
163	4633514
163	3667389
163	7446113
163	835063
163	903116
163	4503434
163	6126978
163	5396234
163	6945774
163	7374746
163	1564799
163	4253838
163	7943875
163	2706292
1109	8157017
1109	5352403
1109	1538568
1109	1025571
1109	6205033
1109	3177817
1109	8305476
1109	1018437
1109	5528772
689	4242594
689	3302704
689	6491495
689	8781075
689	8370350
689	5554915
689	1950590
689	498779
689	1000166
689	4931304
689	6464778
689	1708056
689	4286555
689	900350
689	5729188
689	8669017
689	8170154
689	4924498
689	3336553
689	4190480
689	3779992
689	4897141
689	5669149
689	6799053
689	3485801
689	3252822
689	1191214
689	1172045
689	3220385
689	3323605
689	2458402
70	4351936
70	7969150
70	1591388
70	8256102
70	8000956
70	2938285
70	3568214
70	2335718
70	6715105
70	4240036
70	3337439
70	701731
70	4773208
70	8700790
70	2795666
70	6493508
70	832723
70	4210217
70	3093483
70	5619208
70	7345089
70	6700575
70	2509442
70	7655352
70	8881842
70	2721884
70	3599509
70	5981182
70	8570664
70	3554415
70	7016145
70	3006264
70	424766
70	911102
70	7653746
70	5286788
70	3358907
70	5507538
70	5343731
70	3950145
70	1352473
70	2178255
70	3904799
70	3521496
70	8479831
70	2500128
70	6491405
70	7950057
70	6801686
70	6125938
70	3510685
70	5330985
70	4294267
70	2644995
70	7818023
70	2155974
70	2805522
70	1119394
70	3045796
70	7290336
70	2861558
70	4451245
70	1316630
70	7587897
70	3871019
70	5822363
70	8379208
70	7964481
70	1047634
70	5830752
70	1643744
70	5763621
70	8319651
70	8336009
70	5997144
70	7240338
389	4071898
389	3467299
389	851486
389	8181595
389	1527653
389	3631688
389	4870825
389	3828602
389	3898257
389	2432212
389	5143493
389	6412446
389	4093789
389	4291369
389	5205899
389	5029912
389	418673
389	1140302
389	4824520
389	7654046
389	4856586
389	5077942
389	3965537
389	4438293
1725	3154889
1725	1993394
1725	2625938
1725	2893874
1725	6269326
1725	7929435
1725	4690641
1725	7570683
1725	3512131
1725	2278887
1725	3193683
1725	3779062
1725	6874743
1725	3995046
1725	7419531
1725	924966
1725	1001616
1725	8682921
1725	5232304
1725	1341785
1725	7425794
1725	5927414
1725	564365
1725	6673610
1725	7933417
1725	7359773
1725	8333943
1725	5525235
1725	4359493
1725	6964441
1725	3487193
1725	2236415
1725	3441348
1725	5747487
1725	4352788
1725	6927753
1725	3913964
1725	1552681
1725	3028028
1725	1659273
1725	6029461
1725	8269454
1725	4309454
1725	225156
1725	4303424
1725	1676120
1725	7451569
1725	1203989
1725	3300304
929	2803600
929	4658364
929	2445669
929	7875402
929	8053128
929	3576863
929	6081561
929	6391419
929	6938631
929	3788525
929	5121311
929	8187419
929	7263314
929	5308943
929	3837215
929	5884758
929	4407009
929	679910
929	6206960
929	47796
929	524015
929	8103858
929	4262692
929	7821888
929	2473517
929	1019136
929	4278342
929	755391
929	6850006
929	840818
929	4326001
929	2039144
929	7395646
929	3488901
929	5580358
929	246274
929	1148129
929	8229386
929	6222253
929	6448800
929	1644073
929	5618657
929	8874080
929	5534037
929	2108363
929	5079844
929	7473258
929	3734316
929	5438613
929	709070
929	2721161
703	1429006
703	5591179
703	8624877
703	471141
703	8269560
703	1974415
703	2221712
1123	3938022
1123	605747
1123	7573911
1123	4468009
1123	998887
1123	7433941
1123	8492693
1123	1237884
1123	419580
1123	3424473
1123	7885691
1123	3323344
1123	4073709
1123	8217709
1123	21152
1123	5476230
1123	1438573
1123	6904869
1123	3730403
1123	7451008
1123	4168326
1123	2202707
1123	6458223
1123	3837670
1123	5505894
1123	786027
1123	7204130
1123	8351007
1123	5976653
1123	6544204
1123	5011383
1123	4298524
1123	2395951
1123	8027393
1123	2982816
1123	730980
1123	1639246
1123	5535772
1123	1750503
1123	3651204
1123	3710772
1123	5035267
1123	6493905
1123	8763247
1123	8565195
1123	7089308
1123	1432056
1123	4678755
1123	6585481
1123	3833325
1123	8807737
1123	6376548
1123	4216536
1123	6893654
1123	2163261
1123	5051875
1123	5673341
105	3650535
105	5489480
105	3348258
105	5377860
105	1005548
105	2289209
105	7290132
105	8203697
105	6139892
105	4662283
105	5086684
105	3189210
105	2346758
105	235670
105	4731782
105	3801423
105	1203695
105	1569231
105	6246888
105	995473
105	954572
105	8256345
105	823420
105	2807620
105	6529388
105	4255980
105	879782
105	2306907
105	251510
105	1625300
105	6927202
443	1052729
443	2975108
443	7603608
443	3783820
443	5807216
443	1211193
443	3426950
443	6536473
443	4384781
443	7357623
443	1508744
443	4364390
443	686728
443	2108507
443	6984713
443	3128436
443	5057479
443	842492
443	6864869
443	6922350
443	6867509
443	6783332
443	2198974
443	5331774
443	2381883
443	7150740
443	4525107
443	3195072
443	1011892
443	7808289
443	707764
443	3132078
443	6222900
443	7305162
443	4563382
443	6863132
443	81827
443	4288466
443	3079982
443	8439734
443	6963049
443	151635
443	4761624
443	1039904
443	5920369
443	8590976
443	1280137
443	8158784
107	92884
107	138016
107	2756854
107	8883703
107	6384973
107	7649567
107	2526193
107	2617403
107	6877250
107	8183729
107	6964011
107	3392442
107	370333
107	6926690
107	3434318
107	450602
107	3536138
107	89996
107	7326732
107	210772
107	539602
107	4394373
107	154360
107	8285143
107	8271075
107	3017548
107	7011261
107	1221717
107	3594140
107	4376739
107	1410378
107	3912901
107	2301526
107	4155716
107	1403974
107	5412161
107	1833944
107	3813208
107	3612698
107	5181091
107	4284976
107	5004069
107	797366
107	7072981
107	1955852
107	5168108
107	2989203
107	5251864
107	8790433
107	5473109
107	5945241
107	2832425
107	7732916
107	6956595
107	3741182
107	3959151
107	6111427
107	3348362
107	4769215
107	6463084
107	5275714
107	1544165
107	646323
107	7944057
107	1316677
107	1548579
107	5663169
107	4793593
107	6841431
107	1496455
107	8200126
107	397738
107	709148
107	3867859
107	2192196
107	1238233
107	3708106
107	8921575
107	759699
1408	1493882
1408	808497
1408	8565397
1408	6548903
1408	3223645
1408	7006675
1408	5136253
1408	1156189
1408	4655415
1408	8156075
1408	7315652
1408	2592222
1408	5997019
1408	4772193
1408	1394369
1408	6082856
1408	7287589
1408	2794109
1408	5212869
1408	7196015
1408	8866550
1408	958252
1408	2576246
1408	4562211
1408	2750879
1408	1846704
1408	2149964
1408	5232879
1408	3687245
1408	1161216
1408	1606163
1408	2529730
1408	709569
1408	6877320
1408	6723104
1408	434985
1408	6596724
1408	8361097
1408	2873224
1408	3720220
1408	4900863
1408	7042382
1408	816816
1408	1500819
1408	6505199
1408	1541974
1408	1549384
1000	2624734
1000	5596429
1000	2816373
1000	6047183
1000	7779779
1000	2732648
1000	5566246
1000	1905306
1000	3647769
1000	4677014
1000	965956
1000	3157862
1000	1002508
1000	1956825
1000	1921086
1000	2221879
1000	5398652
1000	8524867
1000	6707095
1000	8218447
1000	7092489
1000	559087
1000	662920
1000	8414256
1000	4528080
1000	6748677
1000	2557767
1000	914673
1000	5787476
1000	5315060
1000	8097295
1000	5191226
1000	2612520
1000	8602554
1000	8151985
1000	338796
1000	5611689
1000	4869167
1000	1500547
1000	3171925
1000	7964657
1000	7212336
1000	2319648
1000	8044346
1000	6082451
1000	3553300
1000	4727302
1000	3810030
1000	5081781
1000	5008302
1000	5776026
1000	751747
1000	8747936
1000	7074501
1000	3949770
1000	1377745
1000	4044669
1000	7215121
1000	6698858
1000	2688756
586	7358382
586	2272613
586	7896127
586	4401774
586	3148856
586	8527183
586	6747138
586	8378974
586	8213979
586	1655708
586	5368251
90	5853855
90	6931661
90	8204810
90	6706097
90	5804141
90	7269677
90	3001545
90	1366925
90	6439573
90	4289989
90	5798137
90	2475407
90	5138616
90	5420847
90	3746090
90	385326
90	8878176
90	6653295
90	2766334
90	37484
90	3424128
90	4063479
90	8153419
90	8693299
90	3799002
90	209780
90	2022072
90	5626723
90	1407022
90	8464807
90	3801647
90	4567833
90	4856929
90	3302767
90	8481385
90	5478873
90	3318979
1619	4466133
1619	7559557
1619	1132151
1619	299961
1619	2041774
1619	2746606
1619	2898410
1619	6664368
1619	6659058
1619	1088090
1619	3453567
1619	2332885
1619	7060667
1619	7729749
1619	4887809
1619	2336800
1619	2081578
1619	7892390
1619	3478184
1619	2678666
1619	8501601
1619	6113166
1619	6518316
1619	7015233
794	1169021
794	4031104
794	8296509
794	2646281
794	2330439
794	1405790
794	6821710
794	3759681
794	3487130
794	2396224
794	6721897
794	6549116
794	4265528
794	3984488
794	6799929
794	3582229
794	3063588
794	3859276
794	8174379
794	3073126
794	1583857
794	5364951
794	6769802
794	4195497
794	8576987
794	1210982
794	4300229
794	3551697
794	3841525
794	27463
794	4226576
794	7271368
794	313590
794	5281896
794	1633145
794	2242167
794	4779865
794	5590551
794	6245107
794	1354806
794	5321250
794	669595
794	3830596
794	7164154
794	3707847
794	7804730
794	8636697
794	7427539
794	2412376
794	1965453
794	338176
794	2243164
794	2927053
794	3563399
794	1615636
794	8264549
794	3449952
794	4824458
794	4623957
794	2556689
794	1890603
794	4106878
794	341073
643	729098
643	329893
643	2827577
643	1932081
643	5418398
643	1399713
643	7759312
643	215459
643	5015250
643	7478022
643	2429440
643	8137172
643	6871263
643	3878534
643	4506629
643	5298269
643	5958774
643	3554088
643	573222
643	3294371
643	7338138
643	6036052
643	7104802
643	4916884
643	2826275
643	7687631
643	8384100
643	4334117
643	5491922
643	8408231
643	8639643
643	5494258
643	5808804
643	3744501
643	1557432
643	7481323
643	4586793
643	8582542
643	1826323
643	742080
643	5698583
643	8271984
643	8496369
643	3873005
643	950414
643	2877529
643	8712185
643	1200825
643	871142
643	6471139
643	5012189
643	4352866
880	4561980
880	5701265
880	6320590
880	6951311
880	6059602
880	7064644
880	6456400
880	1372492
880	4595404
880	1590050
880	4633116
880	2448756
880	8068561
880	214509
880	6213131
880	4305268
880	724912
880	2635890
880	943285
880	5271433
1586	2045286
1586	6972735
1586	3998737
1586	405867
1586	3663567
1586	8744557
1586	3185603
1586	5446827
1586	6939555
1586	4647089
1586	5720760
1586	7823843
1586	602055
1586	933177
1586	8318335
1586	4293857
1586	6545386
1586	6108572
1586	8858346
1586	7063131
1586	1514921
1586	2644057
1586	7005015
1586	6302938
1586	803809
1586	55112
1586	4733885
1586	7969607
1586	3799610
1586	6862182
1586	4931555
1586	1321096
1586	7111861
1586	2791342
1586	4212110
1586	8790136
1586	2284529
1586	2880759
1586	7573465
1586	734864
1586	2216415
1586	302371
1586	4098759
1586	6490265
1586	3611175
1586	2448144
1586	3977461
1586	5337736
1586	793903
4	2320707
4	2046955
4	8613613
4	4340216
4	6598331
4	4811515
4	1054979
4	3677037
4	557160
4	1732127
4	2317015
4	936347
4	4747428
4	4081364
4	1574386
4	3609903
4	4592154
4	8783568
4	8050820
4	8353991
4	4704015
4	803669
4	7044429
4	593401
4	6879552
4	8501163
4	5616432
4	1389946
4	619703
4	2721292
4	728327
4	5470820
4	6996094
4	4780985
4	3304305
4	4531892
4	4989947
4	4417849
4	8914827
4	8300522
4	8905438
4	3603782
4	8714407
4	2374312
4	746466
4	8046406
4	6536053
4	3152200
4	8403738
4	4299583
4	4724329
4	6947558
4	2991712
4	1236269
4	6249010
4	286220
4	8721376
4	8149899
4	8234789
999	1496201
999	5577744
999	896100
999	693200
999	8718729
999	3245140
999	6390151
999	8731934
999	6214455
999	2742529
999	272447
999	2562550
999	115911
999	6957578
999	8881684
999	6542282
999	4867980
999	8379328
999	7369668
999	7827302
999	698595
999	6784112
999	8297260
999	7433168
999	2273277
999	6644825
999	5533224
999	6908100
999	3824722
999	5397032
999	5844360
999	8760538
999	5757634
999	5570949
999	76565
999	6583005
999	7166295
999	8670088
999	4384536
999	2345762
999	8591797
999	2388355
999	6674066
999	6143903
999	4007308
999	4274631
999	4831754
117	5103959
117	5051015
117	7861619
117	2933283
117	6354974
117	3275059
117	1679124
117	6274537
117	4049024
117	4306750
117	5199112
117	709369
117	8450917
117	3993746
117	2129579
117	8487324
117	7832524
117	5141374
117	4336461
117	5499540
117	6915996
117	4696344
117	2425045
117	3222913
117	6428888
117	1419616
117	3325901
117	1449271
117	2507084
117	7783574
117	4386783
117	5586847
117	7493140
117	1428152
117	6203065
117	6770134
117	8317137
117	510313
117	1722595
117	1038740
117	2506985
117	5130966
117	5459358
117	6177825
117	4536011
117	8579272
117	533328
117	2919686
117	2253690
117	7130829
117	5732427
117	458248
117	5965281
117	3278042
117	6974513
117	5280333
117	3674507
117	3551343
117	4335911
117	7971234
117	760687
117	6411978
117	2285943
117	3795121
117	4060418
117	3378798
117	1885720
117	478015
117	6291026
117	7170102
117	635355
117	1056317
1239	7451633
1239	203060
1239	1912363
1239	2981439
1239	7723885
1239	1601191
1239	3628706
1239	6428297
1239	5653553
1239	5743467
1239	5710432
1239	1184621
1239	4731028
1239	1381574
1239	2903049
1239	8419409
1239	7909663
1239	512614
1239	109282
1239	271131
1239	4944342
1239	987080
1239	3834729
58	7765976
58	8603406
58	1350852
58	3965567
58	2357242
58	5774884
58	5604892
58	2331245
58	3281460
58	5565787
58	6404354
58	174295
58	2159236
58	6965929
58	4333529
58	1921444
58	6567818
58	7159626
58	5330932
58	5752066
58	1431623
58	7230647
58	2543916
58	6530933
58	2210895
58	8455497
58	35807
58	1694495
58	5672534
58	5153504
58	4346725
58	2568075
58	7223863
58	2545861
58	4989169
58	7050813
58	5944334
58	1955154
58	5674598
58	4986048
58	2396614
58	3150973
58	1630438
58	7983515
58	5992227
1227	4012348
1227	1163931
1227	8482073
1608	1484343
1608	2858020
1608	2587158
1608	89904
1608	2674785
1608	3285980
1608	3232488
1608	8682880
1608	229819
1608	3505334
1608	4819302
1608	5938655
1608	5810492
1608	5018900
1608	2166812
1608	1074674
1608	3336536
1608	8116290
1608	5777105
1608	5556093
1608	2379262
1608	2363952
1608	647435
1608	5715372
1608	5704345
1608	5427131
1608	8673656
1608	1017424
1608	7884541
1608	3394886
1608	5094208
1608	2990493
1608	4932657
1608	2567440
1608	6834127
1608	2744203
1608	5394514
1608	7745173
1608	6302957
1608	3565852
1608	6401110
1608	7118839
1608	784469
1608	1710147
1608	423789
1608	5420129
1608	429347
1608	1084471
1608	4240614
1608	8123757
1608	7689569
1608	5685676
1608	3197598
1608	646542
1608	4948955
1608	3761353
1608	1800920
1608	6617046
1608	6503398
1608	5351329
20	8494574
20	7955419
20	3125843
20	6780599
20	5543523
20	1479652
20	3413380
20	7076733
20	7942628
20	792148
20	3584353
20	5540906
20	4204929
20	6510307
20	5326852
20	1297997
20	3828570
20	2167441
20	949719
20	5706447
20	2247218
20	8055611
20	2927664
20	2683988
20	7245600
20	7771973
20	1817012
20	1000145
20	8680133
20	7700566
20	7838017
20	7046777
20	4990919
20	8389874
20	4482489
20	8597130
20	6480428
20	5653224
20	1373583
20	4213607
20	5768019
20	181216
20	1707810
20	5380944
20	5164884
20	6397302
20	5959821
20	7942386
20	741211
20	3650017
20	7147696
20	7548996
20	6320316
20	2104362
20	4101051
20	2333153
20	4985067
20	5486858
20	4551821
20	7113871
20	3586323
20	5442420
20	7578224
20	7763130
20	3713787
20	2318352
20	5775174
20	615419
20	8192445
20	3531136
20	2572162
20	7753465
20	6649955
20	7024234
20	5260680
20	6425056
1378	5273867
1378	4547275
1378	4561274
1378	2661398
1378	4907031
1378	8692304
1378	1208453
1378	2181139
1378	3920227
1378	5920031
1378	4484555
1378	4525294
1378	7123820
1378	8658632
1378	695806
1378	4958565
1378	8287858
1378	7140810
1378	1833789
1378	6438987
1378	5324604
1378	5853440
1378	4381599
1378	1206191
1378	5707520
1378	8501602
1378	6153910
825	6055919
825	868544
825	69723
825	6871471
825	3392326
825	2524707
825	7508030
825	4200530
825	3763688
825	6885074
825	8288532
825	4637833
825	4168926
825	285228
825	1186519
825	1191107
825	6229674
825	6220634
825	5279744
825	6913827
825	5298860
825	8529167
825	1589548
825	4788984
825	3529092
825	6758667
825	1759619
825	4300390
825	2299023
825	1016855
825	4199542
825	8327002
825	1580451
825	156536
825	8394477
825	1954025
825	6082646
825	7925012
825	1225029
825	1818832
825	6384016
825	2362659
825	2483509
825	6864697
825	1852434
825	3872089
825	5111288
825	1691298
825	5965954
825	5737430
825	2300041
825	8065989
825	983364
825	7095418
825	4180509
825	3957883
825	5674393
825	6358935
948	650035
948	878101
948	2847358
948	6313322
948	8421477
948	2482933
948	4838271
948	8161186
948	3549698
948	3313685
948	2200173
948	6045548
948	4176301
948	5109049
948	85898
948	7628498
948	6824709
948	3834751
948	6655008
948	5657214
948	83085
948	7740551
948	2419028
948	3318997
948	2507870
948	8690208
948	5096831
948	137400
948	1110881
948	7704981
948	6264824
948	140564
948	5158527
948	5659200
948	6745836
948	8016666
948	7710552
948	8897529
948	892524
948	7748820
948	1929706
948	702426
948	2709562
948	7821807
948	1508010
948	5389846
948	2426435
948	7107582
948	3597164
948	4344760
948	2730273
948	2946582
948	8191912
661	1601084
661	2369944
661	543404
661	6948092
661	5652989
661	4127970
661	2786628
661	3419588
661	2046174
661	5714025
661	3065556
661	6599511
661	5433679
661	3667189
661	4688751
204	4395031
204	3490064
204	2383616
204	8351082
204	6195402
204	6499940
204	7650436
204	8491932
204	2474581
204	6813362
204	3271922
204	2421371
204	1137779
204	8253730
204	4109930
204	3795465
204	732727
204	8720257
204	5116006
204	3478945
204	8524355
204	2378820
204	4219238
204	1214204
204	3702045
204	90281
204	4900599
204	4061070
204	3430505
204	6685772
204	5087152
1397	961353
1397	4525787
1397	5593583
1397	1351548
1397	3584940
1397	1176843
1397	5223291
1397	4795658
1397	1407981
1397	5854191
1397	2955856
1397	977936
1397	1019453
1397	148302
1397	7141763
1397	5399893
1397	7024261
1397	7526944
1397	337452
1397	3387815
1397	3084695
1119	3605392
1119	8177980
1119	6296989
1119	1194749
1119	3286568
1119	8660951
1119	4635521
1119	1541132
1119	1348662
1119	821587
1119	3605053
1119	1359743
1119	2260914
1119	507542
1119	2517045
1119	7514131
1119	6979485
1119	900939
1119	708906
1119	4175143
1119	4794013
1119	5963087
1119	543351
1119	6384134
1119	3779756
1119	496196
1119	3997949
1119	3515451
1119	7165532
1119	2454101
1119	2231823
1119	170076
1119	7222685
1119	4166451
1119	5757962
1119	670443
1119	8821111
1119	3360718
1119	8919380
96	6967964
96	5711165
96	6910469
96	8801242
96	8811236
96	3133818
96	6283305
96	4578917
96	2108644
96	2267553
96	5504187
96	5862567
96	5533545
96	8544844
96	699278
96	8403070
96	190333
96	1243849
96	4885666
96	2215640
96	2086222
96	1502866
96	3374344
96	5254382
96	8814101
96	7528286
96	3944793
96	7359405
96	4194181
96	7694561
96	5773288
96	1262796
96	8574416
96	4224040
96	7530332
96	322585
96	1773665
96	5316905
96	648614
96	3939643
96	7646373
96	264823
96	7956906
96	725489
96	8519116
96	4784632
96	773097
96	4326778
69	2996193
69	4545058
69	1447482
69	5239006
69	8594976
69	5887329
69	6591390
69	7139540
69	4785433
69	2608213
69	2095423
69	2535971
69	706390
69	6970478
69	2971532
69	3989984
69	7802830
69	6860600
69	3451903
69	797132
69	8615108
69	6323318
69	8639819
69	3837354
69	7528610
69	3518756
534	4118834
534	4159215
534	8715384
534	5694007
534	4948064
534	493628
534	7576193
534	2707893
534	4061577
534	7128601
534	2208751
534	2947906
534	2693664
534	4280374
534	2294300
534	4010086
534	1142902
534	3028004
534	7491652
534	276940
534	6956920
534	6080237
534	577393
534	1501450
534	813116
534	2205490
534	4950222
534	1796921
534	254190
534	7709102
534	1112101
534	5155902
534	1615194
534	8565274
534	8839949
534	6352123
534	791260
534	4788743
534	5806130
534	1453764
534	1538031
534	6337744
534	5653763
534	2828289
534	6679881
534	7627345
534	203288
534	2399290
534	8013930
534	4656794
534	3586295
534	1742050
534	5735978
534	1218839
534	7922788
534	2707460
534	4128892
534	967798
534	3200561
534	6101078
534	8715658
534	2906805
534	1522984
534	3419130
534	5907496
534	2522851
534	8863631
534	5988611
534	4614558
790	6205308
790	7243129
790	7495282
790	5894474
790	8829114
790	5425315
790	3442337
790	6621636
790	7922087
790	3100076
790	3351174
790	8238948
790	3755027
790	4244704
790	2877677
790	431477
790	81372
790	7786124
790	4569797
790	8806656
790	5936047
790	3412253
582	7113531
582	5162904
582	5263989
582	7624610
582	3955375
582	4574486
582	1844071
582	4025500
582	2385160
582	4251087
582	6071850
582	1411109
582	3945630
582	6910910
582	6779202
582	8103018
582	6049964
582	5927724
582	8862918
582	8387666
582	6261728
582	7547738
582	6201499
582	4125185
582	5010088
582	6670833
582	1513642
582	8053076
582	3101902
582	8019524
582	7278616
582	7749518
582	4142658
582	7675272
582	4055060
582	4994690
582	6887472
582	3405051
582	8402378
582	4478249
582	4065028
582	3870543
582	3793314
582	7870404
582	3096062
582	6255353
582	2555829
582	8801847
582	1510366
582	8927664
582	4869715
582	1172681
582	2486808
582	8097459
582	3524982
582	4682402
582	6841954
582	3236592
582	6764312
582	580952
582	7382219
1683	5959704
1683	2782020
1683	3170548
1683	8121628
1683	6962329
1683	8448479
1683	5824022
1683	294817
1683	650645
1683	1603128
1683	8666987
1683	6489381
1683	3367615
1683	4710074
1683	1569499
1683	4087977
1683	2486792
1683	31653
1683	3535036
1683	6413263
1683	8919397
1683	5287550
1683	1200609
1683	8510476
491	2948958
491	649609
491	5823781
491	8343463
491	3666267
491	3473258
491	8444659
491	5695572
491	465176
491	7013702
491	5854785
491	2026386
491	649418
491	3320279
491	1949029
491	7474366
491	744160
491	1211940
491	7431150
491	1406057
1213	2589052
1399	844145
1399	7537094
1399	2667489
1399	4869804
1399	5357262
1399	1905499
1399	2099301
1399	3554031
1399	1019402
1399	2744612
1399	3645969
1399	8209634
1399	3498357
1399	220018
1399	8508193
1399	2821100
1399	7724842
1399	5309494
1399	3927239
1399	7356977
1399	6467556
1399	8373623
1399	4669271
1399	4689687
1399	5256369
1399	5239163
1399	8614461
1399	5887630
1399	1828098
1399	3631703
1399	8125486
1399	3126404
1399	1651278
1399	3332562
1399	4107502
1399	5219506
1399	7955907
1399	1701868
1399	192629
1399	199722
1399	6004694
1399	855997
1399	8251069
1399	3262052
1399	6944503
1399	6996151
1399	5368274
1399	8489394
1399	7896475
1399	2049024
1399	1479195
1399	2341556
1399	1894615
1399	6081601
1399	4430910
1399	4689560
1399	1147196
1399	6700099
1399	5476221
1399	5190360
1399	4847331
1399	6496396
1399	6768414
1399	6881370
1399	3109020
1399	7171990
1399	8107110
1399	8133841
1399	6450434
1399	6605614
1399	6273873
1399	8140160
1399	450802
1399	2751934
1399	8269011
1399	3910413
1399	8824939
1290	3688819
1290	5709511
1290	2199692
1290	1546843
1290	8349395
1290	3646341
1290	8136608
1290	6959637
1290	6991120
1290	2023120
1290	5194237
1290	8782173
1290	5336494
1290	8315191
1290	8017223
1290	3244233
1290	4930448
1290	6975361
1290	5421105
1290	3836858
1290	7908758
1290	2783098
1290	5588589
1290	7784047
1290	7163831
1290	1443377
1290	1899305
1290	2745803
1290	7817549
1290	4298167
1290	5808459
1290	402319
1290	107305
1290	5640456
1290	6019449
1290	5645976
1290	4980774
1290	311566
1290	3564098
1290	5188051
1290	1862612
1290	2317989
1290	5274464
1290	4821132
1290	1174429
1290	925078
1290	3847052
1290	8418343
1290	4838346
1290	4738687
1290	6141837
1290	2562056
1290	274594
1290	3218125
1290	8889418
1290	1060237
1290	8289245
1290	2144674
1290	2387733
1290	992194
1290	2208055
1290	2591013
1290	3361948
1290	8190598
1290	1193208
1290	110945
1290	5877590
1290	3950253
1176	6203920
1176	4103706
1176	2714790
1176	3759006
1176	3303441
1176	6389140
1176	7201696
1176	1232853
116	300250
116	8703498
116	5806551
116	2951472
116	5685802
116	8396908
116	3808894
116	8151719
116	8796924
116	6645140
116	8929154
116	2193378
116	1903725
116	8103555
116	1384121
116	8862573
116	3389633
116	3168489
116	2328480
116	3189677
116	5401303
116	7756274
116	3429883
116	3595046
116	8368057
116	1968016
116	1709145
116	5347901
116	8574754
116	4393147
116	4218481
116	4699992
116	7324918
116	1869274
116	3489684
116	4095073
116	4074950
116	3466804
116	4309590
116	4015239
116	1612610
116	3626620
116	2403266
116	2533753
1128	8688970
1128	4145171
1128	1247564
602	4114444
602	5057008
602	8318249
602	8496954
602	7230181
602	6406983
602	7040326
602	802486
602	7183165
602	1274230
602	4038306
602	7965647
602	8262868
602	3833323
602	5679078
602	7457148
602	6622298
602	5748774
602	5065805
602	29682
602	3543058
602	2890899
602	3108642
602	2910884
602	4066142
602	7882376
602	6287442
602	320066
602	1080338
602	8091060
602	5627698
602	6000993
602	906666
602	5008944
602	777544
602	5070351
602	7749048
602	367626
602	2167285
602	1158438
602	7087749
602	6271674
602	5934792
1110	6528209
1110	8498943
1110	511437
1110	2580192
1110	6322574
1110	1099864
1110	7709590
1110	4937069
1193	4269756
1193	8507579
1193	3687187
1193	4233819
1193	2348119
1193	5239995
1193	2776142
1193	2816539
1193	1365844
1193	4845745
1193	7463437
1193	5055170
1193	4647680
1193	7562496
1193	2844080
1193	4366163
1193	3882703
1193	6054763
1193	4858646
778	132757
778	6625798
778	4305458
778	4626149
778	4260990
778	4481761
778	1170458
778	789083
778	4856687
778	5462812
778	6346529
778	3448107
778	1891083
778	7630626
778	5418697
778	6829335
778	3674460
778	4198105
778	277930
778	8582054
778	7051348
778	4795046
778	3079379
778	1555716
778	4057944
778	6331963
778	4945281
778	8330686
778	2646397
778	3506577
778	3329934
778	2010686
778	7990849
778	3512456
778	5368218
778	4662319
778	1219666
778	1149881
778	3512970
778	4443037
778	5386607
778	3840473
778	989417
778	5335241
778	3595044
778	371245
778	123451
778	6068999
778	8625144
778	413422
147	5447222
147	4958668
147	6392766
147	2546542
147	5986870
147	8811468
147	522958
147	8482284
147	2482827
147	1748889
147	36099
147	2382925
147	5775740
147	1786799
147	7846775
147	5109168
147	664148
147	5391413
147	1576614
147	2648027
147	4537623
147	8538366
147	2389995
147	4594493
147	1399353
147	2548869
147	6872204
147	7034816
147	501734
147	7258779
147	8689509
147	547467
147	1157702
147	1184590
147	637418
147	5770734
147	2878646
147	6067194
147	4370288
147	4635923
147	385508
147	3959330
147	2258352
147	3774351
147	132727
147	3025604
147	2816995
147	6218756
147	6817054
147	4441710
147	4895482
147	8206592
147	2078233
147	7255044
147	7479786
147	1486231
147	1734037
147	2975636
147	2008601
147	5235903
147	4636485
147	4744864
147	4573618
147	2033438
147	2577680
147	7599403
147	6450408
147	148029
147	8564535
1442	7184723
1442	4571835
1442	2055876
1442	4490095
1442	2908213
1442	8790296
1442	3166769
1442	4295218
1442	595327
1442	8871424
1442	5781860
1442	6441144
1442	476298
1442	4050312
1442	1292486
1442	496328
1442	8493730
1442	2023253
1442	966989
1442	7790467
1442	2991276
1442	7323278
1442	1049401
1442	4003437
1442	8319609
1442	8926556
989	8193927
989	6019757
989	6852475
989	6083698
989	3611343
989	3297574
989	1876248
989	3591380
989	572814
989	3547097
989	2596194
989	8041485
989	4848078
989	2990748
989	4537864
989	6125680
989	8027850
989	3423856
989	1240051
989	8118065
989	6790653
989	2509485
989	5750383
989	3606089
989	7313787
989	71058
989	5791839
989	8183449
989	5318878
989	1772905
989	6013287
989	4002996
989	3591848
330	8063675
330	2757455
330	6067940
330	8717407
330	6420585
330	5804294
330	3124232
1388	3644097
1388	5678901
1388	3774953
1388	5488794
1388	4831023
1388	3995502
1388	6344315
1388	3416985
1388	4724773
1388	6181450
1388	5478203
1388	7341273
1388	5047385
1388	7958216
1388	4197194
1388	5361158
1388	6575725
1388	8769845
1388	5993
1388	4755127
1388	2381107
1388	1535293
1388	581608
1388	163184
1388	3122086
1388	6626942
1388	3925469
1388	1351068
1388	1910363
1388	7093565
1388	5960510
1388	1029205
1388	8543123
1388	6422720
1388	5224884
1388	3478006
1388	2827370
1388	7130655
1388	1187379
1388	3559134
1388	1224121
1388	6440792
1388	196644
1667	7601424
1667	1357012
1667	5765839
1667	3603808
1667	6222661
1667	7273186
1667	1394802
1667	4382669
1667	5905297
1667	6908741
1667	8329056
884	6964152
884	1331459
884	6626336
884	5422979
884	7429885
884	2846239
884	1623000
884	7091131
884	4723851
884	2787160
884	7142275
884	2376358
884	3981180
884	7394761
884	7104702
884	8330456
884	4500767
884	7608697
884	2166847
884	7598424
884	7315244
884	8477552
884	3337107
884	5508227
884	5420092
884	6708390
884	8234624
884	7587928
884	3253368
884	6828538
884	7637248
884	4204960
884	8746144
884	7620294
884	4586321
884	8147462
884	734755
884	518125
884	7382482
884	4801591
884	2470740
884	8463807
884	4355251
884	7873342
884	5020597
884	2915321
884	439190
884	6154303
884	2121266
884	7488449
884	3568584
884	6705192
884	1144067
884	1646442
884	2590800
884	2847479
884	4066535
884	3784955
884	1652573
884	7871511
884	3481845
884	1960618
884	2665285
884	2591266
884	1459063
884	2315420
884	827715
884	8908477
884	503213
884	8780776
884	4628657
884	1222799
884	6537702
884	4290937
884	1115848
884	1273140
884	7013316
884	7598560
884	5525723
1214	5255686
1214	5899567
1214	6171122
1214	3308610
1214	287214
1214	1165155
1214	2914416
1214	7142779
1214	6260861
1214	5282361
1214	4126637
1214	1883545
1214	6925995
1214	5762632
1214	7307049
1214	3839884
1214	4537825
1214	8494154
1214	1127178
1214	3056223
1214	6989699
1214	7445534
1214	1257538
1214	509411
1214	1520190
1214	6555944
1214	1618803
1214	6847381
1214	5970767
1214	7590159
1214	2280760
1214	2942563
1214	7330666
1214	1202771
1214	7088961
1214	7257289
1214	111426
1214	558749
1214	6161569
1214	1418802
1214	6260209
1214	3699102
1214	5006504
1214	8133073
1214	6856188
1214	22758
1214	3535501
1214	8455130
1214	3582043
1214	4460019
1214	6408400
1214	804628
1214	6624152
1214	8504470
1214	7769306
1214	1473171
1214	2571917
1214	7473080
1214	2078540
1214	8603539
1214	2896774
1214	2288994
1214	2155274
1214	3862290
1214	1964987
1214	2513911
82	108702
82	6163416
82	7589988
82	1879095
82	4800860
82	3432230
82	3072649
82	4739339
82	344579
82	4886129
82	3222470
82	1312938
82	8857463
82	6452271
82	5988083
82	3177048
82	2679846
82	2073813
82	3220913
82	5139063
82	2851701
82	7336148
82	999966
82	7047976
82	4354077
82	1807348
82	2260795
82	1424968
82	5273207
82	3106563
82	6833031
82	1059410
82	564505
82	5730608
82	8827560
82	7116072
82	1811960
82	1880281
82	4535721
82	5035794
82	6293302
82	7554207
82	4881542
82	1575007
82	2235917
82	6493363
82	2108755
82	2068841
82	4254418
82	3072137
82	4919529
82	4922385
82	7246305
82	6438856
82	3182420
82	3563011
82	637781
82	6632902
82	3711131
82	2870828
82	4348359
82	6787386
82	1254531
82	1499966
996	4845176
996	4532574
996	7998425
996	4258587
996	221295
996	3964242
996	6672205
996	7492779
996	6433868
996	3667870
996	4883556
996	869604
996	2749947
996	7436888
996	6811181
996	137809
996	1062540
996	8470477
996	7624391
996	699626
996	6791297
996	2823634
996	8574987
996	4064112
996	3042083
996	3533195
996	4618002
996	546600
996	1239059
996	5211368
996	6950982
996	1513539
996	4542121
996	8728980
996	712017
996	8690461
996	8312948
996	8223145
996	6690699
996	5599636
996	5305813
996	5766809
996	1744616
996	5137422
996	5238815
996	3262384
996	96968
996	8382516
996	8510684
996	1034846
996	2491407
996	528885
996	2470444
996	7184152
996	8588534
996	225290
996	2784280
996	7475864
996	1975012
996	6434829
996	6414283
996	5369332
996	5815189
996	5000157
996	5680310
996	5153047
996	6053824
996	8322343
996	446656
996	2248320
996	5187717
996	2797181
996	1892281
996	4016545
996	6462879
1060	6204472
1060	54716
1060	5648432
1060	462769
1060	7247732
1060	6097679
1060	8376932
1060	7487060
1060	3643252
1060	5934689
1060	1877370
1060	2861058
1060	7181079
1060	3171044
1060	8173200
1060	4675984
1060	1348623
1060	7754843
1060	8592312
1060	2342271
1060	8529056
1060	8667976
1060	6874709
1060	7401437
1060	4122638
1060	7588188
1060	3567829
1060	5413947
1060	7918184
1060	1352275
1060	8028537
1060	4029646
1060	3803907
1060	5524587
1060	8713863
1060	2067949
1060	2842297
1060	2558761
1060	5182372
1060	3088831
1060	172701
1060	6616836
1060	5221911
1060	7138900
1060	7102816
1060	4666449
1060	498398
1060	6866013
1060	2581369
1060	1033635
1060	5469396
1060	2272966
1060	2497214
1060	3016855
1479	8876934
1479	5367124
1479	8287388
1479	1797533
1479	5401670
1479	2189331
1479	3296425
1479	7336665
1479	7229994
1479	5971144
1479	520811
1479	2715378
1479	5827679
1479	2241105
1479	224420
1479	8584081
1479	2719831
1479	2099432
1479	7017653
1479	2301481
1479	4191694
1479	6683401
1479	3502264
1479	8541846
1479	4203506
1479	3528805
1479	3121551
1479	306065
1479	6041464
1479	8132623
1479	3407576
1479	3727934
1479	8534541
1479	3346497
1479	4952854
1479	5996842
1479	3855403
304	410964
304	5202578
304	3962361
304	5799491
304	6190119
304	3955874
304	8002483
304	4278808
304	4758831
304	4847652
304	3077008
304	5459219
304	4942937
304	3000102
304	3576494
304	8785745
304	7283650
304	3022355
304	3490477
304	4132438
304	3940767
304	5034612
304	3283852
304	1116367
304	1489748
304	1513598
304	5097879
304	1757546
304	5015807
304	7735406
304	5507177
304	8138143
304	4285211
304	4451706
304	3720662
304	2834617
304	4465643
304	7227867
304	2033829
304	4325871
304	7318738
304	6571478
304	8146184
304	4504539
304	3056833
304	4744777
304	8092306
304	2143226
304	6324810
360	8511673
360	80748
360	293329
360	8477060
360	5292429
360	3838656
360	7134842
360	7985570
360	5745621
360	1583360
360	3516632
360	3476229
360	4107129
360	5283774
360	3935867
360	2291927
360	1744789
360	4790622
360	1080850
360	2656584
360	4201228
360	2410948
360	8764404
360	8164980
360	7943519
360	8573679
360	8190969
360	4270588
360	227613
360	6904259
360	467788
360	4932272
360	5590190
360	7739256
360	2242997
360	187103
360	6472542
360	5020524
360	4043816
360	4176268
360	2972538
360	8531620
360	7287628
360	8286912
360	7253239
360	8775675
360	1590995
360	3210002
360	7429996
360	4535011
360	5540943
360	1686692
360	5158653
360	7865880
360	1266149
360	1898484
360	3735084
360	1460548
360	950565
360	7142454
360	6488905
360	405267
360	5131228
360	6396817
360	1912490
360	2925309
360	2355523
360	1998875
360	1366871
360	4044086
360	7207779
360	7690328
360	651953
360	6204825
640	6602790
640	417454
640	3342231
640	5918117
640	3968393
640	5188258
640	6335573
640	3457040
640	2584319
640	7338101
640	3226602
640	1859787
640	7197979
640	8496852
640	8515715
640	2411289
640	1089871
640	6950290
640	4291861
640	6307474
640	5527759
640	5126235
640	2899578
640	6826066
640	4647485
640	5867647
640	6647412
640	8455292
640	7109809
640	2150420
640	5268522
640	3430736
640	337307
640	141270
640	6394453
640	8134317
640	8134268
640	8750181
640	6281049
640	7722468
640	1104859
640	2546731
640	6323803
640	8848147
640	8329617
640	1919003
640	1841761
640	4636069
640	6699906
640	5701417
640	4022342
640	5576184
640	7804843
640	4296274
359	7987809
359	8153404
359	1352716
359	5734139
359	4314376
359	5298796
359	5165438
359	4278484
359	233449
359	2442907
359	6556151
359	613473
359	5968247
359	5621625
359	4716451
359	5579767
359	1060509
359	7739177
359	8656782
359	6182041
359	2090608
359	5693977
359	3065034
359	5770004
359	7181548
359	4700228
359	1652460
1566	362635
1566	3375042
1566	3715474
1566	4643966
1566	5129063
1566	5109543
1566	4716305
1566	4000265
1566	300272
1566	4466419
1566	5814316
1566	1030963
1566	8147494
1566	995802
1566	6754461
1566	5568983
1566	1995612
1566	4260627
1566	7220796
1566	2348161
1566	7942387
1566	8833382
1566	4944458
1566	4707137
1566	6324959
1566	2689776
1566	4477561
1566	3803653
1566	4076273
1566	396491
1566	7827309
1566	6010599
1566	7970628
1566	6153692
1566	3012454
1566	7215592
1566	252916
1566	3035525
1566	8331016
1566	8684491
1566	5004529
1566	2307847
1566	7987486
1566	655234
1566	2648174
1566	5160580
1566	4989034
1566	3294167
1566	7470287
1566	6112206
1566	4085814
1566	1190532
1566	3931644
1566	3253292
1566	6234584
1566	4911728
1566	4970230
1566	335167
1566	1840035
1566	3985510
1566	6153489
1566	7624404
1566	4567204
1566	5475543
240	35458
240	3328078
240	8525183
240	4508894
240	3406930
240	5119970
240	3224518
240	1965377
240	1044030
240	5198187
240	4772766
240	3424645
240	4773793
240	1690150
240	1955604
240	4324507
240	2388691
240	2299437
240	8503851
240	7191097
240	845550
240	2391324
240	5670960
240	1627730
240	6592980
240	585634
21	3199232
21	5505111
21	3334631
21	7819545
21	6100222
21	4899422
21	84253
21	430630
21	6642986
21	2708709
21	5455675
21	7363458
21	7431455
21	3877107
21	43943
21	5376444
21	7905879
987	1790676
987	1168097
987	5060400
987	1219640
987	3213879
987	8623
987	7644536
987	4610072
987	675829
987	5725454
987	1928956
987	2144555
987	4788331
987	5492732
987	1781386
1260	8883320
1260	3908050
1260	263515
1260	5655914
1260	3790747
1260	1038775
1260	2798243
1260	7558332
1260	2912777
1260	2324117
1260	6697064
1260	2199509
1260	5824628
1260	3192528
1260	3770509
1260	8399044
1260	4507094
1260	7304760
1260	1731461
1260	2972205
1260	904800
1260	1235044
1260	1560768
1260	2684541
1260	5371543
1260	6669639
1260	1270142
1260	6192329
1260	5666322
1260	6674515
1260	5504420
1260	1798094
1260	3422358
1260	5342711
1260	1778057
1260	4397738
1260	5225098
1260	4303182
1260	3762545
1260	5194579
1260	86733
1260	448647
1260	1396014
1260	7944374
1260	7619439
1260	6753560
1260	6069844
1260	5067160
1260	1218351
1260	4929925
1260	8055827
1260	2818547
1260	5776659
1260	4252356
1260	8120048
1260	6540694
1260	4227515
1260	3751590
1260	5716870
1260	1290272
1260	4096127
1260	7375633
1260	5014933
1260	6758124
1260	6740822
1260	8762934
1260	6667329
1260	4692884
1260	5341140
1260	5846035
1260	936043
1260	4978542
1260	7078662
1260	6455758
1143	7431458
1143	8834409
1143	3801586
1143	3214109
1143	8729443
1143	3573806
1143	5670255
1143	8402745
1143	6956762
1143	4979735
1143	7061570
1143	4170922
1143	149991
1143	3871688
1143	7517334
1143	7109617
1143	5531644
1143	1344135
1143	6723418
1143	2876339
1143	1767525
1143	8383669
1143	6081954
1143	2370982
1143	738353
1143	7315375
1143	5263586
1143	2010650
1143	3489900
1143	8772186
1143	801683
1143	2831241
1143	5636200
1143	3707023
702	4514449
702	5565936
702	1339102
702	542724
702	516333
702	5458624
702	3753789
702	647421
702	2302289
642	674873
642	6561389
642	3549438
642	964975
642	5151276
642	8076622
642	4978712
642	3831477
642	4620866
642	2167909
642	6718167
642	8265672
642	313326
642	5306093
642	6146178
642	7495645
642	7949887
642	8192193
642	2528030
642	1867681
642	2513307
642	8529113
642	2829212
642	648696
642	6757543
642	6017835
642	7951740
642	279953
642	6233512
642	6459042
642	6277468
642	599335
642	1427148
642	1905140
642	8807242
642	5624924
642	7657816
642	7044717
642	5739088
642	801061
642	8349794
642	7555207
642	1232347
642	8251987
642	8112662
642	341098
642	5695459
642	2734258
642	1168001
642	187605
642	985116
642	4999296
642	3072653
642	4498396
642	3162535
642	994878
642	3264078
642	5582424
642	2899867
642	5143868
642	786559
642	3267809
642	7034918
642	1279596
642	5454918
642	8350749
642	5586280
642	8491067
642	5041315
642	5552166
642	5853849
642	7528193
957	7578353
957	8515231
957	3912759
957	2273436
957	5536574
957	3483404
957	8082812
957	1037617
957	2710601
957	557643
957	6984567
957	25527
957	6055993
957	5752635
957	6174063
957	6192148
957	5437558
957	7603444
957	2128927
957	4148333
957	2168490
957	1026345
957	6994595
957	8649951
957	8368928
957	8308595
957	8803669
957	3277645
957	5819214
957	4517156
957	6901626
957	4757985
957	3216217
957	196682
957	8401825
957	2027682
957	6267099
957	3156015
957	696562
957	7506457
957	1361224
957	6721978
957	6751150
957	1057345
957	3196159
957	2512913
957	7485369
957	3990687
957	736378
957	7188195
957	3673090
957	1827064
957	3550137
957	6761393
957	2489630
957	944373
957	4526903
957	7453671
957	186396
957	6758744
957	5952423
957	1535520
957	1849801
957	1575694
957	3021684
957	7634764
957	6118855
957	5798242
957	3045890
957	6117598
957	3490378
957	3757746
957	1896899
957	1793232
957	1075124
93	4237583
93	5162282
93	4673465
93	1002900
93	8171022
93	8574122
93	5191603
93	5644724
93	6028458
93	5718961
93	3318123
93	1088746
93	1176439
93	9947
93	2596671
93	3027172
93	7279819
93	1954700
93	8589177
93	6898363
93	1149313
93	6916038
93	4926721
93	2459310
93	7826387
93	5130751
93	1158031
93	2593915
93	3134365
93	3054304
93	3736705
93	212253
93	7961019
93	4962528
93	7791816
93	6296810
93	2271568
93	5773594
93	7822382
93	5726927
93	3500375
93	6548665
93	4833048
93	2524901
93	5836342
93	6922600
93	4344922
93	711208
93	846492
93	2965996
93	6132526
93	8174702
93	1713092
93	5033594
93	3008087
93	5926430
93	2809270
93	7582514
93	8263104
93	547065
93	114182
93	433343
93	6842873
93	7369992
93	2792573
93	672423
93	3725507
93	851273
93	5426674
599	3028693
599	5670898
599	1425630
599	4388863
599	5388571
599	2446477
599	7606845
599	8167416
599	1869400
599	7781884
599	7233652
599	1994006
599	7542261
599	6548795
599	8403776
599	6760967
599	1779894
599	8547839
599	4154649
599	954106
599	6078050
599	281067
599	1653391
599	6758308
599	6258919
599	6376923
599	3072320
599	699274
599	7410634
599	8011279
599	8153700
599	6931512
599	6816158
599	2204364
599	7199562
599	729727
599	6212721
599	4560331
599	7475460
599	2656117
599	256289
599	3522415
599	379765
599	7105453
599	5712347
599	5763769
599	8327635
599	1313405
599	6220726
599	6810361
599	7048176
599	7159075
599	8017007
599	5719971
599	3108331
599	1448576
599	2404640
599	8184581
599	6522382
599	4084706
599	766851
599	3781986
599	7386013
599	3959780
599	3987523
599	3235393
599	817696
599	97552
599	4654475
599	3551978
599	5816308
599	198844
599	5279188
599	1590018
599	7672805
599	4555654
599	2976214
358	7451213
358	53364
358	1375555
358	2457861
358	5437753
358	2737676
358	746926
358	3997324
358	6148262
358	1460623
358	1493633
358	7239546
358	1214320
358	1318691
358	2089411
358	8002916
358	4999667
358	5211195
358	7976827
358	3572503
358	6340529
358	1136055
358	7486508
358	6586050
358	2167640
358	3915905
358	5876974
358	4994380
358	3106905
358	7195400
358	8886191
358	1825001
358	3312341
358	1578750
358	6904732
358	8042445
358	1440149
358	3352920
358	8466572
358	4571530
358	8718302
358	5543974
358	5024470
358	410887
358	731737
358	4446453
358	3530203
358	2560139
358	3490698
358	268271
358	4790215
358	186415
358	8488634
358	5838769
358	7592360
358	8167754
358	3134409
358	5408342
358	1709669
358	5425954
358	1216030
358	1141991
358	404077
358	4467072
358	926732
358	7411857
358	4214865
358	2131979
358	2771210
368	8871678
368	496477
368	7439564
368	4763705
368	2303111
368	1971264
368	6663535
368	5509401
368	5955550
368	3582483
406	5759282
406	6457011
406	8477570
406	6002633
406	6198218
406	6362475
406	3166087
406	4596121
406	7591128
406	5208226
907	63743
907	2092506
907	3313529
907	7525194
907	6547722
907	541300
907	919778
907	8586973
907	8486859
907	6208517
907	6561212
907	5686236
907	876041
907	5914809
907	1118939
907	4811300
907	3616766
907	3179993
907	2252870
907	8513227
907	8579323
907	1632523
907	8174988
907	6652533
907	6275321
907	4505032
907	5110724
907	8393799
907	5208153
907	4182391
907	2903723
907	4634426
907	7771290
907	2901956
907	2420739
907	2099624
907	737877
907	6427519
907	3041971
907	7233235
907	1967165
907	2434663
907	2205492
907	7913635
907	8531876
907	1358176
907	7894427
907	8189765
907	4814841
907	1467076
907	6665584
907	28794
907	8754417
907	137501
907	5488326
907	7946440
907	466556
907	3552951
907	1508515
907	2234176
907	3878427
907	4177228
907	3205634
907	7961595
907	3029590
907	1516136
907	6883873
907	3560487
907	4999083
907	787452
907	6908061
907	5297783
907	3738044
907	4381373
907	1035638
907	885846
1701	6266160
1701	2442227
1701	1558184
1701	4714083
1701	5197415
1701	2805808
1701	1911084
1701	6415097
1701	3013186
1701	6792960
1701	7206800
1701	425146
1701	6673922
1701	6183696
1701	3588004
1701	3362379
1701	3285405
1701	6915455
1701	7374457
1701	5228565
1701	2443548
1701	6486047
1701	6978648
1701	6220392
1701	3067372
1701	1195272
1701	7723008
1701	5965565
1701	963814
1701	1065927
1701	6956409
1701	980298
1701	5602571
1701	2041845
1701	6687793
1701	6374686
1701	3593128
1701	1589316
1701	6685555
1701	5242233
1701	4488346
1701	5840979
1701	1555660
1701	8144268
1701	4794856
1701	515840
1701	1463690
1701	2881070
1701	908914
1701	8148832
1701	7399534
1701	5234429
1701	3385367
1701	820087
1701	2689387
1701	1898833
1701	555446
1701	1481814
1701	5276377
1701	22445
1701	664651
1701	6262753
1701	8440376
1701	6521492
1701	218602
1701	7641830
1701	6891798
1701	7760974
1701	992156
1197	7771463
1197	8535931
1197	5640842
1197	760480
1197	2317254
1197	7772041
1197	4432822
1197	1627258
1197	4322280
1197	2918710
1197	208652
1197	2623915
1197	6363251
1197	5060670
1197	5150034
1197	3597586
1197	3901830
1197	5966641
1197	488724
1197	3545036
809	6959152
809	3485184
809	7288396
809	1777338
809	5659468
809	1713718
809	6124424
809	2945148
809	5367443
809	1183832
809	4690393
809	7663264
809	5591978
809	6666226
809	6358981
809	8453544
809	5289545
809	2999776
809	6676374
809	6438014
809	4986598
809	6691858
809	4020161
809	131355
809	7838847
809	5737014
809	8591503
809	256545
809	7350448
809	4984804
809	6131354
809	4448226
809	7443413
809	3401725
809	7312501
809	510939
809	5172431
809	8443058
809	6141754
809	1927717
809	2719652
809	3133921
809	4704364
809	1601194
809	5852024
809	6619892
809	93446
809	8469249
809	4684911
809	5888746
809	8123050
809	3736080
809	5785129
809	190436
809	1663423
809	6927584
809	8893693
809	7333542
809	2380009
809	3640781
809	823161
809	4254844
809	3820434
809	8899757
809	835182
809	5025092
809	6381472
809	6274304
809	8223459
809	5040682
809	1455807
809	3518083
809	3104595
809	8654889
809	4412198
809	556040
809	3900972
1760	849269
1760	4130076
1760	2656318
1760	747117
1760	7618668
1760	2517565
1760	4659837
1760	4376293
1760	5704949
1760	4155170
1760	4748880
1531	2187433
1531	4885418
1531	7553865
1531	3565515
1531	2869460
1531	6945112
1531	1541546
1531	1574570
1531	6052061
1531	4461776
1531	2291850
1531	8389785
1531	4828022
1531	5627449
1531	6392808
1531	4812053
1531	532961
1531	5372441
1531	5184940
1531	82342
1531	1746283
1531	3622046
1531	5067405
858	7658446
858	4511941
858	641341
858	89298
858	4664382
858	5830071
858	951293
858	3436886
858	3418990
858	7913130
858	7032767
858	608459
858	2870219
858	5081583
858	7312374
858	2450945
858	7272883
858	2350
858	5038618
858	8144691
858	6198329
858	6680873
858	3147440
858	7353835
858	3787355
858	2281032
858	5618543
858	4924583
858	7600854
858	7710431
858	811176
858	3142385
858	3863544
858	4230771
858	4919901
858	3170931
858	3333939
858	4662899
858	1437862
858	8449146
858	8379851
858	7909776
858	3596028
858	5212798
858	8847526
858	5482376
858	8405376
858	7222859
858	6493978
858	1439701
858	1836878
858	8697974
858	3728872
858	7448057
858	5234827
858	1764399
858	5153655
858	2485561
858	1896183
850	4711779
850	6744723
850	3264281
850	3156635
850	2027887
850	1668032
850	2956853
850	3726737
850	3084761
850	7567888
850	4737466
1745	1318578
1745	1936563
1745	4146838
1745	6486388
1745	3982619
1745	26426
1745	7101069
1745	7216979
1745	2445168
1745	1324456
1745	8242571
1745	7311936
1745	6000759
1745	4482663
1745	4129421
1745	5195195
1745	7869437
1745	1759449
1745	2572659
1745	5775359
1745	4883953
1745	2754420
1745	1766860
1745	2159531
1745	960023
1745	7731620
1745	3280252
1745	4668668
1745	1167288
1745	6673265
1745	2954869
1745	4598012
1745	6920370
1745	2547878
1745	4400450
1745	3854123
1745	6397126
1745	612561
1745	6054754
1745	6221269
1745	4753339
1745	375910
1745	6227274
1745	302676
1745	973599
1745	5523492
1745	1524227
1745	6559594
1745	625059
1745	2549581
1745	3848929
1745	2465887
1745	1206794
1745	957593
1745	7615773
1745	6076879
1745	6364791
1745	7901537
1745	5776996
1745	7472698
1745	208995
1745	8238512
1745	1919645
832	600711
832	719162
832	8615405
832	1594268
832	6013802
832	2728223
832	3457585
832	3561121
832	6522947
832	4848378
832	6400266
832	2254169
832	5162811
832	2081722
832	7726943
832	7018341
832	7110870
832	3830576
832	4414470
832	5305096
832	7913660
832	4627352
832	516646
832	8323700
832	5021817
832	99495
832	7916122
832	4585987
832	6410452
832	5247683
832	5750354
832	2193086
832	7646502
832	1715376
45	1383237
45	2184637
45	7572730
45	287553
45	3030060
45	2658411
45	4786215
45	3877557
45	3373995
45	5608374
45	4561666
45	1197045
45	7328676
45	8528746
45	5654460
45	6220038
45	7764056
45	2084971
45	1624664
45	7724371
45	6524430
45	5168650
45	142906
45	6657505
45	840865
45	8345325
45	7654451
45	4951221
45	6332286
45	1787354
45	519929
45	3460663
45	8464734
45	822868
45	6010763
45	4885472
45	454164
45	2567506
45	8251264
45	1038646
45	2839542
45	2057310
45	4727570
1209	7782853
1209	1192136
1209	833823
1209	2782869
1209	6275916
1209	5723667
1209	7207795
1209	7249336
1209	5013829
1209	1534921
1209	981412
1209	8902434
1209	8852657
1209	294528
1209	3500972
1209	5457195
1209	7755134
1209	1501742
1209	6821070
1209	6966266
1209	8318895
1209	5110523
1209	1910394
1209	5326231
1209	1954333
1209	2735194
1209	4747845
1209	7274039
1209	652574
1209	4236432
1209	7830601
1209	6269450
1209	3599064
1209	3166367
1209	2377502
1209	3627376
1209	6909510
1275	7182272
1275	4175106
1275	4152355
1275	8420627
1275	5179414
1275	3679794
1275	2708819
1275	8429043
1275	5004047
1275	199361
1275	2084226
1275	7203633
1275	6492665
1275	8862820
1275	5216407
1275	2943950
1275	5763594
1275	5645072
1275	1656930
1275	2422184
1275	4929137
1275	1419678
1275	5376756
1275	8215793
1275	4875988
1275	3019643
1275	2298776
1275	4201325
1275	5871592
1275	4626512
1275	7697379
1275	5880806
1275	8584320
1275	6409871
1275	385052
1275	8879464
1275	2564872
1275	1401704
1275	1671696
1275	6659385
1275	8370130
1275	4881895
1275	4862451
1275	1086298
1275	3444400
1275	5351614
1275	2023005
1275	7775690
1275	3489944
1275	4945355
1275	6919019
1275	3629918
1275	6627889
1275	5968689
1275	8885634
1275	6851096
1275	7724514
1275	6627332
1275	6879251
1275	3626422
1275	7232124
1275	2334076
1275	4093605
1643	4017972
1643	7003060
1643	3023296
1643	8867737
1643	5773588
1643	2091850
1643	8182948
1643	5247470
1643	4802974
1643	194287
1643	8469047
1643	7388557
1643	7257471
1643	6572403
1643	7281010
1643	4754660
1643	2181340
1643	697967
1643	1440628
1643	4735212
1643	4114208
1643	8855660
1643	2449804
1643	1823385
1643	2153242
1643	2986211
1643	1908927
1643	2347488
1643	5326867
1643	129893
1643	4095912
1643	2624334
1643	8555229
1643	6506928
1643	6646990
1643	1743436
1643	2274991
1643	6999518
1643	8723252
1643	153384
1643	8658940
1643	43814
1643	1828170
1643	2847092
1643	5302626
1643	3669531
1643	6585566
1643	1131792
1643	692161
1643	6214644
1643	5811671
1643	5575918
1643	381316
1643	1857064
1643	8845397
1643	7516860
1643	7524686
1643	1597050
1643	8092088
1643	5526767
1643	5889448
1643	5947523
1643	5235214
1643	2956264
1643	1119490
1643	8624255
1643	7573841
1643	7903271
1643	5378940
1643	2570528
1643	519714
1643	8376321
1643	470162
1643	8310321
1643	48691
1643	3923649
1643	8918
1643	6083380
1643	4867086
156	6080706
156	7050300
156	4734146
156	4567963
156	5421004
156	534277
156	87772
156	5092558
156	1806915
156	5933140
156	4946063
156	5667831
156	7258276
156	316790
156	261733
156	7453267
156	1538661
156	6900643
156	2141329
156	1781311
156	941594
156	2610298
156	8743235
156	2658287
156	1316707
156	2211182
156	1486371
156	1319148
1501	3395302
1501	5481865
1501	8283176
1501	1367489
1501	8652355
1501	6061130
1501	7290346
1501	7509354
1501	5537176
1501	6065766
1501	8614336
1501	6643156
1501	5051452
1501	2397925
1501	6238647
1501	5739920
1501	7873456
1501	3731758
1501	2763215
1501	4034932
1501	3710355
1501	917153
1501	3818218
1501	1578236
1501	3566527
1501	74929
1501	7297489
1501	1356821
1501	7894568
1501	3121331
1501	785822
1501	5024130
1501	6393667
1501	3261839
1501	2880272
1501	6709795
1501	3537171
1501	4737985
1501	1038879
1501	4902643
1501	6628877
1501	3741565
1501	7053301
1501	2530653
1501	1321377
1501	1942186
1501	971108
1501	6758009
1501	297868
1501	3717399
1501	5707643
1501	7841163
1501	3752766
1501	401733
1501	1561359
1501	3493950
1501	8928710
1501	4540935
1501	6307611
1501	7097479
1501	4990385
1501	3757119
1501	5389313
1501	4120016
1501	3322890
1501	8383148
1501	228492
1501	5375715
1501	6425870
1501	6683570
1501	4287597
1501	3286233
1501	8792518
1501	7890280
1501	8697679
1501	2700436
1501	1193441
1501	4982990
1501	8732447
1501	1949911
1052	8905538
1052	7825604
1052	5227925
1052	6672440
1052	3088009
1052	6916783
1052	5402558
1052	5149771
1052	4011980
1052	7031413
1052	1283469
1052	8817980
1052	2998966
1052	3677550
1052	5781331
1052	7313728
1052	1347655
1052	5423617
1052	3355809
1052	7273117
1052	1225451
1052	948802
1052	6104498
1052	1731213
1052	2987432
1052	6226697
1052	5341816
1052	1135171
1052	7598339
1052	1428293
1052	1338447
1052	3348578
1052	6855602
1052	2092068
1052	8593937
1052	50253
1052	8626440
1052	7711011
1052	474604
1052	3327814
1052	6978692
1052	3309103
1052	2480563
1052	5980633
1052	1371476
1052	7261460
1052	623726
1052	4070840
1052	8722360
1052	515310
1052	557292
1052	1235122
1052	8103855
1052	5317766
1052	2427561
1052	2916979
1052	5333140
1052	7544973
1052	5014457
1052	1896983
1052	8578185
1052	199448
1052	7979163
1052	7672974
1052	6389746
1052	895687
1052	2478344
1052	8003212
1052	6213685
1052	5909604
1052	2363381
1052	4207888
1052	252677
1052	908029
1052	1414817
1052	8180534
1052	1880147
1052	702603
1386	4683765
1386	6947114
1386	3079782
1386	2525686
1386	904074
1386	6899727
1386	63075
1386	3494669
1386	2632004
1386	2209547
1386	2348747
1386	2235083
1386	4195324
1386	1550485
1386	1499894
1386	2048806
1386	7405695
1386	7509445
1386	4358391
1386	3737548
1386	8094155
1386	1940492
1386	7742714
1386	3571494
1386	351072
1386	5282808
1386	5968856
1386	4748223
1386	957736
1386	1917000
1386	5964173
1386	935273
1386	7570327
1386	1867875
1386	1219794
1386	5193316
1386	5339603
1386	1419836
1386	6192239
797	2843191
797	5662100
797	1860497
797	3244553
797	3170363
797	2060370
797	164233
797	5293785
797	2302335
797	63664
797	1405463
797	3233577
797	6291683
797	8416663
797	7984482
797	4802731
797	7828289
797	5055349
797	2368174
797	3497891
797	1564798
797	269730
797	3850241
797	5483166
797	8555468
797	4697317
797	7812958
797	4452546
797	3840053
797	8272107
797	2148813
797	846211
797	8567229
797	6561271
797	4843598
797	4074147
797	5340796
797	38520
797	4821514
797	6797445
797	8124208
797	7630959
797	5229469
797	5982820
797	2099785
797	2999177
797	7662990
797	3258176
797	22266
797	3669570
797	4008041
797	931140
797	3434146
797	1483122
797	3630231
797	7600125
797	1734
797	3579063
797	1935120
797	5636496
797	5901835
797	6331313
797	7565537
797	1268457
797	3700728
797	3174391
797	1699511
797	4408795
797	1468840
797	6250629
797	5887256
797	2584122
797	4817018
797	8752179
797	2289764
797	6491733
797	3871534
797	7240402
797	6046993
797	2648681
1326	5347632
1326	1256143
1326	1691310
1326	3446128
1326	2016209
1326	3329113
1326	7400342
1326	4259282
1326	1623734
1326	725991
1326	1360806
1326	6410868
1326	8293517
1326	334360
1326	1188048
1326	4051672
1326	7909665
1326	4152852
1326	1758942
1326	1220117
1326	592080
1326	4282813
1326	3422564
1111	8323243
1111	1918715
1111	5352608
1111	5239068
1111	3906133
1111	4317457
1111	1925404
1111	4138848
1111	7547535
1111	2542494
1111	4057388
1111	6697516
1565	3624395
1565	7842805
1565	6703430
1565	8649748
1565	5795972
1565	121724
1565	6896671
743	5092136
743	5603819
743	7700730
743	1439106
743	8681886
743	7112351
743	2404861
743	1675607
743	890366
743	3251811
981	2180639
981	1773155
981	896497
981	5968148
981	2008305
981	7968738
981	8280399
981	3892224
981	1389885
981	3847371
981	4854390
981	6094739
981	1435221
981	1524944
981	2935185
981	7601924
981	1621594
981	78012
981	4414368
981	17634
981	4372899
981	6388952
981	5219124
981	8448031
981	8761451
981	4528726
981	2010872
981	8025890
981	4579933
981	4396662
981	8004970
981	5529776
981	62158
981	6024047
981	2056798
981	379224
981	8200573
981	1277901
981	3362586
529	439924
529	7061129
529	4894402
529	5474024
529	3375833
529	246650
529	6309374
529	6396693
529	7769280
529	5676386
529	5963889
529	2412935
529	770245
529	7122344
529	2906309
529	5507054
529	5521286
529	1076187
529	5157051
529	1457719
529	1397520
529	7495996
529	4398007
529	4044401
529	3702499
529	6675880
529	8419911
529	6431423
529	4623708
529	4368260
529	15020
529	1394169
529	4582910
529	85067
1259	8654151
1259	4466612
1259	7356716
1259	1741468
1259	884859
1259	3420036
1259	5039
1259	8556379
1259	2518941
1259	1367379
1259	5886213
1259	5687485
1259	4249799
1259	2163806
1259	2812575
1259	1171304
1259	3711893
1259	2216205
1259	1630938
1259	1189435
1259	4295617
1259	3796177
1259	5600786
1259	5519800
1259	7025656
1259	4841310
1259	8488461
1259	7742174
1259	6029006
1259	7055610
1259	3199623
1259	6491528
1259	1148112
1259	7117992
1259	7981198
1259	4516186
2	672367
2	4773396
2	205801
2	4559497
2	5264238
2	7486872
2	7434772
2	2878000
2	7383166
2	2207091
2	926196
2	7654593
2	5604769
2	660396
2	6703393
2	8850470
2	7069159
2	301939
2	2686087
2	4636853
2	4295421
2	332084
2	4619886
2	6906660
2	409864
2	4110880
2	848566
2	6652730
2	2918489
2	4121108
2	8561341
2	1763530
2	7697044
2	4795999
2	1022228
2	2913575
2	3591502
2	1804207
2	8910608
2	5329132
2	4333618
2	5164870
2	4222217
2	6729995
2	4779625
2	5376819
2	7430747
2	8250365
2	6313560
2	6248300
2	5426528
2	2682827
2	6258286
2	3520476
2	6979247
2	1161992
2	2593850
2	800125
2	8929876
2	1020543
2	2258221
2	6994381
2	8589158
2	6562913
2	2503845
2	525292
473	2648785
473	135474
473	1922390
473	8240747
473	2553628
473	6084085
473	5091280
473	3246964
473	4656114
473	6348114
473	7195534
473	3105659
473	2904497
473	1844634
473	4440644
473	4210984
473	4026751
473	5385923
473	6830924
473	8621502
473	6000775
473	5742829
473	6106087
473	7035279
473	5795016
473	6856414
473	6402045
473	8141976
473	2307521
473	6855194
473	3359761
473	563421
473	3041671
473	7744059
473	1118288
473	1961053
473	4320113
473	404944
473	4877279
473	1165521
473	259841
473	4959186
473	4682854
473	5726031
473	362127
473	5259511
473	6897041
473	382797
473	1873769
473	2601454
473	6381923
473	567770
473	3464591
473	7649112
473	1692447
473	8154101
473	7824605
473	983688
473	8614402
473	265443
473	4712274
473	1325695
473	2088939
473	3966993
473	7852652
473	7916374
55	1355632
55	1602298
55	1454736
55	7942165
55	1764129
55	4175909
55	6049864
55	1827209
55	2454942
55	8804020
55	1379913
55	7286134
55	8530221
55	2553307
55	1830802
55	3029883
55	2107670
55	1986709
55	6670
55	3398954
55	1384745
55	6843321
55	8573904
55	3724197
55	6999056
55	2254310
55	1121626
55	5104034
55	8769135
55	5827792
55	1919171
55	1273078
55	6962989
55	3057885
55	2413855
55	7652470
55	2012204
55	4708997
55	3960684
55	5079998
55	5594382
55	1157037
55	8047086
55	7609629
55	6648570
55	5624214
55	8239806
55	8062787
55	4064387
55	184961
55	3606873
55	666326
55	6515543
55	2256789
55	1162586
55	2377596
55	6689975
55	4797399
55	5801595
55	7614683
55	336248
55	8485068
55	8805983
55	5460640
55	6638717
55	1950160
55	219696
55	7236048
55	6931392
55	8092458
75	633855
75	3135675
75	5938963
75	1498910
75	2248656
75	354218
75	2933950
75	1876429
75	1542349
75	4258689
75	4522503
75	6005676
75	7511513
75	8562483
75	3206317
75	6565960
75	2571081
75	7534135
75	5906563
75	7900502
75	1704814
75	8387895
75	3395114
75	5271067
75	5182285
75	4577983
75	7897891
75	6622573
75	4749157
75	5125211
75	5470890
75	8491714
75	8472605
75	6081818
75	7420551
75	8810998
75	2494914
75	6504990
75	1240083
75	5193219
75	167578
75	4433570
75	5381111
75	7402747
75	8340879
75	1000107
75	4029804
75	3471821
75	3995884
75	3111597
75	3148677
75	4415709
75	6603166
75	2707344
75	7008836
75	4210947
75	2133526
75	2566566
834	801025
834	7674000
834	382547
834	1030342
834	1081065
834	2664471
834	747656
834	5757953
834	7965642
834	6271533
834	1402508
834	1657698
834	7282991
834	571166
834	351018
834	2760647
834	8438514
834	6692764
834	7211097
834	8178549
834	1010598
834	3820512
834	3179015
834	2279543
834	1714141
834	2187853
834	5231771
834	7776704
834	7007667
834	4053348
834	3942254
834	2607037
834	6194431
834	6587739
834	6791187
834	2748152
834	6924138
834	789116
834	6690733
834	8497555
834	1886081
834	7078238
834	4311213
834	8514351
834	8909169
834	1635970
834	2945023
834	8717334
834	4714429
834	6373125
834	6308992
834	5271562
834	6065810
834	458130
834	4202922
834	5843859
834	30269
834	6811793
834	4730285
834	6273996
834	6321557
834	2788690
231	492052
231	4565263
231	5876484
231	6325501
231	5985971
231	3177310
231	4838933
231	4166951
231	3424194
231	6175795
231	3687270
231	5747064
231	980481
231	8051842
231	6845697
231	8172601
231	1647198
231	4969062
231	6520153
231	8043210
231	408735
231	2581151
231	5027363
231	6640678
231	7194088
231	2888008
231	3730990
231	7022820
231	5516721
231	2200182
231	5315830
231	90653
231	2722895
231	4226911
231	8784774
231	4360272
231	810776
231	7469600
231	2542126
231	378753
231	5825789
231	2565327
231	488479
231	5514818
231	5152932
231	6776914
231	7271809
231	7619601
231	2839518
231	588059
231	5170767
231	1794137
231	1536212
231	6490040
231	7596416
231	4959921
231	936300
231	3626018
231	3055868
231	3571912
231	4574918
231	4255067
231	2221680
231	8140047
231	3634021
231	7001874
231	1123523
231	8092265
231	7639159
231	8075638
231	2080151
231	6903087
231	4113353
231	8772387
231	5436448
231	2324624
231	72170
231	7937839
231	6293090
231	1312563
1605	6984736
1605	6081977
1605	8633604
1605	730738
1605	2488908
1605	6766910
1605	929034
1605	8271633
1605	1239072
1605	1362316
1605	4726095
1605	2218313
1605	2941982
1605	7306581
1605	6352216
1605	5737751
1605	593135
1605	2190518
1605	1051096
1605	7520085
1605	8891525
1605	7171049
1605	4931962
1605	1847634
1605	4740265
1605	6464769
1605	6926352
1605	8886171
1605	8417060
1605	8754420
1605	2483086
1605	2057649
1605	1653970
1605	4635197
1605	6498431
1605	5107897
1605	1473530
1605	249388
1605	765246
1605	614068
1605	8443881
1605	2279807
1605	7560020
1605	6322867
1605	4299896
1605	4570764
1605	721991
1605	3746194
1605	4140907
1605	571314
1605	6608746
1605	4611146
1605	1025654
1605	2234531
1605	3244532
1605	3665853
1605	7546088
1605	3104696
1605	1372739
1605	6077932
1605	8665647
1605	4772036
1605	2585575
1605	5216942
1605	5502728
1605	2379574
1605	926537
1605	6120366
1605	7603941
1605	3542833
1605	1986168
1605	5841978
1605	2007677
1605	7793971
847	8146163
847	8392184
847	7816449
847	1483638
847	5348
847	5048499
847	736516
847	517382
847	3296146
847	3652046
847	5312385
847	3608982
847	1068332
847	7182009
847	162946
847	6031594
847	7900578
847	841038
847	1685832
847	2036325
847	865043
847	8069674
847	6157895
847	8312058
847	5294890
847	212400
847	19367
847	7685544
847	5853603
847	8006717
847	1755008
847	1983550
847	6207634
847	4956237
847	7843890
847	2216164
847	6648127
847	2946838
847	1631454
847	359559
847	1765370
847	3822614
847	8211784
847	7773554
847	5658967
847	8779819
847	2150500
847	4366839
847	4989791
740	6340705
740	3283839
740	1828224
740	1634084
740	4402244
740	3923775
740	7602315
740	7289163
740	3469399
740	5968088
740	7198072
740	3720629
740	6327596
740	6062025
740	3597499
740	6198984
740	5503066
740	7086512
740	5631750
740	6074890
740	6943886
740	5728375
740	4228756
740	4624487
740	5906474
740	8829647
740	6593645
740	5508412
740	511994
740	8737763
740	8217653
740	715720
441	2330536
441	7004159
441	8327941
441	2170972
441	5535583
441	8856540
441	7857572
441	2766639
441	2569832
441	6201164
441	7639560
441	5632923
441	6764041
441	5627163
441	3902860
441	8779268
441	5482284
441	6588822
441	6111422
441	2517295
441	6950963
441	5245728
441	2550618
441	2908436
441	8180497
441	5178453
441	7872922
441	780503
441	3408221
441	3175610
441	3733336
441	1164476
441	1479313
441	1764697
441	5585358
441	2139221
441	6743336
441	8027380
441	6019563
441	6585908
441	5080965
441	8104194
441	5602868
441	7853381
441	8467737
441	3733101
441	1861677
441	360044
441	7756034
441	126886
441	2745977
235	2319441
235	1077371
235	7824393
235	1513302
235	2665582
235	3945732
235	8471229
235	7876585
235	2939950
235	17924
235	695968
235	1243296
235	5190523
235	4594242
235	1069556
235	4814623
235	5842632
235	780776
235	4122038
235	6442441
235	3225668
235	8181866
235	5659385
235	1235765
235	2994435
235	5455968
235	8790511
235	1180387
235	6333072
235	2440656
235	7467037
235	4632940
235	5557672
235	373256
235	7354764
235	517624
235	3477910
235	4149424
235	3026445
235	7932473
235	3058618
235	1795402
235	7538305
235	4127456
235	5113106
235	2297861
235	367293
235	2814739
235	6809665
235	4724494
235	8115627
235	2126613
427	2019951
427	8661758
427	619948
427	8733145
427	5393022
427	8830669
427	4595618
427	6658474
427	8008418
427	1383434
427	704567
427	529753
427	4528322
427	5971471
427	6546208
427	3729990
427	1098792
427	7758455
427	3565636
427	623175
427	3003950
427	2096050
427	4276217
427	5266766
427	6405000
427	5650740
427	6490103
459	4019245
459	8046768
459	2855422
459	5992595
459	528099
459	7009488
459	7336156
459	7455892
459	7499126
459	5484910
459	3306411
459	3951693
459	131867
459	7204861
459	2092290
459	4597237
459	92983
459	4696204
459	1077629
459	1894810
459	8384668
1774	3778434
1774	285686
1774	8216268
1774	874058
1774	6056566
1774	8002788
1774	7604858
1774	2281422
1774	7846193
1774	5116459
1774	5976173
1774	181931
1774	4349404
1774	1281357
1774	3359109
1774	2385822
1774	5123507
1774	6766161
1774	6864884
1774	874839
1774	1940029
1774	1551929
1774	2201172
1774	4209996
1774	5766777
1774	696115
1774	97637
1774	290359
1774	8754347
1774	4433233
1774	443883
1774	7636511
1774	6990724
1774	8001068
1774	7798977
1774	548229
1774	3886118
1774	3304476
1774	2065501
1774	7375734
1774	8037778
1774	1560764
1774	4338843
1774	3663372
1774	3770609
1774	6612643
1774	1105519
697	8202533
697	8831649
697	1145007
697	1916114
697	8580931
697	7396069
697	8005356
697	2202275
697	7760065
697	5167433
697	4471360
697	4195550
697	2007521
697	2820971
697	7522586
697	1062318
697	7871379
697	1882872
697	6954954
697	3647605
697	7549191
697	222932
697	2526257
697	6123508
697	407239
697	5944843
697	6021202
697	4849419
697	5353017
697	6634969
697	3674742
697	5278635
697	3208093
697	1477410
697	6559101
697	1818664
697	4517679
697	6566346
697	1316861
697	1743714
697	779118
697	7131175
697	4322539
697	8701369
697	8415955
697	3314274
697	3468809
697	5461491
697	201274
697	8521654
697	7157816
697	6784182
697	7322991
697	2667799
697	2624137
697	6203802
697	6606093
697	442564
697	6917990
697	626050
697	4328353
697	3221428
697	4329013
697	7972903
697	8296652
697	461575
286	4107907
286	1187207
286	8379751
286	4516423
286	4586326
286	1191722
286	627882
286	4516021
286	4426423
286	2905241
286	1146218
286	8252608
286	3027278
286	3097136
286	3291236
286	2220236
286	6389300
286	1147258
286	6185944
286	6219132
286	7726385
286	4510510
286	8298308
286	2933282
286	6112470
286	8077946
286	2160667
286	6794545
286	1465469
286	546071
286	6210907
286	2530284
286	3342847
286	4549559
1346	6744340
1346	2128033
1346	8590087
1346	3693488
1346	8716609
1346	2156703
1346	8007876
1346	2855600
1346	1245748
1346	8347407
1346	2184419
1346	399727
1346	3430921
1346	1600636
1346	3053343
1346	1446317
1346	7227486
1346	6567018
1346	971408
1346	278155
1346	5135052
1346	7994482
1346	5682600
1346	7685719
1346	138872
1346	5858041
1346	1338793
1346	7476468
490	7763942
490	7024505
490	5297842
490	7190535
490	5431
490	2943799
490	5302741
490	4025574
490	8103866
490	5867646
490	3002948
490	1313402
490	6593952
490	4449895
490	4554238
490	5088818
490	5867692
490	1273611
490	3753053
22	8202519
22	951859
22	1731288
22	2810939
22	4014832
22	2056031
22	6619821
22	5734226
22	1173395
22	3479971
22	2638550
22	498694
22	4247587
22	4074973
22	7037159
22	4245017
22	5704160
22	3979966
22	2597114
22	4733624
22	1129992
22	125530
22	2473226
22	5437837
22	7708935
22	4168037
22	2651814
22	4029892
22	6694949
22	5902986
22	4485916
22	3428549
22	5260672
22	6785445
22	1446701
22	625147
22	7118581
22	7531018
22	7412346
22	7282131
22	6588557
22	8442341
22	552042
22	5144389
22	2478148
22	2851825
22	6920886
22	2713023
22	5279431
22	6487787
22	7738225
22	4988030
22	4858528
22	1740009
22	5969714
22	311220
22	1293587
22	5330518
22	7209842
22	4040762
22	666199
22	8826201
22	6646054
22	4624329
22	5981062
22	3574181
22	8522044
22	3272208
22	5818334
22	2550554
22	5077749
22	6748385
22	2142871
22	7119781
22	6563887
22	1613772
22	3718726
22	5882918
22	5532957
1603	2209423
1603	1220782
1603	8668959
1603	8046420
1603	5312768
1603	3283825
1603	1103417
1603	2344993
1603	2214420
1603	3731619
1603	2447616
1603	413322
1603	4942684
1603	1897154
1623	2513434
1623	2443023
1623	2286963
1623	8419884
1623	8687792
1623	7789149
1623	4554044
1623	1499122
1623	3149473
1623	6824028
1623	2357487
1623	8322410
1623	4090229
1623	2267759
1623	4557611
1623	5713126
1623	4660596
1623	6641053
1623	5781450
1623	2795604
1623	3623370
1623	857165
1623	683875
1623	4860776
1623	4696168
1623	5654228
1623	2528162
1623	4891007
1623	323933
1623	2534313
1623	2352646
1623	8037370
1623	3009290
1623	3862382
1623	6466080
1623	7506470
1623	4994047
1623	654849
1623	5734150
1623	5687094
1623	597470
1623	3007820
1623	3411635
1623	4371452
1623	3589471
1623	597011
1623	2941674
1623	4304243
1623	696479
1623	7283021
1623	785863
1623	3482074
1623	509393
1623	4287748
1216	12601
1216	8157830
1216	2806142
1216	1580654
1216	7037118
1216	1093768
1216	2729667
1216	7311426
1216	8094292
1216	2985342
1216	2992641
1216	5750906
1216	7177215
1216	3777012
1216	795058
1216	7321959
1216	1878107
1216	1635863
1216	1080557
1216	6815275
1216	5114461
1216	4124736
1216	5742800
1216	5434026
1216	6844403
1216	6565979
1216	3772950
1216	5458670
1216	3712067
1216	5347474
1216	1132267
1216	8490574
1216	3462337
1216	3919491
1216	634099
1216	3323710
1216	1813009
1216	6575914
1216	5847429
1216	2409978
1216	1211132
1216	4422357
1216	6866335
1216	7473521
1216	6343104
1216	7638197
1216	6709116
56	6852385
56	5928611
56	5750096
56	1745445
56	8570769
56	5640485
56	4594667
56	8204038
56	2148872
56	1440424
56	7081457
56	5705202
56	6193951
56	4620601
56	4533977
56	4229287
56	436349
56	5753377
56	231400
56	4302500
56	4055853
56	1551571
56	8837870
56	5601616
56	3440767
56	455937
56	6325327
56	2364293
56	4969005
56	1669868
56	4198160
56	1188442
56	1747140
56	7837300
56	2529923
56	1429115
56	2493275
56	3413368
56	4834044
56	1508205
56	425588
56	2499834
56	524611
56	4317913
56	8244405
56	7711021
56	3623060
56	1195276
56	5950921
56	6483839
56	7992009
56	2135145
56	179759
56	904283
56	3517225
56	8279773
56	3549508
56	1531017
56	8697304
56	6157381
56	7569801
1629	8258894
1629	6097294
1629	1594798
1629	3263293
1629	3573140
1629	2764982
1629	8874889
1629	2040593
1629	4584659
1629	2376123
1629	752592
1629	6477930
1629	3923075
1629	1728690
1629	4662495
1629	8926596
1629	763182
954	6403647
954	7207664
954	294433
954	2146138
954	239595
954	3447777
954	1899110
954	2074752
954	5166922
954	6643921
954	5366162
954	3389779
954	6775994
954	5324594
954	961346
954	3649321
954	8655986
954	2715997
954	8273655
954	4039614
954	8842945
954	3010483
954	1570812
954	1945932
954	2344126
954	3777960
954	5387806
954	4222531
954	6076369
954	5630555
954	8129246
954	7513323
954	961444
954	5170472
954	4803434
954	817959
954	8280738
954	1612755
954	1429880
954	4762530
501	7886831
501	3134413
501	7339072
501	282596
501	8341444
1048	114727
1048	5626057
1048	6754108
1048	6515380
1048	7124705
1048	3020756
1048	3584547
1048	2550629
1048	7310919
1048	3278168
1048	2839981
1048	7224234
1048	7573076
1048	5521639
1048	2973277
1048	2173026
1048	4638232
1048	8131565
1048	8879298
1048	4423271
1048	2402054
1048	3806896
1048	4471847
1048	4598587
1048	8598982
1048	8411950
1048	651676
1048	7447377
1048	8640981
1048	5917652
1048	1989471
1048	6136742
1048	4578868
1048	6205786
1048	1171537
1048	8884318
1048	5055099
1048	7769964
1048	8398132
1048	846079
1048	7520729
1048	8737490
1048	2844175
1048	1928984
1048	6694069
1048	6670653
1048	5293776
1048	7443224
1048	8141803
1048	6834325
1048	2721822
1048	1322299
1048	1761957
1048	6097601
1048	8844867
1048	1104557
1048	5870185
1048	3765387
1048	7660671
1048	8076383
1048	6263679
1048	3246415
1048	7762708
1048	5627794
1048	118724
1048	8655960
1048	5826089
1048	6102689
1048	3819715
1048	2371654
1048	6782312
1048	8284497
1048	6651842
1048	2120108
1048	5695976
1317	7557731
1317	2509252
1317	4371787
1317	4321011
1317	5085567
1317	3843613
1317	1046015
1317	4491019
1317	2556807
1317	1615662
1317	172142
1317	6621965
1317	4255377
1317	398944
1317	8553383
1317	2345830
1317	1732063
1317	7951349
1317	3604392
1317	5460468
1317	4094448
1317	3386402
1317	345557
1317	1908884
1317	3396224
1317	5414315
1317	7065221
1317	6538547
1317	46340
1317	8728281
1317	4666675
1317	3067998
1317	8493599
1317	8893235
1317	3183582
1317	2536772
1317	7975083
1317	926144
1317	1237490
367	80628
367	5008367
367	971017
367	1219138
367	1864079
367	4980872
367	3772726
367	3975793
367	3075605
367	2752357
367	7795898
367	6725604
367	5003681
367	4133663
367	22031
367	2490344
367	4626536
367	858964
367	2923418
367	6789641
367	6054391
367	7617599
367	4394309
367	8142101
367	2019204
367	604846
367	2256093
367	8801578
367	2570287
367	3215354
367	5162629
367	699425
367	315439
367	7874351
367	5420282
367	5468641
367	3390814
367	3637214
367	1909086
367	8571060
367	8509537
367	5851325
367	1524441
367	8556282
367	5848227
367	5196864
367	8295082
367	2452613
367	1383573
1693	7168082
1693	5479676
1693	2831167
1693	6787607
1693	7948583
1693	4665509
1693	8470651
1693	8478365
1693	3633269
1693	412195
1693	1383784
1693	8348064
1693	2732584
1693	2186553
1693	4430983
1693	3012178
1693	7375944
1693	8243169
1693	2746050
1693	12686
1693	7471844
1693	3280753
1693	4388170
1693	4028233
1693	3161548
1693	6299420
1693	3662111
1693	6462324
1693	7886104
1693	145965
1693	8770033
1693	7104397
1693	2469423
1693	3236576
1693	3660006
1693	5639943
1693	5126097
1693	969963
1693	3620089
1693	5127921
1693	310343
1693	1001203
1693	7433131
1693	6825465
1693	7451105
1693	305388
1693	4832689
1693	8096569
1693	3241524
1693	1046325
1693	3118787
1693	3375913
1693	2123916
1693	5384359
1693	1126249
1693	4317893
1693	7364739
85	5345224
85	6759752
85	988291
85	3122215
85	2575521
85	2872317
85	1046934
85	3893768
85	3664752
85	3302725
85	2606776
85	4046138
85	1091012
85	1475047
85	3130716
85	22598
85	7846909
85	3330087
85	7363416
85	2617114
85	747778
85	3922761
85	487558
85	576258
85	4160078
85	4967446
85	700236
85	2549528
85	3971790
85	1641602
85	7646823
85	7255807
85	4208018
85	6191255
85	5121870
85	7605377
85	5828483
85	5684018
85	8416608
85	3710429
85	7345892
746	2955281
746	7927643
746	2642315
746	5157559
746	8719025
746	8231908
746	6294085
746	8667310
746	8094542
746	964462
746	1774635
746	3117559
746	6279608
746	4512068
746	7549224
746	5363746
746	590604
746	3228415
746	1957989
746	8571427
746	1592217
746	394452
746	5903518
746	7766812
746	3597123
746	6783479
746	3988562
746	2710012
746	3498635
746	4806526
746	8022227
746	126565
746	8003937
746	4386474
746	3341157
746	3951576
746	8109704
746	2157987
746	2754200
746	4314860
746	5448987
746	5566810
746	8577456
746	7016472
746	3878405
746	7356137
746	3392851
746	6003822
746	2054663
746	6299875
746	6959938
746	1606543
746	4211514
746	7646689
746	3364854
746	5856207
746	1408158
746	1255814
746	1299048
746	1832769
746	2331541
746	237007
746	3866181
746	8698729
746	8268169
746	994924
1661	4004491
1661	1668646
1661	6365305
1661	1456662
1661	2087379
1661	1496888
1661	3651502
1661	2756243
1661	5006317
1661	593858
1661	4871179
1661	5956039
1661	1659801
1661	8209779
1661	6188037
1661	1297258
1661	302919
1661	2010339
1661	6578038
1661	4251235
1661	7386193
1661	6717041
1661	5370486
1661	4919103
1661	4268854
1661	5857946
1661	6994414
1661	1092858
1661	5019827
1661	1264120
1661	5669904
1661	8928454
1661	8109378
1661	4424910
1661	6190713
1661	8645973
1661	5754226
1661	5347482
1661	7776716
1661	2050132
1661	3447032
1661	1002238
1661	5516180
1661	6290477
1661	5363187
1661	5209157
1661	7271045
1661	8511143
1661	7604136
1661	6129078
1661	7124525
1661	8708219
1661	7792600
1661	1052175
1661	8653396
1661	3003047
1661	3173342
1661	1250193
1661	2823645
1661	1619020
1661	5380217
1661	4280376
1661	4879246
1661	2751628
1661	1516749
1661	6212969
1661	7961450
1661	2925038
1661	3897539
1661	7333033
1661	7283763
1661	8178338
1661	51378
1661	3700290
1661	6103698
1661	8018093
1428	1525819
1428	1736719
1428	6457358
1428	8611070
1428	4977815
1428	812123
1428	8097086
1428	6897911
1428	7022405
1428	8620377
1428	4529051
1428	5647557
1428	1330860
1428	8450016
1428	8517294
1428	4022968
1428	373190
1428	4223323
1428	8117708
1428	7460927
1428	2396511
1428	6556860
1428	3433472
1428	2032590
1428	2109779
1428	5477180
1428	1842474
1428	187597
1428	7870776
1428	2828296
1428	2321773
1428	7308418
1428	8203604
1428	922851
1428	74244
1428	8791510
1428	1211400
1428	6577177
1428	4918381
1428	2642363
1428	8380188
1428	4538552
1428	765361
1428	3798419
1428	7322796
1428	2425307
1428	4703089
1428	395014
1428	6836779
1428	6162221
1428	3533835
1428	7696328
1428	5780885
1428	4318777
1428	1102783
1428	3235193
1428	1975537
1428	2763245
1428	4475375
1428	5573481
1428	8507078
1428	2880620
1428	8048562
1428	8491357
1428	596797
1428	3183407
1428	4645442
1428	8374375
1428	6060184
1428	956716
1428	1125830
1428	3175990
1428	8737884
1428	7902155
1428	4403920
1428	7142390
1428	876797
1428	4823364
1428	5274412
407	7971370
407	3636047
407	7377793
407	2762015
407	208337
407	7446405
407	4655972
407	1778692
407	1293646
407	2880991
407	761625
407	7515548
407	4301903
407	5349246
407	4796021
407	7355691
407	2031517
407	7788435
407	6941701
407	1804720
407	4624899
407	3990935
407	8002884
407	7204834
407	8494002
407	1874995
407	4995007
407	627818
407	2429255
407	1603331
407	5392345
407	695736
407	2331037
407	317470
407	6699587
407	8487981
407	1965746
407	8132020
407	1217259
407	7837853
407	6898991
407	8776643
407	8596628
407	5329066
407	5317740
407	1078953
407	1394370
407	7319391
407	7179404
407	5230108
407	6087282
407	7161610
407	6138526
407	2792475
407	7736445
407	2381576
407	4594065
1327	8049268
1327	6591718
1327	1011430
1327	6812641
1327	2627885
1327	794268
1327	3747602
1327	1996992
1327	1875546
1327	292746
1327	1994087
1327	5074963
1327	3588633
1327	6237885
1327	5422098
1327	4012285
1327	314193
1327	964733
1327	2581617
1327	4961110
1327	1082479
1327	2666948
1327	3706971
1327	7166514
1327	7857953
1327	6985783
1327	3225503
1327	5278382
1327	323615
1327	4199169
1327	5544289
1327	2818994
1327	8780471
1327	4258326
1327	2875420
1327	2609134
1327	5138296
1327	8167221
1327	893268
1327	3741423
1327	3867195
1327	998105
1327	5990474
1327	8462271
1327	1426023
1327	8877238
1327	5406409
1327	8264586
1327	5337290
1327	1150016
1327	2082284
1327	4837705
1327	3218357
1327	4924092
1327	1315699
1327	8773293
1327	3198394
1327	4450274
1327	6915535
1327	3354698
1327	7203728
1327	56575
1327	6920892
1327	8325101
1327	6667627
1327	555478
1327	4086509
1327	3138171
1327	6976510
1327	8725196
1327	7195855
1327	7363717
1327	4693578
1327	469401
1327	8206608
1781	8831999
1781	7879914
1781	4097402
1781	7708425
1781	6762386
1781	5534836
1781	2841434
1781	6496766
1781	7675346
1781	4691720
1781	7103369
1781	6168939
1781	8545966
1781	6763113
1781	4615835
1781	1144537
1781	339350
1781	4488753
1781	625188
1781	664809
1781	242062
1781	4119188
1781	3265207
1781	5979054
1781	8119720
1781	2841948
1781	2567031
1781	4601349
1781	3105612
1781	4980603
1781	5292561
1781	197665
1781	7481296
1781	8000483
1781	2687777
1781	3592446
1781	2400361
1781	5412571
1781	1637491
1781	4783654
1781	8838396
1781	3582283
1781	5935641
1781	4471894
1781	8552136
1781	7927842
1781	5792976
1781	8465567
1781	6455624
1781	6230994
1781	4523588
1781	7126212
1781	335036
1781	7684614
1781	5430421
1781	7628715
1781	931441
1781	8167937
1781	4199277
1781	244063
1781	2156609
1781	2020519
1781	7275838
1781	6653990
1781	2329439
1781	6491657
1781	46172
1781	8068988
1781	2302734
1781	575305
1781	8351242
1781	7709553
1781	3015691
1781	5099740
1781	7006047
1708	5446398
1708	997569
1708	5781036
1708	4366147
1708	8766023
1708	6512685
1708	7271513
1708	6867698
1708	5937319
1708	4718953
1708	6657110
1708	5099856
1708	2022857
1708	398846
1708	8587055
1708	1770702
1708	6878788
1708	592443
1708	6262750
1708	4516791
1708	4698343
1708	4259098
1708	465345
1708	1048147
1708	8324402
1708	3985207
1708	8096986
1708	3343750
1708	6315301
1708	6925845
1708	2172494
1708	6766718
1708	7746509
1708	5575774
1708	7552115
1547	4772127
1547	8902046
1547	57238
1547	4422941
1547	1725428
1547	4808505
1547	8606565
1547	1327452
1547	1220753
1547	1433268
1547	140517
1547	3373114
1547	468713
1547	5593554
1547	618018
1547	813008
1547	6114318
1547	4606710
1547	3090398
1547	1761076
1547	6745868
1547	6935242
1547	8797886
1547	5795714
1547	8630144
1547	1113686
1547	3121065
1547	444164
1547	1091931
1547	5070282
1547	7910541
1547	747976
1547	7296709
1547	7814075
1547	2362511
1547	4438773
1547	2653505
1547	8242246
1547	7164463
1547	3575294
1547	4400491
1547	5748268
1547	7266707
1547	7411105
1547	2102393
1547	1365447
1547	1547685
1547	4419764
1547	5311512
1547	4831161
1547	6264465
1547	7225995
1547	1930718
1547	6030918
1547	6760455
1547	3783371
1547	7929008
1547	4807807
1547	7169393
1547	7603537
1547	5716181
1547	8502751
1547	1681232
1547	1980567
1547	6900521
1547	4110438
1547	8099594
1547	5849436
1547	721360
1547	369017
1547	3640173
1377	3407681
1377	1758412
1377	7584679
1377	5908082
1377	1068720
1377	5964419
1377	7315287
1377	3992872
1377	156285
1377	888120
1377	4120505
1377	3751818
1377	270032
1377	1609436
1377	3534218
1377	40473
1377	3514160
1377	1194529
1377	5570981
1377	2362439
1377	6691811
1377	5989795
1377	7744027
1377	5968722
1377	5665058
1377	7784259
1377	2017460
1377	6137812
1377	4495418
1377	3280992
1377	4327766
1377	2219401
1377	5929289
1377	81422
1377	4733577
1377	7897387
1377	32260
1377	3273385
1377	1419143
1377	4803347
1377	1193587
1377	5547102
1377	6154295
1377	247097
1377	4863629
1377	4735355
1377	3824157
1377	4247876
1377	6455650
1377	5589586
1377	7541247
1377	3511023
1377	2198326
1377	2426735
1377	782392
1377	767377
1377	4496823
1377	8714103
1377	6924859
1377	5356256
1377	4820396
1377	5720582
1377	124296
1377	4289749
1377	7926000
1377	3237932
1377	2257974
1377	5863044
1377	7895100
1377	486192
1377	5949122
1377	2984530
1377	7107722
1377	2753058
1377	4263971
1377	2892122
1377	1502538
866	4972950
866	3927040
866	2977078
866	1133843
866	6377368
866	7191677
1541	6142643
1541	8381409
1541	4380919
1541	3691274
1541	8445016
1541	7714656
1541	7927043
1541	163099
1541	4868560
1541	4384076
1541	8188128
1541	6165042
1541	7620167
1541	8228493
1541	2558521
1541	1039618
1541	1297009
1541	4196430
1541	1775211
1541	2656152
1541	1178249
1541	5109206
1541	5254528
1541	209635
1541	8457842
1541	7722592
1541	3970818
1541	2772370
1541	154205
1541	1150114
1541	2296928
1541	6464397
1541	8746949
1541	3215366
1541	6156518
1541	4442027
1541	5816690
1541	923867
1541	7006468
1541	4838005
1541	6329096
1541	3684327
1541	8849271
1541	3115805
1541	8230531
1541	8444743
1541	7734866
1541	3447211
1541	3922650
1541	3142848
1541	1840326
1541	939106
1541	7735621
1541	2701346
1541	2026303
1541	3967457
1541	2981661
1541	6501850
1541	3545765
1541	7187742
1541	1445416
1541	8292114
1541	725964
1541	2875425
1541	838021
1541	7811697
1541	6147781
1541	5627417
1541	249053
1541	8740406
1541	8043069
1541	778810
1541	2537835
1541	2068216
1541	147442
1541	8888398
1541	5026230
631	21971
631	1149381
631	5278380
631	5455010
631	1537887
631	4189351
631	5293822
631	2282109
631	6561298
631	5805642
631	3131223
631	6020851
631	4420021
631	2872717
631	8643545
631	4048498
631	4791881
631	3875397
631	9336
631	6769762
631	5101884
631	7829780
631	4847415
631	5140173
631	7844480
631	5116782
631	8731831
631	30583
631	5613184
631	6488108
631	7579396
631	785047
631	8548795
631	8790299
631	4386116
631	6118811
631	2782617
631	3756457
631	4511968
631	6790802
631	5665706
423	3537390
423	4345679
423	8316111
423	557212
423	5525670
423	5735543
423	6927521
423	1751805
423	6701303
423	6821412
423	2100884
423	575047
423	7668147
423	5076315
423	1470418
423	4505473
423	1167374
423	6393518
423	2261220
423	6141067
423	4796237
423	4795418
423	5232941
423	6645015
423	1737167
423	2964163
423	8860721
423	8160088
423	4201532
423	1701337
423	2213685
423	696518
423	6165957
423	7623310
423	1091861
423	5979410
423	1163021
423	1130938
423	8316187
423	6337724
423	5063608
423	6036429
423	5447357
423	8605229
966	146110
966	5725894
966	5423791
966	7646766
966	6675881
966	1377379
966	5829320
966	2129990
966	5272186
966	6958859
966	173423
966	2575211
966	7144362
966	6946284
966	1931131
966	8077393
966	567048
966	4814794
966	410358
966	7976483
966	6765244
966	1684372
966	5714026
966	2481347
966	7049794
966	1635534
966	1086466
966	4213353
966	80433
966	5166328
966	8364728
966	7259684
966	5984879
966	3658807
966	891386
966	7375869
966	3239964
966	213651
966	2502381
966	3221673
966	714302
966	7506798
1285	5967436
1285	570182
1285	5333832
1285	1801945
1285	3561436
1285	6436303
1285	5402179
1285	757368
1285	1803090
1285	3105543
1285	4425243
1285	4301879
1285	8196561
1285	3518555
1285	3258222
1285	4429786
1285	7120896
1285	7468570
1285	5298665
1285	6419967
1285	7253076
1285	7109164
1285	92231
1285	603206
155	3432975
155	1350669
155	6601717
155	3417792
155	5421680
155	3273866
155	6787417
155	1885124
155	3467325
155	4733486
155	868978
155	6174449
155	321045
155	1908444
155	7497487
155	8236156
155	5750234
155	7082062
155	3297957
155	3705337
155	6028543
155	1325458
155	4579129
155	3254380
155	6499690
155	4345084
155	6826754
155	426218
155	2104765
155	4600444
155	3705978
155	8478542
155	6148119
155	934973
155	780144
155	4528663
155	1547659
155	2659075
155	3551754
155	6937837
155	5561070
155	8753112
155	3239281
155	6090284
155	3305697
155	3904114
155	4072107
155	908376
155	4176138
155	497532
155	8023259
155	7960030
155	993855
155	265162
155	7089810
155	6103520
155	4176660
155	748676
155	5482693
155	2621921
155	6007366
155	3095556
155	5445734
155	6397907
155	5029421
155	718683
155	8383939
155	3559161
155	6824079
155	5197137
155	2094035
155	7925388
873	7625359
873	3790891
873	1764668
873	3713484
873	4078719
873	3142814
873	7952832
769	4284195
769	2025344
769	3479763
769	1824502
769	4986142
769	8373215
769	5583181
769	3204190
769	6843649
769	2121323
769	452902
769	6576599
769	1166416
769	3191403
769	2574164
769	719113
769	2620496
769	8367376
769	2164414
769	417617
769	7185428
769	767578
769	5015823
769	3814797
769	8892636
769	7526300
769	7447098
769	641061
769	4372025
769	5434907
769	2794410
769	379337
769	7953632
769	8136887
769	6154196
769	3958499
769	4653953
769	409289
769	1188417
769	1913977
769	4746120
769	3310107
769	2974675
769	5619740
769	4749528
769	6797645
769	145305
384	5379722
384	297708
384	1178461
384	5195616
384	4512638
384	1118916
384	8064718
384	8767644
384	2275542
384	5151911
384	1859727
384	1955397
384	4383040
384	6786733
384	4213613
384	282560
384	1120982
384	5497873
384	5891559
384	7049827
384	171077
384	1441813
384	7905459
384	3932101
384	2917768
384	1460861
384	4095862
384	5678155
384	5102477
384	4520179
384	6208394
384	4703832
384	802677
384	3960737
384	4205906
384	4118925
384	5627048
384	6403143
384	777481
384	7590822
384	1062051
384	8044333
384	8804994
1516	7739678
1516	2766098
1516	6787930
1516	6008393
1516	2595947
1516	3281729
1516	8149804
1516	7757961
1516	8102927
1516	7421056
1516	500732
1516	1681304
1516	959520
1516	6787112
1516	7526418
1516	2076348
1516	7338494
1516	1514345
662	838076
662	5329477
662	6942217
662	8527688
662	1196231
662	2754762
662	8916085
662	537068
662	8427365
662	8794929
662	768065
662	3863014
662	5227098
662	7914111
489	5959308
489	614953
489	8445486
489	4090225
489	6041497
489	8608846
489	7996752
489	504207
489	2629147
489	7793534
489	6415454
489	3517584
489	4169744
489	1020634
489	2740846
489	7666084
489	646057
489	6949933
489	3569161
489	3224902
489	375738
489	3621473
489	4619362
489	2341425
489	7509196
489	8899737
489	6367437
489	2306225
489	6951880
489	3432350
489	7375048
489	2258226
489	7276422
489	2331803
489	7155651
489	1222295
489	2583953
489	4728992
489	3001851
489	5210254
489	6858876
489	3051537
489	7080822
489	8043559
489	6298200
489	7394816
489	4528988
489	5447228
489	6166056
489	2293085
489	7968772
489	2441671
489	1983188
489	6485534
489	7473524
489	6059158
489	8461161
489	8370013
489	1284900
489	4128806
489	2397234
489	4224020
489	6460310
489	7631402
489	4807993
489	3801455
489	7331009
489	7731939
489	1017810
489	7493102
489	7089144
489	1138791
489	8666527
489	8378128
489	727381
489	4201169
489	3598341
489	5488087
1671	2955362
1671	8840744
1671	6587333
1671	7272887
1671	1547665
1671	7376157
1671	5917890
1671	5036985
1671	7323567
1671	3521786
1671	3822329
1671	8813587
1671	8476067
1671	3317325
1671	8151914
1671	5935719
1671	2752305
1671	5004402
1671	6515837
1671	796136
1671	3376199
1671	4988920
1671	4317653
1671	54132
1671	4677153
1671	8166492
1671	6591230
1671	3409089
1671	8850968
1671	8285325
1671	6185698
1671	6502595
1671	4978272
1671	6213772
1671	6318882
347	592359
347	6407199
347	1005860
347	2190318
347	4441612
347	5899559
347	3965113
347	5758511
347	5652568
347	7124535
347	2846612
347	6625620
347	5567587
347	5933239
347	5641926
347	43467
347	1500008
347	7634087
347	3764149
347	1267134
347	6583154
347	7429409
347	1227066
347	7437988
347	3653557
347	6763096
347	6538080
347	2216321
347	1749537
347	7100429
347	2554449
347	573144
347	4792100
347	7818928
347	2733013
347	2807781
347	7798027
347	3450059
784	3025433
784	8920118
784	4009484
784	6035772
784	530204
784	3579209
784	4123469
784	5749494
784	1003343
784	5187662
784	5249131
784	6921053
784	4857559
784	1260111
784	7883759
784	577613
784	8302013
784	2540032
784	6494632
784	3802175
784	627509
784	5525722
784	6909421
784	7886169
784	5517706
784	231884
784	5012416
784	1945392
784	525934
784	2721413
784	3995402
784	242250
784	3917414
784	5306531
784	3305030
784	5267241
784	5243370
784	3929538
784	4949660
784	873236
784	6207674
784	6193149
784	3707941
355	2622879
355	3835737
355	5412505
355	5748449
355	7064090
355	5281234
355	4790072
355	5344021
355	6813626
355	2140177
355	8163301
355	7366065
355	4991463
355	1452240
355	4350399
355	2300443
355	5511188
355	1967563
355	4656777
355	1848141
355	8777453
355	5967093
355	3302051
355	7178903
355	3051565
355	5277239
355	8603472
355	8814994
355	6689219
355	6364040
355	2585297
355	7332289
355	1068620
355	6079687
355	8141788
355	6590844
355	3587841
972	76091
972	2611603
972	501998
972	8183850
972	8558584
972	7634016
972	7286849
972	1855588
972	5411422
972	7785079
972	5590601
972	6131980
972	6073880
972	1354579
972	2187676
972	4519735
972	5523984
972	2952238
972	1284705
972	8549485
972	5931053
972	8486840
972	7160112
972	5768322
972	7642272
972	1392916
972	6882436
972	4869824
972	7960140
972	8487456
1200	5278747
1200	3652014
1200	6881194
1200	3394979
1200	3938085
1200	2440603
1200	3072690
1200	353499
1200	6810222
1200	6016525
1200	3292667
1200	8065265
1200	1541574
1200	693564
1200	6962758
1200	4125396
1200	5644881
1200	7214624
1200	7796330
1200	537650
1200	8533643
1200	2997223
1200	3915951
1200	6400367
1200	2613369
1200	6758359
1200	8006444
1200	216805
1200	1945891
1200	8193560
1200	8371991
1200	967930
1200	3843861
1200	2099834
1200	6916831
1200	3500868
1200	7688117
571	4383008
571	8549723
571	5313942
571	6121061
571	2091490
571	2513433
571	1390444
571	1804837
571	697983
571	1121423
571	278514
571	3893065
571	6562455
571	295829
571	2493695
571	6219324
571	6529744
571	7416761
571	1482465
571	4340445
571	4292990
571	5718355
571	6842456
571	6011237
571	7949126
571	6060915
571	19561
571	7201107
571	626917
571	7500747
571	750856
571	6641906
571	5018131
571	3782962
571	1543969
571	2245270
571	2008774
571	2463147
571	6202401
571	7582415
571	6130285
571	6605814
571	2691941
571	1188037
571	7989532
571	6645031
571	2837080
571	6352297
571	5860015
571	3329214
571	1361573
571	8471331
571	3223899
571	409710
571	3843118
571	6456467
571	3524980
312	2924226
312	6109727
312	6560913
312	2872142
312	8798680
312	6865046
312	7249849
312	7191445
312	8323079
312	1305489
312	3128821
312	8763409
312	7773046
312	1568092
312	8771171
312	2267038
312	38908
312	2652957
312	1734311
312	6414427
312	2380050
312	8229349
312	3503799
312	8512899
312	5362250
312	312235
312	8576113
312	4802452
312	6850479
312	1422184
312	4691103
312	7855212
312	7344347
312	8517918
312	6737498
312	2884289
312	125664
312	6832803
312	106409
312	2469546
312	17089
312	1843588
312	4262909
312	3624
312	8406825
312	1493364
312	8181704
312	370766
312	8427648
312	4477564
312	8925962
312	3865495
312	4365435
312	781490
312	7232942
312	3937953
312	5332898
312	8617681
312	3179661
312	6787610
312	4544652
312	3507378
312	8046770
312	5622388
312	6390273
312	4550653
312	7580803
312	1610517
312	2169596
312	6144612
312	1890141
312	6310784
312	498221
312	5799870
312	7728725
312	1312597
24	2553907
24	209562
24	7626290
24	6700596
24	2515037
24	69684
24	8252693
24	7080801
24	6268008
24	7642502
24	8142007
24	6868295
24	6484662
24	3600098
24	3581538
24	8337525
24	8815492
24	1350960
24	3934028
24	958230
24	3947121
24	2730960
24	4570407
24	8894628
24	4329085
24	6543876
24	3448213
24	6029229
1709	6033709
1709	7914606
1709	3412240
1709	5546305
1709	3277056
1709	5135212
1709	2912539
1709	875556
1709	280398
1709	4561879
1709	1874323
1709	3349334
1709	5858387
1709	8046015
1709	845463
1709	5809704
1709	311989
1709	2537058
1709	822411
910	183984
910	2945948
910	2614302
910	4398524
910	3669193
910	4560808
910	2098699
910	8892978
910	4465344
910	8281024
910	3625911
910	2551656
910	8223663
910	1188347
910	328168
910	6361147
910	3991134
910	6673938
910	8906200
910	7975760
910	2165093
910	200938
910	7552409
910	2576541
910	7777103
910	4143551
910	4408977
910	704451
910	2375810
910	3813356
910	4413293
910	2756646
910	745362
910	3213125
910	1726258
1551	6126436
1551	1290837
1551	1075311
1551	8491292
1551	5547031
1551	535599
1551	716381
1551	6671692
1551	7914443
1551	8789783
1551	924723
1551	7097368
1551	4887952
1551	4493346
1551	4552090
1551	4760474
664	3022495
664	7442906
664	6901895
664	6847283
664	8557362
664	3284209
664	331617
664	1763378
664	1451460
664	4139008
664	5950331
664	1274939
664	6849655
664	5998207
664	3057439
664	4168971
664	931701
664	5177857
664	1586070
664	3439842
664	1332315
664	7097057
664	1312656
664	6805000
664	6444728
664	6220218
664	8415253
664	2860552
664	940990
664	3281038
664	3764059
664	2779904
664	8226243
664	3658491
664	6942898
664	5950226
664	999335
664	8638572
664	6693156
664	6282686
664	2691015
664	8053609
664	3187625
664	4245314
711	8575376
711	3279316
711	6778565
711	4283544
711	1737939
711	1296363
711	3247868
711	6076220
711	7507681
711	1333083
711	4461739
711	7427888
711	2304731
711	2756431
711	1258466
711	3481404
1203	6972354
1203	6567145
1203	7863055
1203	7731313
1203	491146
1203	1604797
1203	7135249
1203	6279951
1203	4998303
1203	8697050
1203	5920977
1203	2763351
1203	6295713
1203	7348089
1203	8820552
1203	5500533
1203	2363462
1203	7190967
1203	7255545
1203	272328
1203	4867974
1203	3088673
1203	7699152
1203	8718727
1203	4032689
1203	4495451
1203	601653
1203	4587777
1203	5780831
1203	4878410
1203	7381104
1203	8879702
1203	8349768
1203	8646986
1203	6958916
1203	2060053
1203	7628301
1203	1179653
1203	699207
1203	219139
1203	2079022
1203	1053228
1203	3470699
1203	464887
1203	5580856
1203	2124562
1203	3422123
1203	4786525
1203	3087138
1203	254902
1203	4096782
1203	7935680
1203	3718679
1203	1282218
241	1809935
241	180148
241	5941979
241	4017258
241	4768929
241	1190489
241	2139413
241	8067196
241	6261802
241	116144
241	8066057
241	6237577
241	3056858
241	4609637
241	6060447
241	4112839
241	2401776
241	3811637
241	8672506
241	5707746
241	4068286
241	8252690
241	4418421
241	6995086
241	342079
241	6187568
241	6675877
241	1282403
241	343236
241	5932732
241	7528277
241	8054896
241	5677202
241	1721912
241	8377113
241	7045767
241	40194
241	6619816
241	3323254
241	8497216
241	8669278
241	4845824
241	2767112
241	6122290
241	4119942
241	6883226
241	6982027
241	3651945
241	1517843
241	453397
241	3452836
241	3985311
241	1450669
241	2468831
241	3480300
241	2309525
241	2300983
241	5596001
241	2146520
241	579842
1191	1885641
1191	6649724
1191	8865135
1191	8904733
1191	4733426
1191	1587584
1191	7156217
1191	6261389
1191	2651852
1191	4470079
1191	7353005
1191	2500429
1191	6435526
1191	6679037
1191	660019
1191	457652
1191	3952396
1191	7635162
1191	8697370
1191	1800972
1191	592598
1191	7950598
1191	7004565
1191	2984838
1191	4058884
1191	8028312
1191	663110
1191	6061471
1191	2737449
1191	6490340
1437	1640582
261	6978140
261	2026083
261	7800959
261	7386831
261	6352093
261	2392957
261	4462789
261	7582426
261	4701947
261	4350827
261	5942542
261	8088271
261	2995558
261	4545770
261	4932475
261	2439461
261	1230127
261	2829237
261	8352330
261	2544508
261	514869
261	6775679
261	7456087
261	2074616
261	3940018
261	7613684
261	5637512
261	6229000
261	1927322
261	8321728
261	237461
261	6453960
261	3600142
261	816885
261	8583474
261	4897029
261	444445
261	3240970
261	7656476
261	461752
261	7261472
261	7727299
261	5137519
261	284036
261	6918183
261	429882
261	2148826
261	5811109
261	1733645
261	4721476
261	1836859
261	4837812
261	8634881
261	3619479
261	2049036
1724	5967364
1724	8398926
1724	4878629
1724	7954676
1724	7391096
1724	3969226
1724	325535
1724	3408986
1724	8697119
1724	6843112
1724	3008852
1724	5983744
1724	3515871
1724	3156508
1724	1234675
1724	7745574
1724	2318868
395	8557640
395	696801
395	6056100
395	5180758
395	5272875
395	2023881
395	3901607
395	4094309
395	1742596
395	6230257
395	2419214
395	7823064
395	6178200
395	2197069
395	3043786
395	2011949
395	4355680
395	6193011
395	4403982
395	802020
395	3703229
395	2311760
395	597756
395	3607530
395	6353050
395	1849202
395	7357149
395	1659795
395	5942036
395	1457815
395	6151380
395	5414093
395	1278270
395	3697507
395	8216315
395	7234670
395	5007402
395	3260953
395	2927937
395	7952656
395	2463861
395	1598705
395	4898630
395	1912931
395	563949
395	5987528
395	8858526
395	5753036
395	7779562
395	5028725
395	4573969
395	1399547
395	1369196
395	602464
395	5192961
395	8199777
395	30069
395	5672517
395	4138787
395	8553102
395	6852886
395	5099230
395	3929887
218	6997503
218	8885876
218	6715356
218	7482863
218	7734782
218	3036580
218	1515187
218	6362743
218	145192
218	6598459
218	6072250
218	2315040
218	8444696
218	7870988
218	5345998
218	6059127
218	3985234
218	6224930
218	2685499
218	193419
218	1348022
218	8561080
218	1006862
218	8525931
218	4876094
218	8229660
218	2850392
218	5411998
218	285817
218	2582475
218	4783827
218	4264406
218	255007
218	5280535
218	1889714
218	5783734
218	8716118
218	327745
218	1603093
218	3178825
218	1951755
218	2008886
218	8378154
218	5895067
218	3859236
218	4213842
218	6196075
218	6093543
218	6406530
218	5194547
218	5770218
218	7913178
218	4074203
218	6261696
218	3103059
218	7406448
218	1018909
218	4985376
218	7919947
218	4792308
218	2877019
218	960198
218	703436
218	2857331
218	7121271
218	3657801
1777	5153713
1777	3332269
1777	420433
1777	6403935
1777	1243473
1777	342989
1777	7201943
1777	4223589
1777	1448960
1777	3684393
1777	5547698
1777	7109910
1777	3132097
1777	8035976
1777	6170661
1777	7065651
1777	7507879
1777	7178799
1777	7650589
1777	7469259
1777	4430578
1777	786345
1777	5784287
1777	8763545
1777	8469371
1777	3827872
1777	8091265
1777	5558064
1777	3323535
1777	8829434
1777	8882636
1777	3431291
1777	7891764
1777	3201824
1777	2683404
1777	7319017
1777	6065740
1777	2949663
1777	4969130
1777	2407235
1777	7432888
1777	4448829
1777	5943916
1777	3629410
1777	4935071
1777	1216124
1777	4427727
1777	5734445
1777	6956265
1777	5141613
1777	3542388
1777	1314560
1777	1085688
568	936440
568	5261975
568	8620823
568	8284580
568	218913
568	2774422
568	748308
568	6850350
568	5724207
568	5786226
568	72366
568	1092602
568	2459005
568	6084870
568	3833331
568	8165678
568	6904606
568	2079438
568	763053
568	3532354
568	997114
568	1006112
568	2630236
568	6096842
568	729444
568	5298645
568	722434
568	6027299
568	4728711
568	2069187
568	3740809
568	1513075
568	150261
568	1309853
568	6947561
568	5244276
568	3444900
568	4084859
568	8861789
568	7012577
568	4333564
568	2316562
568	2284568
568	1155571
568	5176257
568	1030622
568	7023406
568	1273537
568	1651340
568	7884713
568	4789179
568	971106
568	4787630
568	5843209
568	808317
568	812193
568	4680998
568	5760152
568	3210571
568	2161593
568	8195006
568	382918
568	8361838
568	2648818
568	7529733
568	5253823
568	4268420
568	6130480
568	8686028
568	3537372
568	8404774
568	5290247
568	1121508
568	8581139
398	2716356
398	7630597
398	5606147
398	4576429
398	280996
398	2803059
398	5919802
398	1951371
398	8540108
398	2822898
398	7677095
398	3169599
398	6701053
398	539970
398	1030009
398	2318302
398	5216800
398	2549486
398	6519735
398	1755626
398	6042830
398	6731646
398	2873174
398	8604779
398	4957599
398	7300546
398	3851958
398	158455
398	1186991
398	2713928
398	2142291
398	7396908
398	81940
398	2235399
398	7913782
398	1874606
398	1439722
398	1081462
398	637878
398	4153173
398	1090048
398	220070
398	761240
398	2380973
398	5138973
398	825356
398	8210613
398	6404574
398	2688878
398	8022741
398	1928404
398	6537361
398	1698501
398	6119808
398	1579284
398	2191048
398	94754
398	4479092
398	5745899
398	7514165
398	7104868
398	8086866
398	6175647
398	6465035
398	91543
398	7280713
398	8380307
398	4274073
398	6997345
398	7208395
398	4583081
398	7262136
398	8051703
398	8064407
398	1031426
398	7924588
398	5023885
398	5482588
1089	7951956
1089	1030584
1089	8809540
1089	6095358
1089	4093348
1089	1900365
1089	3354466
1089	295915
1089	4121726
1089	8005592
1089	8272035
1089	469691
1089	5153754
1089	4032044
1089	3293603
1089	2357974
1089	6268396
1089	3989083
1089	2387221
1089	6061315
1089	861158
1089	2174461
1089	8818350
1089	7375705
1089	3244227
1089	4991773
1089	7018209
1089	4822562
1089	6860464
1089	670631
1089	2759032
1089	3566684
1089	6678320
1089	1237416
1089	970408
1089	2093347
1089	800630
1089	3444018
1089	3139731
1089	5272686
1089	7859415
1089	8240743
1089	1252238
1089	334999
1089	2357664
1089	737653
1089	3436328
1089	3014049
1089	7669454
1089	253968
1089	4560635
1089	2119158
1089	4568240
1089	344349
1089	3604897
1089	4634783
1089	5774396
1089	7046388
1089	6218856
1089	2416351
1089	5288598
1089	1717511
1089	7175503
1089	3303004
1089	6118122
1089	1584609
1089	1530118
1089	3743236
1089	425135
1089	7509085
1089	3981726
1089	1189074
1089	2780614
1089	5504705
1089	5036463
1089	6686032
1089	291887
1089	8389702
1089	7585632
1181	7834915
1181	6005641
1181	5802312
1181	4676736
1181	7864712
1181	2308846
1181	7467350
72	1721441
72	664680
72	5273101
72	2173137
72	6608777
72	1470677
72	6310199
72	4237741
72	4815681
72	2286768
72	7213167
72	27929
72	7093423
72	278342
72	8647913
72	6852178
72	1415937
72	5248809
72	2662469
72	5870729
72	902598
72	4552966
72	1136746
72	7508985
72	8736916
72	5028127
72	2843754
72	4567311
72	7206852
72	5504191
72	8918371
72	6674127
72	2622823
72	8348807
72	4986196
72	8643925
72	5526954
72	167284
72	592512
72	8094954
72	1024478
72	4039521
72	8879674
72	57880
72	8558040
72	748344
72	1603855
72	1736215
72	4284497
72	3577757
72	3044003
72	3302556
755	7226164
755	2045934
755	7262680
755	1737404
755	4330530
755	798944
755	6450810
755	3458385
755	8102003
755	1542205
755	774706
755	8343754
755	67078
755	5935791
755	8139780
755	641800
755	4249525
755	3395049
755	6687483
755	4197033
755	6405206
755	5278922
755	1208135
755	5788976
755	5321027
755	7633114
755	7052378
755	953760
755	4882560
755	5886022
755	1810787
755	234224
755	6202470
755	3121888
755	4523858
755	2249380
755	3386914
755	46462
755	8354737
755	466723
755	3532463
755	6199921
755	8538599
820	489154
820	3644800
820	1294530
820	2184700
820	4529476
820	7722709
820	2809623
820	7779304
820	6549959
820	6095298
820	5987815
820	1645948
820	1346228
820	4447656
820	4743532
820	3179495
820	245479
820	4236082
820	1145806
820	1161418
820	8692482
820	3097652
820	6554280
820	5141368
820	2776349
820	4833284
820	1125445
820	6142253
820	93364
820	6274965
820	5857806
820	4971718
820	4968587
820	4350375
820	5226743
820	3029488
820	6972863
1728	4555071
1728	7840551
1728	7019830
1728	489262
1728	2493888
1728	65897
1728	1312071
1728	4936492
1728	2923926
1728	204568
1728	2503377
1728	1847082
1728	6728784
1728	5165682
1728	74442
1728	5291380
1728	368825
1728	2121088
1728	2835217
1728	1388806
1728	1518549
1728	2805903
1728	2304628
1728	653514
1728	1621961
1728	2861007
1728	1725336
1728	7705912
802	2545589
802	1039447
802	6223610
802	6153509
802	8108010
802	1915958
802	1872799
802	8919253
802	5767794
802	4717761
802	2277443
802	7833927
802	8201201
802	2228244
802	5153647
802	3100255
802	533886
802	1293614
802	5512825
802	245632
802	5719237
802	1038815
802	5497062
802	1144263
802	2879895
802	3775041
802	6066900
802	4292133
802	3354627
802	4268067
802	7726929
802	3907962
802	157710
802	8404087
802	1113332
802	8655891
802	4816014
802	6368772
802	7007744
802	5294984
802	3554773
802	8637768
802	1575737
802	2353161
802	2788022
802	6572278
802	7373721
802	6741109
802	1456137
802	3693337
802	1980175
802	5776706
802	7309596
802	3041895
802	4253568
802	4179672
802	4971048
802	7028321
802	6524945
802	5477124
802	5072750
802	8652955
802	8079955
802	60618
802	5279832
802	6377438
249	3227576
249	8339996
249	7897774
249	481035
249	6112969
249	8568301
249	6859336
249	1788596
249	7088597
249	8867550
249	8051517
249	7755615
249	720497
249	7922750
249	1025180
249	8141657
249	7675619
249	1388083
249	4901268
249	1746273
249	2910179
249	5593922
249	4084106
249	3420301
249	2691080
249	4088897
249	284943
249	6357671
249	426141
249	7344475
249	5859975
249	7685104
249	1083974
581	4190916
581	4833449
581	8052116
581	5236968
581	2302926
581	3299053
581	538590
581	3399964
581	7769564
581	5154950
581	8061575
581	6827101
581	1139221
581	6719162
581	7448273
581	3473571
581	3371962
581	3224415
581	4969408
581	3618333
581	1640542
581	8719595
581	1501627
581	290399
581	4681222
581	7892677
581	7895285
581	5250286
581	5711278
581	5158756
581	341734
581	7967960
581	3712824
581	912774
581	192994
581	8290640
581	6714357
581	1725137
581	8438737
581	6947407
581	8203776
581	863485
581	389053
581	6585670
581	2117161
581	789374
581	6740659
581	5698802
581	3955048
224	6920634
224	2174589
224	845138
224	450220
224	4837047
224	8809715
224	2756143
224	3934229
224	4247951
224	5978919
224	8564489
224	6313209
224	8119637
224	3711807
224	3471941
224	3183477
224	6218592
224	3171631
224	6276716
224	2865814
224	6732276
224	2229758
224	1570319
224	528746
224	6087385
224	5365600
224	4783607
224	5507351
224	2526436
224	4452145
224	6141775
224	4069712
224	4168330
224	6165665
224	8743154
224	7182785
224	8281461
224	220649
224	3886457
224	1657532
224	1603693
224	7419265
224	3116556
224	7956020
224	1214294
224	6492088
224	7804058
224	8562597
224	7356872
224	262709
224	2309575
224	200104
224	179152
224	7952614
224	1875360
224	3493646
224	5150843
914	1021233
914	7504034
914	3640791
914	994531
914	5693307
914	5793567
914	8346796
914	5136799
914	2786711
914	1820846
914	6550800
914	6842006
914	7276593
914	2665362
914	4187157
914	4138018
914	2577926
914	2809368
914	5939433
914	607732
914	664748
914	4814691
914	5381888
914	5955153
914	995035
914	4894845
914	8441111
914	3800212
914	5892328
914	8661041
914	2279895
914	6837398
914	3400956
914	4386152
914	2915538
914	1737377
914	1388786
914	8632855
914	2101157
914	6093400
914	1107608
914	4808237
914	5801616
914	7735683
914	5095255
914	7947782
914	6596731
914	1920886
914	919153
914	2549370
914	4037337
914	7651735
914	6939839
914	3401316
1263	6049221
1263	2187249
1263	7995857
1263	7746060
1263	7727725
1263	4939372
1263	5892425
1263	1958998
1263	8607569
1263	1566219
1263	520631
1263	2811571
1263	6824904
1263	4061182
1263	6566105
1263	7861048
1263	7402429
1082	6265548
1082	3987400
1082	1608247
1082	1622325
1082	7259286
1082	6912121
1082	5140052
1082	5966390
1082	4806066
1082	3694272
1082	3224801
1082	1056577
1082	208420
1082	1164421
1082	3143569
1082	4519517
1082	8833666
1082	1974951
1082	469522
1082	7396201
1082	2975754
1082	7166941
1082	2375784
1082	6174009
1082	989638
1082	3234580
1082	4884770
1082	1021422
1082	4758036
1082	1699814
457	6248598
457	6617981
457	6358495
457	4886804
457	7940001
457	6757243
457	109120
457	5669375
457	5179807
457	5844952
457	3414557
457	929345
457	5921002
457	861561
457	3716266
457	7642513
457	7877078
457	3503823
457	4251784
457	23288
457	1859601
457	6917787
457	1397510
457	6671338
457	1679271
457	5326059
457	4704695
457	1636982
457	1272486
457	6638309
457	4228876
457	6233757
457	536023
457	4605036
457	6964750
457	4283996
457	7996997
457	6631461
457	5679837
457	6690048
457	4742128
457	1740707
457	8928577
457	104920
457	5691289
457	5727404
457	3227353
457	5823285
457	8256870
457	4727997
457	4095151
457	1752605
457	6576479
457	8344055
457	1267928
457	8134444
457	6559806
457	4931436
457	8014049
457	6932406
457	4705341
457	4206048
457	8379768
457	1584023
457	3832968
457	2281460
457	8683028
457	106241
457	1924401
457	8296182
457	6349459
457	6357109
457	1808257
457	8083850
457	326092
457	1734351
457	7230442
457	3586812
1340	3691696
1340	8565568
1340	8432257
1340	5965641
1340	5318522
1340	4565445
1340	4858781
1340	8291684
1340	4522420
1340	8597891
1340	345615
1340	5850267
1340	4871705
1340	6800953
1340	3846246
1340	5222233
1340	1944373
1340	5386644
1340	1134282
1340	6508332
1340	2600088
1340	806864
1340	6674716
1340	2140520
1340	2018227
1340	860757
1340	1720237
1340	2258549
1340	2454549
1340	4973388
1340	4549246
1340	1883046
1340	3718815
1340	2438920
1340	4061073
1340	7970064
1340	4457192
1340	7873742
1340	308862
1340	7804150
1340	2593496
1340	1079519
1340	4681663
1340	5883494
1340	577116
1340	3892502
1340	107126
1340	8340133
1340	8888407
1340	8596534
1340	4698248
1340	4613761
1340	8416137
1340	8790989
1340	7011466
1340	7889127
1340	5877379
1340	6422425
1340	7441681
1340	6115
1340	3525216
1340	2393169
1340	4352260
1340	3679640
1340	1785513
1340	3998626
1340	7850712
1340	1304610
1340	1486310
1340	6683355
1340	8724429
1340	2919107
1340	213614
1340	4209922
1340	6512385
1340	6829878
1340	7708946
435	6149333
435	8151982
435	6495840
435	3539593
435	8202298
435	7430697
435	2595294
435	7323233
435	2569382
435	3335209
435	8709603
435	980624
49	8058218
49	5540752
49	8255340
49	4695191
1055	7946980
1055	8688235
1055	6807318
1055	6037498
1055	7997550
1055	5751209
1055	7447128
1055	7822558
1055	8882084
1055	3088511
1055	7840977
1055	4877113
1055	2023433
1055	6409189
1055	2904288
1055	4694026
1055	5697614
1055	3597035
1055	106571
1055	4934144
1055	3168720
1055	6452028
1055	6833570
1055	7935016
1055	3301792
1055	7914429
1055	2289683
1055	2958226
1055	2920101
1055	8845537
1055	2137009
1055	4042120
1055	2309409
1055	4415862
1055	5093450
1055	629916
1055	1450294
1055	5839276
1055	2994985
1055	8834057
1055	7750344
1055	146745
1055	3172391
1055	7279848
1055	4961502
1055	8506420
1055	2350225
1055	5281255
1055	2665795
1055	998201
1055	6726021
1055	360777
1055	8280370
1055	3807959
1055	6126217
1055	8230940
1055	2610576
1055	5488076
1055	559597
1055	3136436
1055	2295759
1055	1874617
1055	3997349
1055	2899299
1055	8925523
1055	3211822
1055	5140047
1055	3888805
1055	6030078
1055	3146679
1055	4010893
1404	5853352
1404	5057883
1404	6115579
1404	8462350
1404	2151261
1404	3752814
1404	5734530
1404	5851291
1404	2477000
1404	1803813
1404	8758694
1404	7937066
1404	4381210
1404	7929846
1404	2949575
1404	357585
1404	5515968
1404	1868984
1404	6123064
1404	6857182
1404	7984961
1404	5908862
1404	4914621
1404	7674144
1404	2319039
1404	740853
1404	529188
788	4663368
788	2891387
788	3317547
788	2200691
788	4077601
788	5892693
788	53588
788	7616792
788	895340
788	898160
788	1306561
788	6383991
788	6518926
788	7894839
788	3239632
788	7816411
788	7536698
788	3759624
788	4209786
788	3899292
788	5564823
788	4650458
788	1873100
788	3013218
788	6844879
788	6019177
788	8504718
788	8354494
788	247452
788	8585471
788	8078939
788	8867916
788	6730814
788	3452455
788	4642884
788	2292809
788	6853433
788	3569095
788	1881241
788	6390674
788	5486940
788	5799194
788	7541708
788	7768336
788	4590305
788	6657775
788	4602331
788	8491280
788	3417717
788	8630573
788	1275079
788	790543
788	3368102
788	5163803
788	2450065
788	4737103
788	1570391
788	4206443
788	3860480
788	7798538
788	4588369
788	2277237
788	4574030
788	3191056
788	5032787
788	4477614
788	7951620
788	8032999
788	1141367
788	7125719
788	412852
788	5805039
861	4877249
861	8240668
861	1589370
861	1412765
861	2553201
861	3037751
861	6360284
861	3666827
861	4808174
861	7957015
861	5875866
861	5945286
861	2262560
861	6586069
861	4638750
861	8773477
861	1620606
861	7509664
861	8734217
861	488818
861	2991047
861	8628952
861	1206492
861	6024971
861	8394014
861	6852503
861	7417431
861	5046518
861	6048554
861	3466993
861	2182084
861	4235444
861	5478656
861	3551502
861	8499079
861	2969773
861	7033628
861	6701951
861	8012446
861	3013064
861	6507937
861	6741896
861	5809120
861	884210
861	7605604
861	7603386
861	1627383
861	3111746
861	3954003
861	400011
861	1550262
861	1253591
861	8697713
861	4854842
861	3090439
861	4665516
861	8317932
861	7326776
861	1321551
861	8679196
861	3405693
861	2421312
1625	248223
1625	5214248
1625	1582208
1625	5061279
1625	7524052
1625	3922539
1625	6443485
1625	6386374
1625	5147611
1625	4577262
1625	8026963
1625	5406846
1625	6214827
1625	3939937
1625	618004
1625	4763925
1625	853929
1625	8808144
1625	7021866
1625	7303795
1625	6055982
1625	2492212
1625	1081364
1625	4329987
1625	8463908
1625	5478692
1625	3815635
1625	3946224
1625	547191
1625	2456822
1625	6214722
1625	2087859
1625	7195414
1625	2812896
1625	3550105
1625	1791647
1625	6657317
1625	6408351
1625	4850725
1625	2688926
1625	2275336
1625	2394466
1625	1715425
1625	6417933
1625	5822641
1625	8085302
497	7543306
497	1446960
183	7567638
183	50749
183	8425893
183	6743987
183	4991569
183	5199023
183	546945
183	6507822
183	1402637
183	6562961
183	3908280
183	8080582
183	3080718
183	6216424
183	558461
183	2626097
183	162086
183	1420475
183	7767838
183	7569798
183	7776449
183	17249
183	2300795
183	2209992
183	7748252
183	4826663
183	7626693
183	8363237
183	6426844
183	8882210
183	1474508
183	738103
183	2447519
183	5890908
183	6814502
183	3575536
183	867215
183	6455707
183	2994426
183	5977808
183	6942693
183	1754516
183	5728128
183	863506
183	7550900
183	2991676
245	6357708
245	3163547
245	1821463
245	2299250
245	6755949
245	8390480
245	3178287
245	4440299
245	4157100
245	6069634
245	604572
245	4913018
245	529185
245	5188591
245	4210739
245	1387044
245	896382
245	5974947
245	3616537
245	169846
245	833917
245	615668
245	1938744
245	8116570
245	1412286
245	1882752
245	7517786
245	4629079
245	3606588
245	4568658
245	224548
245	8665299
245	210581
245	4111693
245	5722250
245	8484969
245	405625
245	3660475
245	977593
13	978546
13	8409981
13	3696319
13	7741248
13	5001801
13	7823309
13	4705884
13	2093290
13	7122468
13	6066456
13	6596798
13	2237974
13	422976
13	1651962
13	8369177
13	7733085
13	4121378
13	3882134
13	8594251
13	722943
13	2050196
13	6965585
13	2350903
13	5863293
13	3306894
13	5208837
13	3176366
13	582852
13	2027019
13	6300098
13	7081915
13	6877843
13	8789771
13	1729406
13	1855976
13	8076017
13	4739468
13	4751719
13	8224654
13	398628
13	1708348
13	5948152
13	5565558
13	5129585
13	1128999
13	3104429
13	4732266
13	2245175
13	7209111
13	5571597
13	5215382
13	7165620
13	6826730
13	540536
13	4264463
13	2887506
13	1566758
13	6755508
13	5436032
13	8456870
13	3441355
13	8927864
13	8915519
13	5626299
13	1797854
13	484486
13	656296
13	5845213
13	6965457
13	7295899
13	2017414
862	8327065
862	5571457
862	3828629
862	6051785
862	428215
862	2155688
862	7391275
862	6611214
862	7239451
862	4315623
862	2365280
862	8193724
862	6463426
862	408921
862	5149241
862	5317537
862	3965260
862	1709455
862	8373294
862	4948826
862	1825353
862	752043
862	29495
862	6324950
862	3794150
862	7958217
862	5449717
862	5462251
862	7476132
862	5638244
862	8129930
862	3797853
862	2391822
862	6833867
862	1572033
862	7511029
862	3594138
862	536968
862	1488095
1335	6076336
1335	7798720
1335	7135956
1335	5345781
1335	3728992
1335	4817765
1335	3592247
1335	5456175
1335	2702902
1335	7488942
1335	242374
1335	382205
1335	8123810
1335	6470901
1335	2765940
1335	7933474
1335	5116157
1335	328368
1335	7299187
1335	3076826
1335	1845451
1335	7791019
1335	5279750
1335	6593826
1335	7979480
1335	2425858
1335	4689721
1335	5692175
1335	1304207
1335	7724695
1335	5683330
1335	1350081
1335	1111626
1335	5942422
1335	456662
1335	151291
1335	4767856
1335	8133285
1335	4788363
1335	6471970
1335	560
1335	7685084
1335	5636458
1335	1770453
1335	4858717
1335	7903165
1335	736905
1335	5430508
1335	5243148
1335	5390853
1335	3423976
1335	3395626
1335	2418079
1335	3140773
1335	5057825
1335	4928185
1335	1263080
1335	6824822
1335	7619838
1335	6603982
1335	4016036
1335	7860881
1335	7996778
1335	5755302
1335	4034409
1335	4690832
1335	6144641
1335	666500
1335	7451836
1190	4747921
1190	7531488
1190	6647171
1190	725849
1190	3738100
1190	2506140
1190	6611514
1190	6369899
1190	7855153
1190	3192636
1190	7771978
1190	1485412
1190	7526760
1190	648173
1190	5727679
1190	4931985
1190	2603442
1190	1032060
1190	8802057
1190	4384822
1190	3345047
1190	2157207
1190	5317293
1190	4785436
1190	526458
1190	8012663
1190	8507536
1190	1058670
1190	272731
1190	268497
1190	3187788
1190	5959808
1190	7883522
1190	2129916
1190	5801038
1190	631538
1190	5312665
1190	4663199
1190	5088027
1190	4217897
1190	3016911
1190	7438728
1190	5620440
1190	595493
1190	5018967
1190	6522229
1190	6467199
122	2303095
122	3795757
122	6743053
122	2153398
122	6915631
122	4067815
122	8593238
122	4286836
122	2539151
122	3033352
122	6244408
122	1481510
122	8128901
122	688455
122	4203837
122	3293186
122	7902937
122	6121514
122	4652291
122	4982652
122	7590900
122	7995828
122	6486464
122	6010306
122	6894177
122	3420200
122	7974981
122	1818608
122	7405975
122	3863039
122	6364661
122	1529088
122	5606312
122	701074
122	7549661
122	4402629
122	7305239
122	3080326
122	213527
122	6035521
122	5385233
122	1991455
122	7375566
122	835049
122	4628647
122	878543
122	1643081
122	5954854
122	1978885
122	8842181
122	3795845
122	8251188
122	7773169
122	4225525
122	7912429
122	5297715
122	2280481
122	5618042
122	3326635
122	8048040
122	4404617
122	6601602
122	8664130
122	2731108
122	7088854
122	8725844
122	3684362
122	4106042
122	3813975
122	4688753
122	2867090
122	2366187
1788	1300065
1788	8198018
1788	219730
1788	6241996
1788	6017941
1788	347891
1788	3985389
1788	7840087
1788	1075699
1788	7287819
1788	7705759
1788	5276603
1788	4776067
1788	1237278
1788	734927
1788	8235823
1788	5793822
1788	1013558
1788	4467850
1788	4685898
1788	4688507
1788	707268
1788	8741110
1788	8261652
1788	3961270
1788	3713127
1788	3641882
1788	6202900
1788	4682239
1788	6516232
1788	7720145
1788	384845
1788	2055937
1788	3902086
1788	670489
1788	1499074
1788	4289954
1788	3909063
1788	3922548
1788	3293476
865	7591833
865	8489168
865	405212
865	4253142
865	6613792
865	5662629
865	8781929
865	115831
865	6932548
865	3831625
865	7394033
865	1229101
865	8630668
865	838597
865	6054831
865	709843
865	6652797
865	4077675
865	7733293
865	3413414
865	3306201
865	7459927
865	2672122
865	7584895
865	8775519
865	7045492
865	4463909
865	3194681
865	4144452
865	2379975
865	6679755
865	5856346
865	7454501
865	3713
865	7353122
865	7586922
865	8610382
865	1803520
865	4353447
865	1345746
865	8356656
865	407763
865	8583787
865	5859166
865	1499864
865	2087823
865	3127239
865	2885217
865	1437284
865	3726804
865	1607985
865	8378956
865	3055704
865	1148678
865	3406656
865	7917636
865	415963
865	8042340
865	3194880
865	1819939
865	1540850
865	1053306
865	8854105
865	3500023
865	5373059
865	5582555
865	5735180
865	24475
865	8374855
865	4470185
865	5901881
865	860796
865	5167164
865	6394741
1099	5495301
1099	1262265
1099	5493306
1099	487293
1099	8138941
1099	5802558
1099	6493572
1099	7600248
1099	4889146
1099	4147191
1099	5539485
1099	5374703
1099	2228288
1099	2250797
1099	8500442
1099	4085817
1099	8462561
1099	6712766
1099	7553848
1099	5773219
1099	5060503
1099	1772534
1099	7748541
1099	7699825
1099	1845432
1099	5106703
1099	1535265
1099	3978412
1099	895345
1099	3734306
1099	3886788
1099	339966
1099	5645331
1099	3918449
1099	4080051
1099	2583262
1099	224533
1099	5279441
1099	3997526
1099	7233802
1483	7488515
1483	7504638
1483	3066918
1483	4693818
1483	1923292
1483	611605
1483	5765944
1483	198384
1483	336955
1483	618781
1483	6417813
1483	6043214
1483	7183533
1483	2910770
1483	1002538
1483	2313493
1483	4589337
1483	7442901
1483	272803
1483	2552476
1483	7741861
1483	3276476
1483	2295831
1483	6742144
1483	1942142
1483	5441855
1483	5498886
1483	8479124
1483	785595
1483	8777632
1483	4261494
1483	3426472
1483	2429998
1483	3994974
1483	3334941
1483	5662541
1483	3234587
1483	5006600
1483	1660407
1483	7856512
1483	4806057
1483	5416171
1483	6783683
1483	6460388
1483	2136884
1483	5090208
1483	29327
1483	3454943
1483	3202910
14	1285539
14	6573569
14	208025
14	7473088
14	1470062
14	3898029
14	3815413
14	1042521
14	188210
14	5077431
14	8870928
14	6249925
14	1217327
14	78686
14	3824987
14	8784682
14	1621533
14	5514124
14	2593075
14	4208464
14	4437642
14	646709
14	6609025
14	8778937
14	771574
14	3380525
14	6515117
14	1808284
14	7578176
14	7740419
14	6861065
14	4908709
14	698114
14	2651484
14	3795041
14	16141
14	7373036
14	306143
14	3970668
14	1955134
14	3297147
14	6714590
14	5233927
14	7484411
14	6050334
14	4064966
14	7035647
14	4535866
14	2704175
14	8820842
14	5771796
14	3610064
14	2115284
14	8517497
14	8626356
14	2639527
14	1343000
14	2132152
14	718402
14	5819828
14	6246023
14	906557
14	6983231
505	8327565
505	3040681
505	472834
505	2807859
505	2950903
505	5120968
505	3374424
505	8365817
505	1966477
505	5603059
505	3226905
505	8332231
505	7518735
505	4934090
505	6176075
505	662057
505	7672323
505	315993
505	4978580
505	7033007
505	8584898
505	4631384
505	8410570
505	2303128
505	8587928
505	5435798
505	4188071
505	2908828
505	84913
505	3408264
505	7722947
505	8715594
505	7315291
505	6990487
505	2739366
505	3887515
505	5502971
505	7289532
505	7609494
505	7793310
505	7281876
505	1622738
505	2769819
505	1204523
505	333906
505	7209405
505	1725537
505	3617299
505	3530626
505	3114220
505	3743961
505	2223568
110	4623442
110	1464582
110	5200874
110	6336161
110	1105238
110	1129427
110	2658472
110	2819584
110	6555069
110	7336439
110	904326
110	1204007
110	8121946
110	4080003
110	2173956
110	837675
110	6759948
144	4655753
144	7846039
144	6199969
144	4353284
144	8088548
144	6866667
144	4264241
144	6256885
144	2157380
144	4924573
144	8150035
144	2318541
144	3732196
144	2210059
144	6751016
144	7993536
144	8863600
144	4946811
144	5033295
144	4061945
1188	5007718
1188	4251523
1188	6369063
1188	2514273
1188	4320627
1188	3945609
1188	6710596
1188	4878806
1188	970795
1188	8300373
1188	8176993
1188	3539696
1188	1682909
1188	6278751
1188	8694964
1188	2365315
1188	6623629
1188	6954547
1188	2577808
1188	6937347
1188	6143172
1188	2846922
1188	8300987
1188	2629431
1188	1181547
1188	743293
1532	258309
1532	4339892
1532	3420263
1532	647557
1532	2270129
1532	8770340
1532	6957500
1532	6389733
1532	603770
1532	4863237
1532	6663873
1532	1251432
1532	5394401
1532	3268068
1532	7373310
1532	7453547
1532	3726466
1532	4207175
1532	7375606
1532	6594079
1532	8572146
1532	7246960
1532	4673972
1532	101563
1532	1334519
1532	4777068
1532	4217444
1532	4273825
1532	913872
1532	1994916
1532	6635858
1532	3090288
1532	4490645
1532	5159800
1532	8209133
1532	4544151
1532	7126600
1532	6371618
1532	8872093
1532	1128477
1532	5232668
1532	7052075
1532	7344576
1532	343609
1532	5451182
1532	3664452
1532	1767617
1532	5271401
1532	75668
1532	8226717
1532	8687076
1532	1420649
1532	8784381
1532	7277856
1532	2169519
1532	1308813
1532	2017241
1532	4308321
1532	1925291
1532	1995958
1532	8632164
1532	8789497
1532	549295
1532	2591575
1532	5325440
1281	4402498
1281	7917308
1281	2634112
1281	8252760
1281	563383
1281	603332
1281	1987948
1281	4033474
1281	6537650
1281	1734996
1281	1937600
1281	4509926
1281	1925033
1281	6220065
1281	4246560
1281	3639210
1281	8644515
1281	6351644
1281	1007929
1281	5968721
1281	6689053
1281	7334830
1281	6348027
1281	762771
1281	4094416
1281	988988
1281	8122038
1215	1244859
1215	6641662
1215	7867786
1215	5595601
1215	5428839
1215	5334717
1215	792673
1215	3525034
1215	2257054
1215	178958
1215	4022984
1215	2744775
1215	8644973
1215	7457515
1215	3824370
1215	5232106
1215	5377796
1215	4523521
1215	3260999
1215	1684813
1215	5667955
1215	3110558
1215	2969584
1215	4023352
1215	8571987
1215	4649998
1215	8050319
1215	3827305
1215	58661
1215	7287681
1215	5499024
1215	446858
1215	3787159
1215	374911
1215	5264777
1215	3164649
1215	2043653
694	6712936
694	5353235
694	3644838
694	1175684
694	323678
694	1519816
694	5973069
694	1193145
694	359687
694	2728840
694	4079889
694	1906697
694	7106248
694	3892071
694	5604954
694	6849922
694	5976148
694	8619284
694	3860177
694	160009
694	775807
694	4666601
694	7985463
694	8213793
694	3735116
694	7074403
694	6410509
933	2185652
933	5156982
933	8676516
933	1251648
933	8705734
422	3749296
422	2936135
422	7251142
422	2102575
422	4842707
422	2540853
422	4824979
422	5692420
422	449638
422	6381829
422	2461682
422	6800553
422	8862110
422	2584140
422	8211919
422	4714453
422	2233334
422	2384256
422	6159523
422	2723890
422	4668616
422	7258042
422	2508531
422	8486801
422	7992108
422	8541350
422	1073946
422	6140559
422	2122640
422	2454073
422	3919413
422	5853156
422	8337112
422	6801214
422	6133816
422	6666629
422	7790481
422	4431098
422	4361723
422	4327327
422	8405333
422	7268443
422	7052347
422	4299359
422	6424352
422	8312442
422	1980229
422	3255136
422	3284945
422	3991933
422	6365488
422	5130804
422	6664076
422	6947783
422	2881639
422	7359122
422	5181981
422	8462474
422	4408836
422	7568698
422	1102120
422	2491933
422	5762332
422	4122682
422	1041387
422	2987816
422	8474995
422	4237234
422	5618101
422	7959998
422	3390147
422	879535
422	3013569
422	1475262
422	3900899
422	4969368
961	6710550
961	2918732
961	6233530
961	8101042
961	4301530
961	856799
961	4886794
961	6187152
961	3586579
961	5992517
961	5304265
961	2900988
961	6242237
961	970332
961	2850299
961	1425602
961	3868246
961	6728026
961	8041558
961	4437350
961	2433460
961	6617557
961	6970038
961	2549112
961	8694790
961	4577722
961	153413
961	797706
961	1577300
961	8410783
961	3604942
961	1839107
961	7528421
961	131853
961	3973065
961	4817589
961	4562002
961	998597
961	3795068
961	8003121
961	4024401
961	7068279
961	6558277
961	3135669
961	6187372
961	2188485
961	8168067
961	618151
961	3653201
961	2982062
961	7762907
1250	7916019
1250	4615456
1250	2753861
1250	1243681
1250	1434877
1250	711623
1250	3316232
1250	6615933
1250	4627252
1250	7874873
1250	2300061
1250	161520
1250	3683636
1250	8750973
1250	3870000
1250	6820328
1250	1583222
1250	356401
1250	433948
1250	4523507
1250	1048068
1250	627177
1250	5401636
1250	1146851
1250	8457569
1250	217693
1250	8370690
874	2273390
874	4366831
874	2022469
874	2690951
874	3154640
874	7428104
874	5523939
874	5995701
874	7683869
874	5272819
874	7797111
874	5200591
874	7666620
874	7631437
874	7433032
874	6680764
874	3868999
874	3797961
874	8692860
874	5941528
874	2089181
874	8297544
874	809930
874	6519173
874	3340671
874	3393668
402	8067033
402	7456781
402	4596775
402	5636520
402	5512852
402	1755302
402	5571968
402	4529594
402	7597537
402	8670679
402	2786993
402	6289478
402	5165346
402	2403901
402	8726615
402	8325294
402	2530193
402	8529207
402	3275275
402	6659481
402	5452415
402	7658046
402	7589890
402	428075
402	3000940
402	763671
402	6850951
402	1088005
402	6939116
402	1955921
402	1186190
402	7012828
402	3638034
402	967845
402	1281015
402	1073102
402	4282741
402	2647066
1324	6331249
1324	3670466
1324	3234664
1324	4062144
1324	7240281
1324	2563823
1324	702031
1324	4119727
1324	7110337
1324	4489250
1324	5950974
1324	1913970
1324	974122
1324	6502737
1324	1744018
1324	4304685
1324	6260581
1324	5078074
1324	1462221
1324	2918169
1324	6378731
1324	3007936
1324	1403730
1324	7441661
1324	6274567
1324	6844136
1324	2459946
1324	1264509
1324	5267734
1324	7032041
1324	5129380
1324	1361881
1324	6441660
1324	3337524
1324	2671401
1324	2298762
1324	6261655
1324	3018968
1324	186246
1324	2105226
1324	7903685
1324	6719394
1324	5716741
1324	1742337
1324	438075
1324	5793448
1324	4327993
1324	2652254
1324	1424770
1324	6110677
1324	5805104
1324	7160127
1324	5262097
1324	7320686
1324	5141027
1324	2318835
1324	3908697
1324	2746599
1324	3815546
1324	5452896
1324	8650426
1324	2829870
1324	8397716
1324	2211965
1324	510924
1324	5873346
1324	7607135
1324	2603889
1324	3952750
1324	2229795
1324	4682094
1324	3628624
1324	8684077
1784	6069020
1784	6978623
1784	2647874
1784	5747701
1784	8639884
1784	1647782
1784	7617797
1784	8482797
1784	5780234
1784	5327997
1784	6982951
1784	8726747
1784	7919326
1784	1546523
1784	1026669
1784	5153097
1784	1698068
1784	1236919
1784	7359126
1784	2720533
1784	83896
1784	3487810
1784	2427754
1784	4989676
1784	4810269
1784	4705710
1784	4111884
1784	1385317
1784	3325696
1784	4279592
1784	3044189
1784	2282434
1784	1923934
1784	8551401
1784	2358056
1784	2789114
1784	5019247
1784	6781859
1784	6393316
1784	3800626
1784	3911643
1784	1259376
1784	5959901
1784	8410618
1784	1380192
1784	2070944
1784	4984556
1784	8873816
1784	2558609
1784	1982756
1784	6224378
1784	3452629
1784	3043255
1784	3101765
1784	7722612
1784	5785766
1784	8240721
1784	295959
1784	6335225
1784	2248500
1784	6367219
1784	8621952
1784	7985503
1784	2005344
1784	8678063
1784	1066026
1784	6371302
1784	4011880
1784	6486297
462	8751748
462	8356613
462	6057521
462	1289314
462	6809281
462	5526880
462	8747318
462	7616668
462	3413918
462	2944640
462	5335193
462	4833496
462	463109
462	2591743
462	7984258
462	8924472
462	6626589
462	6290634
462	4194713
462	1543305
462	4108990
462	7002939
462	2976336
462	1319872
36	7899137
36	7483369
36	1621081
36	6611103
36	5258984
36	2223239
36	1805102
36	8135614
36	1460167
36	7486268
36	223559
36	4115151
36	613238
36	2065036
36	61600
36	228093
36	4628486
36	4651696
36	8904473
36	3031516
36	1471574
36	2463406
36	5332680
36	7140723
36	6250319
36	377141
36	7827898
36	1413178
36	4874034
36	5301242
36	7833105
36	2665485
36	568879
36	3144424
36	8839411
36	4498839
36	4422399
36	5971275
36	6429459
36	4254739
36	7669757
36	2205137
36	3923399
36	8162698
36	3696913
36	843724
36	6561732
36	6643200
36	2935924
36	8533726
36	8735447
36	8327919
36	8219713
36	1208170
36	147111
36	2737768
36	6605955
36	7952197
36	3090587
36	2156179
36	3927612
36	2786070
36	1690249
36	3828620
36	3831333
36	8544084
36	6505571
36	8899276
36	4141390
36	2343232
36	4714446
36	6839533
36	2009282
36	3263772
787	7065544
787	3887527
787	3572965
787	3307474
787	4205105
787	7350470
787	6377211
787	4058037
787	862114
787	3299806
787	1895224
787	8501034
787	5569382
787	2886067
787	7444031
787	7656276
787	2959796
787	8338280
787	3416569
787	713052
787	1694830
787	8359136
787	7111620
787	4604802
787	7331556
787	6891247
787	1156913
787	2005392
787	671857
787	1522904
787	1604711
787	3888692
787	5780401
787	1243283
787	7724460
787	7233794
787	188493
787	7037361
787	8342865
787	2256242
787	2911465
787	6972545
787	1518540
787	7147959
787	6426604
787	736938
787	2467483
787	3765135
787	885713
787	1980565
787	7818669
787	4588919
787	7235865
787	771315
787	2085334
787	4701620
787	8803007
787	660614
787	1978888
787	8106208
787	6824020
485	5918814
485	4000184
485	2545108
485	4407341
485	1661061
485	7086166
485	3852477
485	960413
485	900212
485	3764753
485	199775
485	7982564
485	1496029
485	1477889
485	101847
485	1816222
485	1454073
485	1524480
485	4424555
485	1942052
485	8461261
485	8873435
485	7369058
485	8491104
485	4208503
715	4586303
715	765401
715	6527242
715	2176717
715	1181715
715	7333182
715	7684212
181	5075291
181	793602
181	6869722
181	3337139
181	5136162
181	3451985
181	2538567
181	6303089
181	682534
181	1602601
181	4289292
181	7241373
181	2719393
181	468814
181	6872893
181	4493171
181	6491536
181	3430442
181	3628889
181	1527512
181	8673386
181	7138205
181	5743667
181	1158832
181	7456230
181	6054932
181	2619748
181	1798740
181	1280926
181	6133606
181	4343418
181	7603905
181	5238418
181	7934595
181	844443
181	3354369
181	6770492
181	4346601
181	3046570
181	7576442
181	3980273
181	1740213
181	1518894
181	814203
181	2771983
181	2026394
181	7058056
181	2248266
181	7475994
181	8125097
181	1305341
181	6051915
181	6969748
181	1771751
181	4367624
181	1105666
181	5745402
181	3735708
181	1005606
1452	3791043
1452	4397184
1452	1440381
1452	8051580
1452	4003750
1452	8886624
1452	6887916
1452	7804010
1452	2064647
1452	6142647
1452	2327798
1452	8668731
1452	7911173
1452	8399101
1452	2098138
1452	7705632
1452	6258947
1452	1135631
1452	1629609
1452	5427538
1452	7287450
1452	7762685
1452	8139414
1452	2932511
1452	7262796
1452	5666280
1452	5913176
1452	8234069
1452	2568262
1452	540439
1452	8562480
1452	2894318
1452	4456509
1452	7614379
1452	6629637
1452	3925822
1452	7482388
1452	5500031
1452	328941
1452	7971011
1452	4774188
1452	4662342
1452	7135722
1452	5364535
1452	8598449
1452	7964299
1452	654725
1452	6294319
1452	5280715
1452	4453482
1452	3316253
1452	5826099
1452	5651304
1452	3750858
1452	2384880
1452	4361830
1452	4151543
1452	1735649
1452	8590646
1452	6079352
1452	7502755
1452	8753196
1452	4669851
1452	8803955
1452	8527659
1452	422143
1452	4378475
1452	487990
200	7850754
200	2493043
200	5705513
200	6220534
200	6058299
200	6840016
200	8752647
200	4962553
200	7063244
200	950988
200	4235201
200	54611
200	7892738
200	2362210
200	6010436
200	5779409
200	4178350
200	2529761
200	8172567
200	1658317
200	2729309
200	7265824
200	4578943
200	5412348
200	2063035
200	2978723
200	3783362
200	5873690
200	7737360
200	1170551
200	1179984
200	7525378
200	7612093
200	1928527
200	7548387
200	8130276
200	1337830
200	4342518
200	4943165
200	1287565
200	139423
200	2051480
200	8440900
200	5799212
200	7342644
200	6479423
200	2938142
200	2091059
200	1497969
200	866262
200	3720142
200	6613693
200	1521717
200	5035597
200	2847498
200	4520307
200	68294
200	7376685
200	4804652
200	1905454
200	8511481
200	6922608
200	5259568
68	3096126
68	7269318
68	4206947
68	5417126
68	6022081
68	317018
68	7604087
68	6732542
68	4399519
68	4194806
68	8800027
68	9178
68	2123672
68	224432
68	2108142
68	8148735
68	2978037
68	8253499
68	6662717
68	1042004
68	2009428
68	5698
68	2805099
68	2520390
68	4328824
68	6695253
68	8413189
68	6991867
68	6778940
68	5845955
68	3891661
68	687431
68	5812421
68	4432918
68	2563609
68	5968801
68	349684
68	8317579
1010	2363926
1010	2445261
1010	8334825
1010	7061773
1010	5038367
1010	2177427
1010	6373133
1010	5975799
1010	8861070
1010	8069568
1010	1619201
1010	7931224
1010	7586441
1010	4636474
1010	1417346
1010	7290451
1010	4568165
1010	7053824
1010	5371114
1010	1572819
1556	2944449
1556	3417109
1556	2512781
1556	1467829
1556	6992229
1556	6261397
1556	7622591
1556	6765027
1556	2001043
1556	6301867
1556	5693809
1556	6823870
1556	979567
1556	1421234
1556	7175747
1556	5533321
1556	8031767
1556	2508196
1556	6075698
1556	8649779
1556	7945603
1556	346536
1556	3601219
1556	3140994
1556	2053425
1556	2740277
1556	442633
1556	661930
1556	6482103
1556	3262976
1556	2239911
1556	7780642
1556	2621612
1556	985127
1556	7162536
1556	5306100
1556	7847112
1556	8401775
1556	7825097
1556	4236170
1556	5939342
1556	3548811
1556	6052730
1556	5425900
1556	8023023
1556	6507651
1556	4264911
1556	5006842
1556	3132054
1556	1408997
1556	8509591
1556	6535800
1556	3406046
1556	4665117
617	2731197
617	2088515
617	1917537
617	3866231
617	1263303
617	2942748
617	7448522
617	6631005
617	653491
617	5163507
617	3368066
617	6874690
617	3556826
617	3033756
617	8608749
617	5305188
617	8344708
617	3306693
617	8661173
617	1610288
617	4173772
617	1215997
617	7798452
617	1697194
617	8337982
617	3483064
617	15990
617	3216166
617	680569
617	7371055
617	1610795
617	712917
617	4405771
617	7948605
617	5662178
617	2597251
617	3366425
617	490818
617	2805755
617	2437847
617	3069771
617	8076850
617	8744078
617	4841538
617	3977494
617	1578780
617	1234847
617	5705942
617	5528381
617	7329825
617	156444
617	8319528
617	5320106
617	6967173
617	4983767
617	1953525
617	7146062
617	42513
617	1291534
617	392622
617	6925632
617	8499143
617	6631678
617	1645320
617	4733502
617	2958919
617	6790032
617	8441154
617	2578661
617	2652690
617	5235427
617	7667466
617	1209732
617	6193431
617	214774
617	5028733
617	3471590
617	2918596
1734	2331209
1734	8347996
1734	7157318
1734	1958183
1734	564994
1734	5364605
1734	1249653
1734	8509659
1734	759171
1734	2559746
1734	2197016
1734	1054289
1734	507805
1734	3052887
1734	1908801
1734	8773899
1734	3347080
1734	4409700
1734	3142160
1734	3750784
1734	1337027
1734	4151818
1734	8778569
1734	6877350
1734	8686589
1734	3168598
1734	1074949
1734	8815585
1734	5118759
1734	4354114
1734	8619571
1734	6211654
1734	2410682
1734	6820122
1734	1243389
1734	1366160
1734	8706491
1734	4097213
1734	4719422
1734	1114588
1734	7047866
1734	3186189
1734	270512
130	7854415
130	2665742
130	2583195
130	7407157
130	2180060
130	7175976
130	3698445
130	3730912
130	7531767
130	7768920
130	8593888
130	2186635
130	511432
130	6269957
130	2988799
130	3965294
130	1651067
130	870160
130	1541409
130	8279392
130	2311544
130	4576198
130	8141167
130	3578300
130	6726360
130	3478302
130	5766787
130	3854245
130	5717173
130	4333220
130	5122284
130	4469733
130	4280256
130	6424736
130	823851
130	4289813
130	4012923
130	7764132
130	4860810
130	7834402
130	3142272
130	3581877
130	5542143
130	41402
130	4725030
130	1421518
130	823590
130	1319924
130	4610401
130	8693234
130	8057457
130	7128961
130	4948466
130	5598935
130	6538710
130	5996591
130	6579179
130	3250550
130	3703440
130	834887
130	7118565
130	7079788
130	8817601
130	647854
130	2512490
130	5635572
130	8898392
130	3430843
130	580376
130	2128724
130	1117567
130	8929329
587	3302635
587	3922137
587	4970528
587	3358597
587	8865186
587	8571417
587	4513388
587	6116793
587	5680736
587	6234341
587	948683
587	4615928
587	6534631
587	8314753
587	1897356
587	4967867
587	2937421
587	2099505
587	3894205
587	5877245
587	2503889
587	5598941
587	7699221
587	5014799
587	1234648
587	7874864
587	3134813
587	6651564
587	181820
587	8260926
587	4787638
587	7840791
587	3551100
587	1054031
587	3948244
587	6470940
587	8647321
587	2574531
587	4051915
587	458612
587	752259
587	8422417
587	997871
587	8213448
587	1306918
587	12026
287	2965921
287	5385550
287	695942
287	392134
287	20381
287	4295735
287	8307660
287	5135747
287	7178104
287	3799252
287	4040700
287	7890598
287	5389265
287	7607183
287	2544021
287	3628310
287	4169032
287	8660012
287	8442902
287	464894
287	3506361
287	7855195
287	2816885
287	2283081
287	815072
287	3141729
287	7977160
287	6564868
287	3281423
287	6252613
287	399942
287	1967854
287	1787911
287	1229678
287	4646833
287	8323177
287	6496305
287	606790
287	5972732
287	1217333
287	6383011
1792	6545894
1792	1023206
1792	7766608
1792	4382929
1792	1019870
1792	4950374
1792	6944055
1792	4816511
1792	6535895
1792	943278
1792	3172565
1792	2527630
1792	2752384
1792	3680504
1792	1191467
1792	1657229
1792	5113034
1792	8645697
1792	7586576
1792	8716023
1792	6097383
1792	8089478
1792	4720921
1792	7461249
1792	7340353
1792	797148
1792	5124233
1792	8787838
1792	3232373
1792	4300531
1792	1182570
1792	7998403
1792	6306486
1792	1990779
1792	4065500
1792	1353345
1792	3653501
1792	2545353
1792	2205873
1792	5301142
1792	5358397
1792	3572804
1792	5739089
1792	1289754
1792	1089239
1792	4208584
1792	8768314
1792	1181454
1792	7244343
1792	7168702
1792	2008745
1792	4696128
1792	2967293
1792	6702772
1792	1607919
1792	6517356
1792	1614022
1792	3711113
1792	609528
1792	7017358
1792	2014259
1792	966130
1792	1740681
1792	3543969
1792	6705178
1792	4381949
1792	4798245
1792	6612542
1792	2269176
1792	7301774
1792	511886
1792	6930400
1792	5700874
1792	4485465
1792	6656954
1792	8157965
1792	7602434
1792	5517750
466	7440647
466	4152615
466	2905281
466	6786805
466	8620405
466	2915058
466	3693404
466	3395565
466	747154
466	2320696
466	3487793
466	4661867
466	7504943
466	8361785
466	6967761
466	4471
466	7853256
466	5419107
466	4172807
466	2460422
466	7927400
466	4473610
466	7473954
466	1965523
466	4579659
466	1507486
466	1976784
466	4943053
466	5583294
466	6752180
466	8504100
466	4531555
466	4139758
466	5151749
466	8208578
466	2754231
466	8764765
466	3524843
466	5192023
466	650450
466	4868860
466	2726051
466	602145
466	5102571
466	7115660
466	3648490
466	7288516
161	6712594
161	1611956
161	4765921
161	3079324
161	5458039
161	2306714
161	3446527
161	5034155
161	7481913
161	5956977
161	2351807
161	3288976
161	3028242
161	5505947
161	3279874
161	105501
161	5224102
161	6875035
161	8812129
161	8075255
161	4013656
161	7927122
161	6848304
161	4739562
161	349799
161	7638347
259	843447
259	7524015
259	4890433
259	7592984
259	8372115
259	296846
259	855406
259	1619540
259	8379566
259	433077
259	4516638
259	6956725
259	6243840
259	8060403
259	4029654
259	4709588
259	5740119
259	3738382
259	4607161
259	4774021
259	6781597
259	3671464
259	2066499
259	3317223
259	93398
259	8533203
259	4616550
259	7228162
259	113565
259	669317
259	1667499
259	8254994
259	3659466
259	5328314
259	3001701
259	7376131
259	3086627
259	1597128
259	1977805
259	8028773
259	4665279
259	8575163
259	6380668
259	2844701
259	2687973
259	1604162
259	3173435
259	8821160
259	6945186
259	4643236
259	6951578
259	8705666
259	7360387
259	7409179
259	3808570
259	1707665
259	4813986
259	269063
259	1265280
259	4354669
259	6619424
259	3205323
259	5171714
259	7494590
259	4529664
259	7349460
259	967261
259	8538828
259	2000693
259	7444281
259	8009063
259	4947358
259	8199289
259	6905269
259	3580808
259	8181329
259	2316761
259	8293485
259	4978006
73	665676
73	8780120
73	5092598
73	7832699
73	5732461
73	2310134
73	960553
73	7895444
73	4138060
73	4542130
73	3408379
73	7311297
73	5744508
73	82926
73	712186
73	3025671
1141	5337010
1141	3962745
1141	8751234
1141	8653383
1141	311839
1141	6073473
1141	2526312
1141	8379892
1141	8377484
1141	6209131
1141	535937
1141	2529759
1141	8685711
1141	7455979
1141	7752055
1141	8756198
1141	878376
1141	757618
1141	2362893
1141	6653978
1141	1656233
1141	6954029
1141	8217613
1141	3823110
1141	7743706
1141	430303
1141	7823923
1141	6073179
1141	2573845
1141	5075565
1141	1433684
1141	1704962
1141	7389233
1141	952804
1141	3791591
1141	5939444
1706	4457983
1706	4575693
1706	7394429
1706	8253702
1706	8647727
1706	7458517
1706	6625569
1706	6352673
1706	7465351
1706	3173974
1706	965271
1706	5905742
1706	4998371
1706	3873897
1706	4143611
1706	5063806
1706	4125716
1706	7190221
1706	4650310
1706	2709568
1706	2473462
1706	5045104
1706	214214
1706	3503637
1706	2316096
1706	7751181
1706	7536434
1706	353741
1706	8226203
1706	6655392
1706	4986775
1706	2104387
1706	7242767
1706	1555394
1706	418486
1706	4713581
1706	691328
1706	7970430
1706	5831215
1706	5311924
215	1109614
215	1516900
215	5336497
215	3340325
215	4113220
215	8347420
215	3891
215	6315910
215	948641
215	647244
215	5970788
215	5590741
215	1775911
215	805132
215	7710964
215	8310303
215	1446599
215	7449200
215	2690883
215	5707052
215	724562
215	5496561
215	486637
215	6525966
215	7676989
215	2867915
215	3873777
215	5565699
215	8400320
215	2944068
215	7410868
215	8051274
215	8016236
215	3353788
215	4613785
215	3402477
215	3626633
215	2156499
215	5630233
215	1119339
215	4031946
215	3848344
215	5212883
215	379512
215	7033567
215	3868336
215	3632414
215	2828437
215	1049901
215	2541531
215	6393075
215	831686
215	8016521
215	5646427
215	6479265
215	8427883
215	2147379
215	7859470
215	4972578
215	2266228
215	6560697
215	2312816
215	2031373
215	8524160
215	2984303
215	7709158
215	2013607
215	3877928
215	7438406
215	6712933
215	4490169
215	3534638
215	6282664
215	5663628
215	2882884
215	780293
782	3101070
782	3613610
782	2163712
782	1496256
782	5872644
782	3768416
782	5889006
782	8499043
782	7734056
782	1539562
782	8789388
238	5110658
238	5549035
238	1254980
238	670056
238	7831670
238	8518328
238	825061
238	7914961
238	8023876
238	7372844
238	1378769
238	7890225
238	2359486
238	2122862
238	6157198
238	867494
238	489937
238	7207973
238	2728198
238	6573203
238	6675148
238	1478929
238	1518293
238	7763570
238	4873733
238	8150969
238	5803382
238	427402
238	2546637
238	3241495
238	5467091
238	601094
238	5125699
238	2589069
1076	5094279
1076	2904864
1076	44547
1076	1707967
1076	6152424
1076	4864535
1076	2246856
1076	5375767
1076	7493830
1076	7176378
1076	5376438
1076	2111973
1076	1124636
1076	4465231
1076	5800304
1076	2103728
1076	8159121
1076	1087790
1076	1041327
1076	2554249
1076	5685544
1076	3537206
1076	6364070
1076	259170
1076	3529084
1076	8043450
1076	2921325
1076	4057902
1076	7245009
1076	4459661
1076	4733512
1076	1872087
1076	1923672
1076	5598641
1076	865080
1076	8648797
1076	5211846
1076	465902
1076	7368300
1076	4651046
1076	2138626
1076	5010448
1076	6225627
1076	7111217
1076	1475500
1076	515051
1076	8279188
1076	2208507
1076	3112177
1076	7126837
1076	7128317
322	380213
322	6091588
322	8387519
322	6424802
322	6161286
322	1797529
322	4861870
322	7350858
322	6469565
322	8312193
322	8522434
322	514458
322	3517874
322	8543332
322	6359881
322	7736266
322	8290708
322	5440492
322	5589353
322	8413046
322	5917822
322	8492138
322	3634127
322	2804428
322	5538557
322	6030770
322	5874856
322	5373321
322	3284551
322	5491020
322	4842217
739	8503428
892	4139976
892	3748949
892	2025705
892	8255827
892	7669122
892	7132094
892	4104928
892	1532440
892	2117106
892	6919811
892	2986566
892	7676124
892	7806519
892	7425867
892	7595611
892	8583082
892	4696402
892	3775440
892	2674821
892	5013746
892	4687282
892	3946126
892	8688070
892	6406615
892	3020140
892	3619220
892	2492858
892	494217
892	3448603
892	7649245
892	2638075
892	7063
892	5719750
892	4021236
892	4626047
892	22838
892	4188031
892	1941378
892	1332501
892	3419312
892	5493930
892	5412420
892	5517693
892	8909954
892	1438581
892	7754279
892	5014161
892	1869542
892	7951126
892	8657078
892	2390437
892	316488
892	451375
892	6050761
892	8229533
892	4261140
892	2035625
892	609295
892	5387230
892	1636079
892	1704059
892	2768117
892	6143259
892	7481954
892	2561832
892	1956562
892	1089580
892	6976490
892	7422284
892	8931982
892	6125497
892	7418079
892	8561113
892	2091325
892	6538587
892	5268297
413	4438937
413	6586028
413	3369184
413	2790569
413	81632
413	1308020
413	2810432
413	1324280
413	1987646
413	3939305
413	5835221
413	7741909
413	138617
413	2459995
413	1837440
413	8042633
413	2798640
413	333489
413	5395049
413	1000040
413	3960549
413	2906253
413	4750658
413	8589375
413	2653773
413	3160951
413	3573338
413	412406
413	1372362
413	4845992
413	5745855
413	6251951
413	8107200
413	31667
413	6700527
413	7962871
413	4651881
413	4047064
413	2913757
413	3793683
413	547245
413	1134338
413	5254638
413	6721877
413	4498659
413	8121243
413	7671432
413	8257995
413	7890353
413	5522507
413	2080018
413	1400431
413	4182400
413	1368541
413	7739260
413	6680382
413	7679608
413	1092827
413	6851172
413	8328404
413	2196086
413	5638041
413	2188996
413	6120305
413	1912861
413	3506699
413	3629693
413	6188387
413	901379
413	573567
413	1025895
413	4443348
413	4599324
413	6004288
413	1821856
413	6285730
413	3371343
1179	5625929
1179	3340755
1179	3113963
1179	2007246
1179	2105392
1179	1659871
1179	2790247
1179	6006076
1179	5971223
1179	2335037
1179	3504474
1179	1512317
1179	6745241
1179	719028
1179	8214330
1179	3959504
1179	6811646
1179	4812600
1179	3100837
1179	5282386
1179	6723679
1179	424602
1179	5156406
1179	5564453
1179	8183692
1179	1941755
1179	7443157
1179	649700
1179	6452637
1179	7208798
1179	4234410
1179	2995232
1179	1952048
1179	3953723
1179	505943
1179	5003916
1179	7921618
1179	8121176
321	8124868
321	5501611
321	7645634
321	3698098
321	3431608
321	6098150
1548	3814437
1548	1290763
1548	6766858
1548	7736323
1548	5991873
1548	7385472
1548	7777731
1548	8257579
1548	7587794
1548	5824990
1548	1522602
1548	5981344
1548	4976939
1548	4675237
1548	6700770
1548	2050720
1548	5695445
1548	4085696
1548	1623831
1548	1015825
1548	6493727
1548	7479862
1548	7978620
1548	4522428
1548	7283730
1548	1423456
1548	5472184
1548	4152257
1548	2087850
1548	283302
1548	6525665
1548	6860171
1548	1251038
1548	1434415
1548	2281721
1548	2656579
1548	1971334
1548	6386234
1548	7636909
1548	1431759
1548	1611513
1548	7720607
1548	5358178
1548	3336178
1548	1170832
1548	3990567
1548	7811902
1548	1036977
1548	527096
1548	2370879
1548	7418939
1548	7570899
1548	821004
1548	5767191
1548	1768340
1548	8298950
1548	6385106
1548	2445923
1548	6012937
1548	4513113
1548	3472673
1548	1345778
1548	2026962
1548	1512996
1548	8045742
1548	6633930
1548	4283098
1548	2849417
1548	1094692
1548	6709928
1548	7130097
1548	4569097
1548	5670590
1790	1911392
1790	213394
1790	6391932
1790	7433544
1790	1050656
1790	3327684
1790	2413792
1790	1692901
1790	5508249
1790	8708896
1790	7994233
1790	180215
1790	4266580
1790	2306680
1790	5683102
1790	3060867
1790	3526434
1790	3903163
1790	298134
1790	2077169
1790	5203693
1790	1078586
1790	581685
1790	236652
1790	7970625
1790	1758134
1790	8385002
1790	2695165
1790	5050769
1790	8494761
1790	7576781
1790	2393070
1790	1592662
1790	8695851
1790	8192909
1790	3422305
1790	5398458
1790	5358143
1790	1646934
1790	2940421
1790	6803580
1790	6799034
1790	6717456
1790	1135536
1790	5851812
1790	4698141
1790	349680
1484	4777683
1484	3513474
1484	708671
1484	342649
1484	2873770
1484	7646430
1484	5491039
1484	8808120
1484	6440660
1484	1612577
1484	6523321
1484	1532182
1484	5101099
1484	8343789
1484	2517210
1484	7239436
1484	872936
1484	6195424
1484	4807793
1484	7263375
1484	165643
1484	7683135
1484	1830639
1484	5983145
1484	3383218
1484	7855459
1484	7325971
1484	3014749
1484	624391
1484	1973970
1484	6957471
1484	7313712
1484	4196191
1484	3544260
1484	3970748
1484	4629235
1484	7968919
1484	1404830
1484	6088373
1484	4412735
1484	2098759
1484	1417809
1484	2699236
1484	36628
1484	6761068
1484	1497371
1484	1561596
1484	4124796
1484	3443269
1484	8142527
1484	7805206
1484	4198362
1484	5612887
1484	7656708
1484	5945750
1484	4055650
1484	3735724
1484	4973539
516	4265677
516	6774969
516	2005650
516	7852774
516	6600890
516	5346700
516	945175
516	5892572
516	181602
516	6185658
516	3846275
516	1591449
516	3424001
516	1058262
516	1227213
516	1996871
516	7816948
516	3563905
516	5395276
516	575754
516	6972892
516	3586154
516	1168288
516	4684160
516	1370879
516	8727288
516	1305421
516	2429905
516	7226723
516	3950812
516	6665330
516	1020676
516	380886
516	7118278
516	2442039
516	2755626
516	5100314
516	4215020
516	4877660
516	3217251
516	8787925
516	7269993
516	6761901
516	2034188
516	5806343
516	382469
516	6426101
516	2691988
516	4464722
516	8347800
516	5897528
516	2291542
516	2341323
516	8896144
516	7992893
516	2303438
516	2106971
516	3569294
516	7251897
516	1578280
516	7714502
516	6046581
516	5724686
516	482545
516	555753
516	5344729
516	4044849
1670	7108591
1670	376088
1670	5206536
1670	4430084
1670	4667369
1670	6593402
1670	2770369
1670	2440506
1670	5399485
1670	4892422
1670	3039041
1670	2176780
1670	8877762
1670	3760706
1670	4452647
1670	8652810
1670	4052826
1670	8080978
1670	6212850
1670	4502521
1670	4628314
1670	2449252
1670	7577557
1670	7307055
1670	7162106
1670	4321634
1670	1823383
1670	707536
1670	6389742
1670	8118492
1670	8387764
1670	8219562
1670	5519696
1670	4544415
1670	3608726
1670	6480388
1670	5952741
1670	4132742
1670	1470447
1670	6199071
1670	4745577
1670	5999881
1670	1449079
1670	4201315
1670	7655353
1670	219671
1670	3031178
813	6404436
813	581024
813	5709626
813	160891
813	5343950
813	3168023
813	4488240
813	997341
813	4904082
813	2823102
813	3573867
813	2632547
813	2417232
813	6901501
813	2456187
813	429541
813	7819978
813	916625
813	8468685
813	3361933
813	645149
813	7326169
813	6241203
813	3395238
813	6845078
813	5219424
813	7592386
813	4831728
813	7092068
813	2289054
813	6881192
813	7187937
813	8004235
813	235056
813	5280491
813	659166
813	2539300
813	4217412
813	7900267
813	2645739
813	3523805
813	4285177
813	6722738
813	3955064
813	3225462
813	4830008
813	8183410
813	1412187
813	8723020
813	4891754
813	8649181
813	7116706
813	3882374
813	883901
813	463795
813	2144900
813	692078
813	3182887
813	2432633
813	2850617
813	631978
813	2560910
813	2812948
813	8163571
813	5931257
813	7909456
813	6003058
813	8388198
813	1203336
813	4599978
813	7042028
383	2035738
383	8000682
383	8514671
383	5587654
383	5171265
383	8795112
383	8905813
383	2917911
383	3383278
383	1822190
383	2270736
383	7894500
383	6338521
383	1492554
383	6625158
383	429462
383	2311899
383	3179501
383	8657565
383	1122981
383	5111468
383	53421
383	2878988
383	5177244
383	4263535
383	5028966
383	795235
383	3688666
383	6324080
383	8669833
383	775300
383	3104152
383	6256923
383	2599028
383	4931489
383	1375640
383	2201496
383	7526149
383	5539762
626	7417314
626	3588273
626	5121973
626	7316006
626	1070807
626	350443
626	6760837
626	7612889
626	5861599
626	577170
626	7436362
626	2580429
626	7551113
626	8559468
626	5330614
626	884587
626	7730713
626	1183247
626	3097285
626	2648517
626	1147059
626	8717940
626	1587265
626	1105863
626	3438042
626	5834688
1338	7582829
1338	145913
1338	8728927
1338	6592768
1338	1088717
1338	5901953
1338	6195987
1338	3220309
1338	6455404
1338	4129398
1338	7900337
1338	6630945
1338	5352626
1338	5780272
1338	5743277
1338	7471259
1338	8298942
1338	7413953
1338	357858
1338	6141827
1338	4652779
1338	4110948
1338	3462605
1338	1738041
1338	5373834
1338	4571070
1338	3896286
1338	2984981
1338	1158182
1338	8395454
738	7438019
738	5845938
738	2673703
738	1981427
738	853611
738	7945812
738	4106608
738	7997787
738	4689879
738	5891437
738	8699694
738	4403564
738	8219195
738	6953702
738	3259843
738	900403
738	7546373
738	4467654
738	8500702
738	6190647
738	4502280
738	5644779
738	8869849
738	2649411
738	5622834
738	2794737
738	8738672
738	4275514
738	3231430
738	6519900
738	8687061
738	2769983
738	6649430
738	1520606
738	261692
738	7394065
738	2565034
738	7296448
738	6228360
738	3935149
738	2054696
738	5856178
738	395201
738	2761222
738	2379030
738	3767319
738	1150080
738	875860
738	7382433
738	6714553
738	5204540
738	7752163
738	4005656
738	8552385
738	7505083
738	4710277
738	652221
738	5902113
738	5983453
738	1134312
738	5707960
738	3396488
738	2635569
738	5846935
738	6343687
738	3728455
738	2093637
738	1509136
738	2059820
738	3582047
738	1291480
738	5891871
738	2739397
738	6313199
738	8191787
677	4175103
677	8297419
677	1418615
677	4081453
677	7703681
677	5798164
781	5094188
781	7420897
781	2909208
781	6956629
781	3084772
781	1677069
781	7208240
781	705218
781	2532652
781	1269123
781	8014539
781	3156237
781	7891832
781	4788227
781	4590823
781	6302879
781	7867237
781	7117100
781	142444
781	4608660
781	247011
781	212026
781	1955242
781	5470372
781	1555285
781	7017140
781	7851566
781	2219860
781	3263759
781	3568358
781	854516
781	3682542
781	1568360
781	772698
781	7701922
781	46535
781	2482855
781	2701960
781	2350804
781	4724106
781	8186638
781	2886115
781	6821646
781	1544952
781	5256765
781	6052037
781	7521036
781	5709779
781	1964350
781	5088155
781	2548798
781	5586217
781	5216522
781	7521224
781	3673797
781	6519648
781	330313
781	6390445
781	8332249
781	6591291
781	8190788
781	1497004
781	5804240
781	1631696
781	4845871
781	3799032
781	1692098
349	5911295
349	8512740
349	4072999
349	5955291
349	1860637
349	496157
349	2549333
349	6837204
349	7054719
349	3045694
349	8495475
349	2393725
349	7580845
349	1869161
349	7379395
349	5698775
349	4418313
349	2437006
349	1924566
349	781432
349	6228830
349	221536
349	7175508
349	6483008
349	6561125
349	5108951
349	7639476
349	5199965
349	6834287
349	2825238
349	6163243
349	2055308
349	187974
349	5156315
349	1345838
349	3287796
349	7246790
349	3399953
349	4813796
349	1709489
349	5374376
349	4516594
349	8558658
349	1805568
349	5448034
349	4534232
349	2890572
349	879175
349	5783900
349	8011558
349	464373
349	2541156
349	4107694
349	4937424
349	1334748
349	6749348
349	619902
349	6263156
349	8153019
349	8840015
349	6905758
349	5459296
349	4973867
349	1520790
349	8673812
349	1544953
349	1326428
349	1267250
349	1719109
349	181334
349	3699954
349	5606130
1429	2228741
1429	5058785
1429	6252103
1429	8286206
1429	8740358
1429	7909346
1429	4567134
1429	5353161
1429	1636708
1429	4323994
1429	5258832
1429	8242912
1429	1957371
1429	3171504
1429	7973869
1429	8675753
1429	2273497
1429	8077371
1429	632212
1429	4473861
1429	7741003
1429	577593
1429	4698323
1429	5434208
1429	5415744
1429	5805045
1429	3749687
1429	5828301
1429	6028636
1429	8294656
1429	4593341
1429	1057028
1429	8227721
1429	3812806
1429	137645
1429	7616554
1429	7360231
1429	4959827
1429	5300108
1429	555417
1429	7560666
1429	2277111
1429	5920165
1429	4890335
1429	8663456
1429	1655566
1429	3214467
1429	5960683
1429	2797177
1429	3542392
1429	1022275
1429	5378803
1429	1141466
1429	4171257
1429	1096118
1429	2825956
1429	341903
1429	7066986
1429	2846584
1429	7828645
1429	7075544
1429	8771111
1429	5058197
1429	3245587
1429	4471388
1429	8573781
1429	4541919
1429	3960859
1429	8453347
1429	1375971
1429	8239663
1429	1400791
1429	4120772
1429	1865670
1429	1936911
1429	1779966
1429	713273
1429	5540980
1429	4279238
1429	7098573
157	6132772
157	5983192
157	1231472
157	8279151
157	3015021
157	1753254
157	7721895
157	4731126
157	2578224
157	1036491
157	7479970
157	8227625
157	8459775
157	6352534
157	8080812
157	8839646
157	7817960
157	3732355
157	2889066
157	5918842
157	7810420
157	5655134
157	5181844
157	893715
157	4515463
157	2668210
157	5789449
157	7849606
157	1518977
157	2009926
157	7035456
157	624412
157	2089847
157	3126204
157	2640741
157	7541801
157	5805673
157	4188002
157	4694115
157	2676500
157	4411811
157	4079912
157	4538709
157	7528391
157	4879948
157	1564599
157	4889074
157	1392430
157	2893561
157	2658228
157	7843334
157	3374091
157	8451641
157	1641681
157	6418126
157	1155493
157	1751371
157	4668774
157	3224312
157	2656155
157	321815
157	3775517
157	8807318
157	12369
157	5534017
1302	4645248
1302	8138538
1302	7748578
1302	370993
1302	2599002
1302	1067697
1302	5532723
1302	625293
1302	6039965
1302	595255
1302	6481589
1302	3221024
1302	211455
1302	7792040
1302	2995129
1302	8402079
1302	4423527
1302	7669708
1302	7029012
1302	7861631
1302	6204382
1302	1541712
1302	6924331
1302	8331934
1302	123585
1302	2179928
1302	5444302
1302	5762778
1302	832368
1302	8318959
1302	4335956
1302	2747585
1302	4399115
1302	3023290
1302	5653803
1302	2268700
1302	5775385
1302	7700721
1302	8464772
1302	6048008
1302	8494601
1302	4998929
1302	7311952
1302	2703050
1302	386429
1302	4687522
1302	6910432
1302	4382630
1302	1266998
1302	7773480
1302	3042708
1302	5162782
1302	1141727
1302	6065159
1302	3547188
1302	8630749
1302	4230841
1302	2666864
1302	8559906
1302	8782195
1302	3631986
1302	927860
1302	1396077
1302	2990436
1302	5979123
1302	2068732
1302	4231808
1302	261065
1302	8559926
1302	2226447
1302	8695577
1302	7744343
1302	7150218
1302	8782952
773	2361537
773	3311560
773	3335875
773	1596608
773	1187517
773	1948477
773	3960622
773	6444798
773	2716053
773	4356993
773	845787
773	878124
773	3732734
773	2809731
773	6412129
773	5794785
773	8446525
773	829531
773	7340091
773	8226356
773	3268974
773	5369139
773	1059893
773	538896
773	2882785
773	1360797
773	1608995
773	6442910
773	6607123
773	7885426
773	6414701
773	8552056
773	5165132
773	5820723
773	677189
773	8109047
773	4571885
773	411143
773	5041264
773	6589676
773	5339529
773	1791619
773	6922369
773	1489993
773	3269293
773	2505387
773	3231051
773	1873912
773	3161265
773	7371920
773	6926696
773	6094522
773	2293622
773	2839023
773	8899744
773	4148642
773	7711950
773	1999279
773	2989235
773	5873321
773	4967513
773	4450534
773	1872220
773	6415740
773	6711520
773	5061789
773	6300985
303	7596788
303	1026627
303	1830825
303	1515552
303	724182
303	6538380
303	5392593
303	4132106
303	4895459
303	2581856
303	4642350
303	7879759
303	4230906
303	2388303
303	6177076
303	3803252
303	6002974
303	3273943
303	6121605
303	7238649
303	5087590
303	1281625
303	1627223
303	2949076
303	6665943
303	4861914
303	4864161
303	6635336
303	5880425
303	7304941
303	1419902
303	606771
303	2583049
303	5979680
303	7037885
303	6869462
303	2995361
303	6332627
303	4445830
303	4745187
303	487936
303	2942695
303	6611898
303	3294164
303	5679423
303	3532250
303	4514389
303	6946405
303	2480869
303	5122497
303	3328934
303	1924962
303	4741092
303	6341678
303	1299633
303	5486953
303	1838916
303	3093557
303	7455084
303	273963
303	4991672
303	7063252
303	1359176
303	4921542
303	6218442
303	8477238
303	4878505
303	6146469
303	2890593
303	7634890
303	6732147
303	1516052
303	593987
303	2436796
303	5341065
303	2258209
303	1090608
303	1637137
303	8251499
303	106238
698	6015336
698	7873102
698	1043567
698	1079505
698	6984769
698	798543
698	4636919
698	8055146
698	6742671
698	374754
698	4716231
698	2658805
698	615490
698	3579407
698	7729610
698	6252256
698	5826350
698	936206
698	4739281
698	7868893
698	2746109
698	7733416
698	7641074
698	7683084
698	1051940
698	4092943
698	4129066
698	8876209
698	771605
698	4091234
698	3449585
698	6689062
698	2505205
698	7098495
698	6129931
698	3789858
698	3301137
698	2412590
698	6052341
698	1678705
698	3692312
698	8010244
698	5903265
698	7234223
698	3348157
698	8193056
698	1590730
698	8215523
698	228714
698	3447208
698	8306445
698	4171116
698	5056097
698	5374983
698	3486309
698	4772930
698	5487649
698	6001295
698	6668694
698	2182579
698	7911075
698	6353698
698	2387306
698	2649176
698	338370
698	4793197
698	4767868
698	7958112
698	5531071
698	6052895
698	1739691
698	7007599
698	3620974
698	7580580
698	7525001
698	6910178
698	4682698
698	2255496
47	677199
47	8778807
47	6122908
47	5818487
47	4547616
47	7040100
47	3965255
47	1167050
47	788114
47	1606237
47	2934990
47	7591571
47	3469978
47	2200413
47	1840072
47	4398588
47	8604136
47	1021358
47	5662587
47	4598327
47	3987031
47	6947567
47	6640489
47	1105764
47	7707798
47	1638873
47	5160184
47	5886103
47	8589435
47	3672093
47	7226201
47	3541830
47	6461376
47	97504
47	5338289
47	3752554
47	8326371
47	3237308
47	1940387
47	8270528
47	3526887
47	6577209
47	7895004
47	6780522
47	4736797
47	7911279
47	2043057
47	427969
47	8505283
47	2784455
47	2373647
47	2867655
47	1668134
47	4388114
47	4402481
47	7699379
47	2342391
47	6096932
47	4378178
47	3890788
47	1148696
47	4321769
338	388150
338	8189472
338	2412381
338	8839315
338	7132244
338	6373481
338	602413
338	5487141
338	8552852
338	5435730
338	7849004
338	6130605
338	158301
338	4000827
338	4267509
338	2689143
338	146885
338	2831176
338	4726728
338	3584537
338	6223009
338	2881728
338	8351119
338	1031992
338	2938076
338	3366861
338	7440902
338	525733
338	545971
338	968754
338	4552421
338	308619
338	4733474
338	909683
338	71623
338	1702076
338	4690818
338	359682
54	1717915
54	3979988
54	301839
54	6543267
54	1146714
54	5307008
54	7499616
54	8151895
54	1051260
54	188764
54	650322
54	3277730
54	5438476
54	1153344
54	8307807
54	6846887
54	2427590
54	7974925
54	2675487
54	6410693
54	4988923
54	4729037
54	6437691
54	185684
54	8459580
54	5795615
54	3987694
54	5431194
54	1787034
54	5163771
54	8813383
54	7134204
54	8605727
54	7093286
54	729807
54	6355658
54	7988237
54	6105912
54	4624424
54	4827215
54	5572409
54	3508207
54	7976759
54	1557701
54	7194367
54	5594868
54	5300299
54	6792373
54	6318370
54	8535236
54	4832812
54	2108893
54	3031794
54	8927346
54	4968982
54	3415462
54	7091627
54	8690587
54	2046287
54	784310
54	3757723
958	7184045
958	2731181
958	7290147
958	3005799
958	5956242
958	5886714
958	5661895
958	608376
958	6133473
958	7764211
958	3657589
958	7504611
958	3137355
958	3592284
958	1308538
958	7070790
958	7695922
958	455250
958	3400496
958	6381308
958	5702697
958	1816111
958	1040263
958	6669832
958	4902421
958	5379449
958	1537635
1350	7306251
1350	5752380
1350	983342
1350	4283162
1350	1695196
1350	707605
1350	2259049
1350	5854507
1350	924057
1350	7616127
1350	411027
1350	3561694
1350	2738765
1350	2096503
1350	2443572
1350	3415085
1350	405214
1350	7457840
1350	8545776
1172	993151
1172	8827038
1172	39135
1172	1919503
1172	7753034
1172	6094793
1172	2524514
1172	8233947
1172	5169850
1172	7329700
1172	3949841
1172	3086213
1172	5685100
1172	8871208
1172	7533544
1172	495842
1172	4527083
1172	3396258
1172	29016
1172	2700597
1172	2138022
1172	5607815
1172	7302557
1172	2793474
1172	8140261
1172	1228100
1172	7809086
1172	7090148
1172	7625534
1172	6729442
1172	7516466
1172	7336527
1172	6881169
1172	4672992
1172	608355
1172	8471048
1172	97081
1172	8670423
1172	45446
1172	397732
1172	7171544
1172	3435837
1172	147746
1172	6975643
1172	416455
1172	1693170
1172	8925117
1172	6287600
1172	5565385
1172	7655596
1172	2023176
1172	5694501
1172	3325628
1172	2087887
1172	3718918
1172	8705209
1172	7458195
1172	6499623
15	4974404
15	1826003
15	6857371
15	3044463
15	1294513
15	2992395
15	4639918
15	484594
15	7483512
15	5716645
15	7945301
15	773335
15	2853829
15	998019
15	5799798
15	2422883
15	8515766
15	3519539
15	7356089
15	5199760
15	2261452
15	7204848
15	8515695
15	1805461
15	1166363
15	6651074
15	2720090
27	6722526
27	8457650
27	2966110
27	1434464
27	779759
27	5977446
27	3939008
27	5129620
27	1867668
27	5259091
27	4478951
27	7045393
27	4736522
27	2522390
27	6619677
27	8402055
27	4261754
27	5900018
27	8115451
27	7163476
27	2712093
27	5083275
27	5950993
27	2755383
27	8428939
27	5125449
27	5315501
27	305463
27	3710387
27	5822444
27	5488884
27	4588345
27	6886923
27	4770623
27	8890240
789	4371008
789	1316274
789	5624308
789	1903288
789	4800655
789	7968448
789	3852119
789	7081706
789	1732015
789	1263751
789	2117397
789	2068461
789	692365
789	8344012
789	8219501
789	2703913
789	5823043
789	5041977
789	5868097
789	8016789
1489	5785362
1489	384930
1489	879695
1489	3635682
1489	8169185
1489	7649616
1489	1081335
1489	3525789
1489	3519389
1489	4453903
1489	8571171
1489	324999
1489	6101902
1489	269738
1489	377296
1489	7558444
1489	4180781
1489	8290935
1489	5454760
1489	2219434
1489	3027621
1489	3779455
889	1222028
889	2706018
889	3470413
889	2716480
889	4909155
889	4693346
889	7339161
889	6236683
889	3128391
889	4005140
889	8730465
889	5522190
889	4040293
889	400279
889	4886253
889	1374389
889	5299413
889	3828032
889	7609804
889	917670
889	8877957
889	6680471
889	1194399
889	7117278
889	511297
889	7634781
889	5542588
889	2918664
889	7962000
889	2288745
889	4037942
889	6236045
889	2267284
889	1754893
889	5891891
889	5184284
889	4163882
889	5946323
889	5855466
889	6030334
889	2339873
1678	5209288
1678	2659174
1678	389084
1678	5974971
1678	1672516
1678	4102920
1678	3598100
1678	6777114
1678	5872155
1678	286751
1678	4569454
1678	7499481
1678	1536029
1678	5062012
1678	4895806
1678	1097432
1678	7615793
1678	1732992
1678	5103094
1678	6195167
1678	7108635
1678	7766744
670	1331055
670	2196897
670	6949019
670	322362
670	1425239
670	762761
670	694089
670	2138535
670	4518373
670	1480990
670	5890913
670	562569
1634	2279463
1634	6849418
1634	4958018
1634	6680342
1634	4948985
1634	3417513
1634	8539474
1634	1359808
1634	3947876
1634	2611226
1634	2621648
1634	7447772
1634	710605
1634	2299816
1634	4998834
1634	5984397
1634	820704
1634	7343193
1634	7941688
1634	4376858
1634	2687444
1634	7623186
1634	8813612
1634	1753677
1634	8666056
1634	7029520
1634	450150
1634	3036021
1634	372222
1634	3718157
1634	7651285
1634	8485722
1634	697149
1634	5968113
1634	7953118
1634	5971708
1634	8691268
1634	2070219
1634	7580574
1634	5051269
1634	6520288
1634	6730588
1634	6391864
1634	7889554
1634	1104851
1634	3140669
1634	5495417
1634	4095749
1634	5499279
1634	2533031
1634	4611393
1037	2015301
1037	5975410
1037	6095383
1037	76498
1037	1756252
1037	7662705
1037	3759390
1037	4248621
1037	5691833
1037	5598280
1037	7383802
1037	5131487
1037	976928
1037	946885
1037	1200106
1037	7134360
1037	296504
1037	157058
1037	2381611
1016	524613
1016	5436789
1016	5807643
1016	6602059
1016	2753829
1016	8277724
1016	2148603
1016	2716399
1016	8390353
1016	1885677
1016	8373992
1016	2097322
1016	8771811
1016	1178983
1016	5811131
1016	2368787
1016	8812383
1016	7954041
1016	8608918
1016	7284205
1016	7082805
1016	8335905
1016	683483
1016	48878
1016	7146735
1016	1417877
1016	7939093
1016	5841682
1016	7874748
1016	8305437
1016	8190284
1016	6713907
1016	1939546
1016	2792386
1016	2851923
1016	1727012
1016	2910953
1016	1215578
1016	3618779
1016	6739429
1016	4407019
1016	7980111
1016	181377
1016	1937291
1016	1754072
1016	108476
1016	2289212
1016	8188540
1016	739429
1016	408378
1016	4387237
1016	3657049
1016	4627323
1016	6783901
1016	4702149
1016	1662907
1016	2172854
1016	2760453
1016	8578178
1016	6438648
1016	2940383
1016	1427202
1016	3043734
1016	388355
1016	8816541
1016	4507026
1016	8158768
1016	6632828
1016	5000800
1016	3099636
1016	8094484
1016	8379822
1016	4465318
1016	5056903
1016	5328527
1504	6432304
1504	4668229
1504	1374985
1504	1385470
1504	2289818
1504	3137456
1504	3807998
1504	2039762
1504	3611025
1504	6189377
1504	7810902
1504	3347704
1504	3085156
1504	8258186
1504	10993
1504	8247543
1504	7585725
1504	3939012
1504	5773142
1504	6219334
1504	2946042
1504	119618
1504	6722109
1504	5613640
1504	6168134
1504	5122677
1504	1601855
1373	830545
1373	3411575
1373	4007866
1373	2383809
1373	8144730
1373	6933213
1373	2387477
1373	1397002
1636	5194251
1636	284128
1636	567029
1636	6777316
1636	5981840
1636	6383888
1636	547488
1636	6297513
1636	3053272
1636	8782105
1636	4105290
1636	7611161
1636	6970860
1636	3112040
1636	494425
1636	8364030
1636	6568699
1636	6785483
1636	3639467
1636	3750115
1636	2026608
1636	3423907
1636	7845633
1636	2594495
1636	3482875
1636	375208
1636	602792
1636	6000439
1636	4896080
1636	2256945
1636	7959468
1636	5922726
1636	2720293
1636	383432
1636	2179343
1271	6771512
1271	8179822
1271	7155450
1271	2220145
1271	3063469
1271	3695877
1271	7915270
1271	3063317
1271	4529475
1271	8625577
1271	3927824
1271	7039651
1271	3815652
1271	6571445
1271	6966636
1271	6452524
1271	6721869
1271	5375277
1271	2480835
1271	2431879
1271	7857752
1271	1876194
1271	7157452
1271	3950384
1271	5243591
1271	1433983
1271	2063193
1271	8502978
1271	6464793
1271	6283575
1271	2268970
1271	5502400
1271	4694817
1271	6135944
1271	7020810
1271	3411604
1271	4939785
1271	8443736
1271	3443132
1271	2911842
1271	5975004
1271	8023203
1271	2332790
1271	6879859
1271	8774861
1271	3528699
1271	7727806
1271	988327
1271	5528707
1271	5425808
1271	3325504
1271	4203594
1271	8575880
1271	5625212
1271	6531022
1271	5783168
1271	4106056
1271	106479
1271	4024688
1271	8046212
1271	4993694
1271	4069588
1271	3670456
1271	3918150
1271	8764544
1271	6059356
1271	8358737
1271	4904561
1271	5841948
1271	8428201
1271	6249426
1271	83159
1271	8431236
1271	6054395
1271	8881487
1271	660264
1271	91039
1271	4869568
696	1413851
696	3417871
696	3179407
696	3800282
696	134495
696	847619
696	5496714
696	8567665
696	6243533
696	934994
696	5841679
696	4712121
696	4822753
696	789067
696	457879
696	8630664
696	4086562
696	6558976
696	4911961
696	1743681
696	8205992
696	1186736
696	5037883
696	4761364
696	805111
696	324245
696	1213781
696	8206826
696	7308187
696	3870103
696	5982226
696	6846618
696	8344197
696	6572030
696	3226133
696	5574863
696	7960198
696	6119191
696	220455
696	6754965
696	6950170
696	4450874
696	1254721
696	1468755
696	6293147
696	6812860
696	5161444
696	5986174
696	541526
696	6852561
696	2895819
696	1681579
696	8611353
696	2964024
696	8511584
696	5127393
696	3864963
696	7578620
696	2731968
696	5201028
696	3305398
696	343644
696	2072725
696	3082831
696	4971178
696	6852548
696	3592463
696	7795318
696	4434488
696	2697260
696	3898710
696	8645066
696	7359542
696	640605
696	5798073
696	809581
696	2842947
696	5209173
696	1837064
280	627993
280	7564844
280	7194444
280	6785941
280	5354380
280	2364268
280	1725022
280	5006350
280	1744354
280	2322243
280	444615
280	2833234
280	5962634
280	4804730
280	8913926
280	1701016
280	557480
280	3521283
280	7709473
280	5936766
280	8342347
280	1532089
280	6893323
280	4389718
280	977447
280	1660236
280	172439
280	5071517
280	2107929
280	965505
280	1308017
280	675259
280	8897843
280	2257947
280	4186026
280	921855
280	2752894
280	4841048
280	2479042
280	4320557
280	7408833
280	4686768
280	8912254
280	264347
280	1751511
280	267310
280	6859023
280	1860599
280	181653
280	7281631
280	2840688
280	3138124
280	4670219
280	5003979
280	2568936
280	2411626
280	4227814
280	269792
280	7697925
280	2890298
280	699905
280	8185804
280	3545891
280	4779303
280	3495296
280	5779795
280	2919038
280	6452457
280	2452294
280	6433746
280	3990954
344	1409044
344	820813
344	3507434
344	8192753
344	5163739
344	8104287
344	8660198
344	8265938
344	6122096
344	8759979
344	8675928
344	7092961
344	8582499
344	6254187
344	2281742
344	3041048
344	1860785
344	7976650
344	7484721
344	2044556
344	554884
344	717448
344	7075672
344	4430366
344	7143442
344	7351308
344	8815787
344	4571349
344	5331516
344	7336969
344	7069006
344	4590879
344	5697008
344	1078963
344	8499158
344	7131841
344	8893242
344	4767624
344	5595546
344	8511798
344	8082684
344	3251402
344	237463
344	4547895
344	3508803
344	5142440
344	1193693
344	8732702
344	6201832
344	3844345
344	5620580
344	8413766
344	6001036
344	7923982
1025	4075833
1025	428071
1025	2738861
1025	7991364
1025	5469355
1025	1958607
1025	7919628
1025	252048
1025	6174527
1025	1847470
1025	8559177
1025	3799495
1025	35023
1025	3899932
1025	2000031
1025	4416540
1025	8447199
1025	3938122
1025	6565186
1025	3109379
1025	7787712
1025	2026772
1025	4551403
1025	3699625
1025	369888
1025	8365256
1025	4808252
1025	3723450
1025	3384630
1025	2863286
1025	3703126
1025	1234606
1025	8741344
1025	729853
1025	6821163
1025	1129490
1025	6252492
1025	5121223
1025	207746
1025	2702699
1025	1810581
1025	3737245
1025	7581462
1025	5710555
1025	5362230
1025	5697354
1025	7876154
1025	790093
1025	3889949
1025	3112351
1025	8386142
1025	5361633
1025	4077040
1025	3662546
1025	2932626
1025	8894654
1025	3054379
1025	6686737
1025	312945
1025	3153321
1025	7488699
1025	4893577
1025	1252228
1025	4469377
1025	6012696
1025	7153454
1025	4430234
1025	7111831
1025	484679
1025	3758972
1025	8394509
1025	162174
1025	7260665
1025	1771387
1025	1939464
1025	1541983
170	7157373
170	3225364
170	4173790
170	1036588
170	1770232
170	1895746
170	1878648
170	1983265
170	8223509
170	8902862
170	1010577
170	6651032
170	3149583
170	4159158
170	2720964
170	6744733
170	7717514
170	5067295
170	1057477
170	2869493
593	1146119
593	1468026
593	4659031
593	4059964
593	7035535
593	5705775
593	6645068
593	2063556
593	2897564
593	2426522
593	2556218
593	8208485
593	6409705
593	3513366
593	5111951
593	728532
593	648409
593	4721710
593	5048445
593	6856438
593	6681718
593	5957488
593	703570
593	8184618
593	1147736
593	8172134
593	853359
593	8339774
593	8375206
593	4190285
593	6015457
593	3245619
593	2066680
593	872282
593	8259319
593	8823803
593	6481217
593	6283558
593	3876315
593	4627828
593	7121056
593	5023101
593	6241394
593	6738061
593	3531822
593	694706
593	7218058
593	2046735
593	5875380
593	7146166
593	3248666
1049	6506512
1049	3709235
1049	7010363
1049	577166
1049	4168527
1049	8244676
1049	1475980
1049	5456649
1049	8385200
1049	950834
1049	7371388
1049	6276855
1049	4597745
1049	4626982
1049	7271692
1049	3364961
1049	5970457
1049	8699646
1049	2602846
1049	4939500
1049	3414045
1049	867234
1049	3963132
1049	3983447
1049	4191284
1049	3999064
1049	1391130
1049	116869
1049	4790694
1049	4938943
1049	4745521
1049	2237760
1049	316156
1049	2810857
1049	4530482
1049	6619812
1049	1320244
1049	525271
1049	4200867
1049	7219659
1049	5167577
1049	7003248
1049	2608178
1049	4720356
1049	6840019
1049	5620950
1049	522265
1049	8816777
982	1606500
982	6087895
982	5451858
982	8862660
982	2676663
982	1674037
1178	5351482
1178	6974243
1178	4277979
1178	7911364
1178	4075898
1178	1765374
1178	6659149
1178	2069616
1178	8059740
1178	3158493
1178	2477489
1178	2907843
1178	8081285
1178	4027541
1178	4166554
1178	6250287
1178	7317361
1178	3267338
1178	8143216
1178	119937
1178	5055834
1178	3932715
1178	1153250
1178	8742270
1178	1577452
1178	3268725
1178	7073624
1178	5071183
1178	2081465
1178	3640209
1178	7457244
1178	1255525
1178	997896
1178	5324653
1178	6746201
1178	2712568
1178	5404242
1178	4641148
1178	1989109
1178	7229986
1178	6091207
1178	6810982
1178	1980825
1178	439529
1178	1293237
1178	1134814
1178	443712
1178	1354856
1178	3288348
1178	4556575
1178	1569685
1178	4356026
1178	7716787
1178	1654638
1178	8750758
1178	6976673
1178	8356954
1178	4746901
1178	3434213
1178	1351740
1178	2778694
1178	1856025
1178	1596446
1178	5457864
1178	3850036
1178	7411282
1178	3826704
1178	6693450
1178	3472386
1178	4130127
758	5616058
758	609852
758	2259241
758	82544
758	3124267
758	3152547
758	1828498
758	554405
758	1254209
758	926580
1021	6801238
1021	8612572
1021	8863264
1021	7718506
1021	1464663
1021	5368040
1021	983265
1021	2136922
1021	4828631
1021	5099935
1021	6444813
1021	1900062
1021	5905170
1021	3497589
1021	2655166
1021	3913840
1021	6535406
1021	7776748
1021	4335951
1021	2984113
1021	3553034
1021	6318597
1021	857068
1021	3389762
1021	4631514
1021	6483050
1021	3494232
1021	7921621
1021	5582579
1021	4787313
1021	2916016
1021	4535879
1021	588873
1021	7318268
1021	6344372
1021	3838490
1021	671364
1021	1603913
1021	5268804
1021	7702643
1021	40896
1021	1114896
1021	8396346
1021	5745896
1021	4601932
1021	3581705
1021	7451231
1021	2912228
1021	2107048
1021	1255599
1021	6056982
1021	830744
1021	5262049
1021	5112155
1021	1773478
1021	6558527
1021	6240659
1021	7730588
1021	7821542
1021	8134332
1021	858049
1021	674805
1021	617940
1021	8725162
955	8539998
955	6892602
955	2624159
955	6918719
955	5406977
955	864984
955	6162197
955	3463832
955	7495381
955	6557476
955	995878
955	7082856
955	5153231
955	706412
955	8690532
955	2819436
955	8180327
955	361219
955	2356101
955	4933307
955	4969613
955	3839452
955	3148079
955	54293
955	1116759
955	7190970
955	3076673
955	4093586
955	5294759
955	8026530
955	522653
955	2335562
955	8169688
955	6268007
955	677368
955	176160
955	539046
955	5247433
955	6090884
955	1705427
955	3846352
955	8626405
955	2622241
955	1305010
955	6909630
955	1816063
955	4491410
955	2719415
955	8003697
955	3532459
955	7269278
955	5999344
955	5070905
955	7782990
955	7547030
955	2916936
955	4006951
955	1130314
955	6857173
955	2016116
955	7807103
955	2867520
397	6079083
397	4972381
397	7776944
397	2590662
397	1716024
397	8114157
397	8644809
397	1775550
397	5398124
397	3125085
397	6930425
397	5706632
397	4777897
397	644207
397	7440009
397	7080387
397	2645235
397	2637744
397	2817213
397	4500354
397	5179448
397	697822
397	4707924
397	7235798
397	8568468
397	5820162
397	14699
397	3134666
397	7472658
397	928417
397	6276469
397	2242047
397	540556
397	2108062
397	1354501
397	8394591
397	1900854
397	3449543
397	3259460
397	2169678
397	6092137
397	6118365
397	6348324
397	3049212
397	4007558
1598	8429426
1598	4022459
1598	2180612
1598	5730375
1598	423168
1598	1312677
1598	7593297
1598	1011210
1598	7506533
1598	7099510
1598	4895517
1598	1133812
1598	990439
1598	7129521
1598	3364056
1598	2475727
1598	4796783
1598	3147969
1598	801210
1598	2850786
1598	773009
1598	2829683
1598	7684685
1598	4902883
1598	679169
1598	1844542
1598	1204393
1598	1873015
1598	6779187
1598	4639517
1598	6528087
1598	3685663
1598	7309125
1598	7183096
1598	6788910
1598	173483
1598	7365308
1598	3885202
1598	5333661
1598	6089147
1598	8372018
1598	2499486
1598	216162
1598	5277999
1598	7498369
1598	7775554
1598	4502792
1598	254330
1598	2851007
1598	6258440
1598	4553438
1598	1074944
1598	1484118
1598	8681619
1598	752448
1598	1305080
1598	7065907
1598	3871355
1598	5569758
1598	1592008
1598	2549412
1598	4995665
1598	2837603
1598	1358676
1598	2200833
1598	5264372
1598	5678726
1598	735962
1598	8320
1598	8333612
1598	3175832
1598	6293430
1598	7991025
1598	6655628
1598	5800090
545	5767360
545	4513038
545	6197547
545	6809141
545	8530127
545	3827983
545	4694786
545	2683728
545	43465
545	6470427
545	1576618
545	1791324
545	4200763
545	6959582
545	6275756
545	6153746
545	2507940
545	564098
545	7789716
545	3836298
545	3944918
1026	4855731
1026	3001527
1026	2407248
1026	5077094
1026	637254
1026	2470595
1026	3311493
1026	1744404
1026	753640
1026	8317735
1026	7828867
1026	3626210
1026	1813350
1026	34296
1026	7649360
1026	1663094
1026	8784766
1026	6833660
1026	6071669
1026	7130774
1026	5334877
1026	2203533
1026	5836095
1026	2111522
1026	6020476
1026	1630178
1026	7076801
1026	6222483
1026	4397236
1026	8278872
1026	7282090
1026	4585844
1026	639802
1026	5236892
1026	3530020
1026	363269
1026	5385747
1026	6326278
1026	7220135
1026	8159739
1026	6409290
1026	5721187
1026	1679746
1026	2465678
1026	1254928
1026	2547307
1026	4640094
1026	8753242
1026	7217516
1026	3790815
991	235176
991	444888
991	5620380
991	5170132
991	2928485
991	6699102
991	126008
991	3268847
991	2811750
991	6307666
991	3853038
1750	2782423
1750	5273679
1750	1651821
1750	2874699
1750	8719473
1750	8631496
1750	1493988
1750	5705879
1750	8310969
1750	6039829
1750	3520620
1750	6252091
1750	2321619
1750	8111302
1750	4270974
1750	7934069
1750	3790021
1750	5215357
1750	3044059
1750	6809537
1750	2498404
1750	955564
1750	4167573
1750	997810
1146	2163295
1146	4805390
1146	3244329
1146	930674
1146	4000609
1146	8584430
1146	4366166
1146	4971112
1146	2179459
1146	5849784
1146	2863212
1146	6957746
1146	4812509
1146	1096863
1146	1272028
1146	5291292
1146	7965574
1146	4190311
1146	1656221
1146	734025
1146	5531772
1146	7761662
1146	7880848
1146	2104445
1146	6453516
1146	6084154
1146	5701616
1146	7001097
1146	6294627
1146	171812
1146	7102573
1146	4326211
1146	3106720
1146	7843911
1146	388087
1146	6441112
1146	8855
1146	8537962
1146	1986603
1146	2992723
1146	422965
1146	6329120
1146	5269609
1146	805883
1146	6965350
1146	8783513
1146	3274595
1146	5997291
1146	2100228
1139	7287363
1139	104628
1139	6112290
1139	8654052
1139	1349873
1139	454380
1139	8441911
1139	7979290
1139	5560048
1139	5840926
1139	5270939
1139	3026108
1139	2423954
1139	3525087
1139	6934837
1139	7586036
1139	4435215
1139	5467367
1139	5198309
1139	2264462
1139	4123051
1139	3986933
1139	1338802
1139	4739032
1139	8723796
1139	2047626
1139	3173474
1139	117230
1139	564563
1139	3748143
1139	3192687
1139	6325634
1139	4764528
1139	2802154
1139	6144286
1139	8270153
1139	7605541
1139	8407125
1139	5579271
1139	5414456
1139	1653079
1139	5494294
1139	1520341
1139	2786751
1139	2525179
783	3905018
783	8825462
783	1725039
783	4667235
783	8734831
783	3831749
783	1415427
783	7447917
783	2477461
783	1957231
783	6411447
783	115357
783	3813776
783	7056884
783	4772762
783	6531258
783	5098886
783	7312861
783	1042020
783	8647327
783	8575354
783	5632468
783	8090523
783	1295662
783	5874199
783	4661675
783	2831300
783	7301087
783	2409416
783	4402720
783	1023938
783	8620965
783	8133201
783	3047667
783	8275847
783	4618689
783	4056384
783	3352634
783	1157759
783	174442
783	8927277
783	2911684
783	7952165
783	7175174
783	5676673
783	3548453
434	4722388
434	3115783
434	7095444
434	104840
253	3574649
253	1590630
253	8181957
253	1021758
253	3012456
253	7036543
253	6133336
253	7825723
253	6901465
253	7374729
253	6519277
253	3041106
253	8483220
253	6107872
253	2145947
253	4050761
253	4955545
253	3431440
253	8606625
253	8144737
253	1366641
253	8273115
253	3823987
253	3561931
253	6967783
253	1923974
253	1680511
253	6628343
253	2595345
253	5075585
253	1015024
253	7219863
253	7141818
253	6577617
253	294736
253	8652005
253	4157812
253	6092363
253	2469399
253	3584806
253	8719093
253	8179386
253	961277
253	1669723
253	3701389
253	4279770
253	6428409
253	8827053
253	4500167
253	8845431
253	2824285
253	4429371
253	49000
253	7488977
253	700610
253	7907629
253	8218004
253	285343
253	6289179
253	2506683
253	8920877
253	4770478
253	2750099
253	5787866
253	4117031
253	3051435
253	2829387
253	3973508
253	1540869
253	5795037
741	2353876
741	4116872
741	5189676
741	2444691
741	6715214
741	3412783
741	2406383
741	1649102
741	1553971
741	5892374
741	1800379
741	1866472
741	3737769
741	7534440
741	751084
741	1255385
741	7154538
741	7531819
741	5499943
741	2421354
741	7243850
741	1681811
741	2127180
741	5683717
741	3232794
741	3512552
741	2557595
741	6243109
741	4135675
741	4931634
741	1841654
741	4965820
741	1403294
741	6948419
741	4361269
1595	8149307
1595	7324629
1595	6066128
1595	8311092
1595	7774731
1595	2652603
1595	3499053
1595	5998762
1595	5352830
1595	2984112
1595	5636569
1595	1431584
1595	4835353
1595	4680093
1595	5865204
1595	1494978
1595	8287380
1595	3976124
1595	5772587
1595	4829174
1595	8850060
1595	8657265
1595	1623745
1595	2629766
1595	5797750
1595	4519351
1595	2820636
1595	6086426
1595	8649055
1595	1480686
1595	2343726
1595	6471463
1595	1659715
1595	6532664
1595	6233262
1595	6150242
1595	7197799
1595	2425235
1595	3237382
1595	5828255
1595	2146968
1595	1912831
1595	1898435
1595	2601867
1595	5095550
1595	2733634
1595	4866656
1595	2696646
1595	657196
1595	2974001
1595	7390407
1595	3810873
1595	932987
1595	141170
1595	773102
1595	4854850
830	1373591
830	5402287
830	5797207
830	4247934
830	7854287
830	302892
830	5275817
830	1242880
830	4568286
830	5781643
830	5485554
830	1899259
830	6778150
830	4575569
830	1222187
830	1828671
830	7467768
830	6181009
830	1917025
830	167255
830	3051741
830	3617090
830	842374
830	8857286
830	8481807
830	5978337
830	1399247
830	7552195
830	1731859
830	117314
830	5078408
830	8391546
830	7104385
830	1585675
830	557254
830	315156
830	7450693
830	2014782
830	3190894
830	7148683
830	2282322
830	1732698
830	2610190
830	1226975
830	5147842
830	1913139
830	4837860
830	7633630
830	6468244
830	6440053
830	2158460
830	4516680
830	4466696
830	8281981
830	8200304
830	8675266
830	1595342
830	7221694
830	573387
830	5384240
830	2278163
830	2463762
830	8158402
830	8232824
830	5839118
830	8341120
830	8147201
830	4538123
830	617434
830	318407
830	4047111
830	6078162
830	7835705
830	4526196
830	5144712
830	3056661
830	6492599
830	1558738
169	6426993
169	6128668
169	4439768
169	5458557
169	3218447
169	1455076
169	7781292
169	7383362
169	6733781
169	5497459
169	6136702
169	1712017
169	4557413
169	4613257
169	8742984
169	8504627
169	3406753
169	2753111
169	4888658
169	5565916
169	3591986
169	4826341
169	5147273
169	8455725
169	1590622
169	4357287
169	3669567
169	3792799
169	4492766
169	6581023
169	2071751
169	8158913
169	6285639
169	6772899
169	6036371
169	1363671
169	7464565
169	4224696
169	505475
169	3157378
169	5761072
169	1457581
169	2974211
169	4131861
169	8897543
169	5502124
169	2520589
169	1235346
169	5381458
169	3492222
169	8111582
169	900387
169	4843357
169	5890437
169	5411179
169	5537308
169	8637496
169	8721516
169	6424586
169	7493466
169	6631875
169	6073174
169	4835566
169	3185630
169	2531939
169	7096874
169	8545793
169	1623961
169	5797059
169	6788198
169	8613923
169	4417691
169	6760397
169	2084251
804	8590517
804	6943518
804	148280
804	5478928
804	7678403
804	4604847
804	3891017
804	4621333
804	6948260
804	7039439
804	3528090
804	7695840
804	5727060
804	299647
804	4161479
804	7669273
804	8908402
804	7990756
804	4589090
804	1886084
804	3821203
804	6346223
804	361253
804	7366909
804	6697253
804	4481100
804	186279
804	5788418
804	4490222
804	5801636
804	5124503
804	3357879
804	3508491
804	8152482
804	8506303
804	3119793
804	8073406
804	1267546
804	8923205
804	6546653
804	3483644
804	3961140
804	642038
804	2084116
804	5790169
804	5504701
804	3687743
804	5433848
804	7425822
804	5715492
804	3910151
804	4470243
804	6745273
804	7324010
1268	7594616
1268	2932155
1268	5093070
1268	1167326
1268	7307366
1268	6467634
1268	4925066
1268	4400733
1268	6442272
1268	8507167
1268	5465661
1268	6281017
1268	2456064
1268	4355676
1268	3084035
1268	5703242
1268	8923683
1268	2938820
1268	8928614
1268	6740628
1268	7247123
1268	7857138
1268	4478677
1268	4823396
1268	5156271
1268	5562873
1268	3765281
1268	4972573
1268	4915844
1268	2845687
1268	3241698
1268	5610826
1268	1685345
1268	4230939
1268	8155156
1268	52368
1268	6382104
1268	4509261
1268	4726665
1268	6552884
1268	3635462
1268	5309377
1268	6056593
1268	5038778
1268	4011810
1268	3070950
1268	1532361
1268	2885139
1268	6205536
1268	2730592
1268	8565398
1268	6792074
1268	349824
1268	3512555
1268	7300092
1268	2819313
1268	8263613
1268	8057485
1268	3231482
1268	5966433
726	1242565
726	6146507
726	7724557
726	5310464
726	8427444
726	2860296
726	7333439
726	3386415
726	4953743
726	4509079
726	5633452
726	5754550
726	702172
726	2815551
726	8318920
726	462437
726	6435509
726	2339204
726	5001102
726	1579871
726	1430945
726	3044550
726	2824855
726	8767950
726	3406271
726	7827522
726	594960
726	4194071
726	7206331
726	4418686
726	6045
726	772980
726	5102763
726	4017727
726	8131432
726	4372976
726	813984
726	5559075
726	8443632
726	6733522
726	1707408
726	271836
726	1071057
726	862173
726	8632590
726	3438218
726	5590236
726	976043
726	3381054
726	7059492
726	2261238
726	3419278
726	3231753
726	159659
726	6902637
726	8745127
726	5795322
726	6450322
726	5471427
726	6002100
726	6727128
726	4760979
726	8388449
726	1860533
726	1571583
726	1414584
726	8520390
726	7253843
726	8107387
726	8425738
726	6522614
726	1240905
726	5158299
726	6818587
1481	1939687
1481	3177711
1481	5916186
1481	6432669
1481	992612
1481	8374601
1481	5106263
1481	2607296
1481	6750183
1481	5345689
1481	3721656
1481	3079303
1481	1288593
1481	5581976
1481	5797204
1481	1217506
1481	6278032
1481	2579564
1481	7624794
1481	8384219
1481	2753642
1481	8638367
1481	8525996
1481	3626187
1481	2602954
1481	6196384
1112	8445392
1112	5390021
1112	8256020
1112	4506851
1112	7987514
1112	7664351
1112	959239
1112	3045727
1112	3713505
1112	6819236
1112	7361213
1112	787208
1112	215749
1112	6713244
1112	2374807
1112	6512731
1112	518427
1112	4643947
1112	5308526
1112	3016200
1112	987296
1112	2923171
1112	7793352
1112	1732560
1112	4655248
1112	6441705
1112	1591735
1112	8036359
1112	7527677
1112	4710548
1112	1732563
1112	1586402
1112	7466500
1112	5037241
1112	3711795
1112	6291397
1112	868025
1112	7960157
1112	7710260
1112	5661023
1112	7858507
1112	2878380
1112	2520587
1112	2714573
1112	7161826
1112	6903059
1112	8317408
1112	4674642
1112	6387030
1112	3280158
1112	2571268
1112	6876927
1112	8156372
1112	5134613
1112	4498410
1112	3163167
1462	6943099
1462	2975496
1462	4016850
1462	8014307
1462	6964436
1462	7388650
1462	4478700
1462	2555000
1462	1766022
1462	6165252
1462	3026981
1462	8230532
1462	3876573
1462	2917744
1462	5789333
1462	2761978
1462	3446130
1462	5168721
1462	4144023
579	1695101
579	8730358
579	2552421
579	2533983
579	7154807
579	6680918
579	5030514
579	7656083
579	5675519
579	3665715
579	607439
579	7384364
579	3741394
579	7870505
579	1119458
579	7244885
579	1251660
579	29725
579	8739146
579	774067
579	7786875
579	111560
579	8041997
579	5012171
579	5597130
579	6751115
579	7152221
579	359409
579	564729
579	1437461
579	3501127
579	3803239
579	201349
579	4259464
579	490420
579	1202326
579	6292265
1045	6922808
1045	6815281
1045	3889373
1045	5655
1045	3105416
1045	4345859
1045	5480874
1045	997544
1045	7210583
1045	2680170
1045	2476260
1045	1136385
1045	8795401
1045	7472085
1045	6175981
1045	4557728
1045	5985299
1045	3092556
1045	3076126
1045	887395
1045	5207317
1045	4778091
1045	5442130
1045	1939935
1045	2723386
1045	1899035
1045	7117622
1045	1410470
1045	3291004
1045	3929405
1045	1854593
1045	5759420
1045	8088048
1045	6848408
1045	1336164
1045	1151216
1045	6933237
1045	1243495
1045	7228432
1045	5364836
1045	7643270
1045	4451597
1045	8080972
1045	6768812
1045	1324420
1045	4438728
1045	8105587
1045	4441685
1045	1530125
1045	4777582
1045	6822915
1045	783232
1045	437615
1045	1612553
1045	2358414
1045	5464721
1045	4825090
1045	3735173
1045	4592226
1045	8284478
1045	4475459
1045	1671869
1045	451317
1045	2080182
1045	7497144
1045	4890564
1045	6845212
1045	8379591
1045	7503404
1045	133130
1045	286463
1045	5456445
1045	5818431
1045	5415604
1045	4717655
1045	6532169
1045	3950712
1045	5694146
1045	7472343
408	1770664
408	6566799
408	829677
408	2034386
408	6684383
408	4412977
408	8771843
408	5707319
408	5677870
408	2524763
408	8199439
408	3672320
408	4370944
408	2638407
408	6770890
408	7773506
408	5452440
408	997981
408	7830604
408	8304774
408	236873
408	4876669
408	5136863
408	7940336
408	4036598
408	150631
408	5843109
408	7598546
1499	7867689
1499	6966467
1499	7278541
1499	1354465
1499	2984202
1499	976693
1499	974971
1499	5070251
1499	3663118
1499	6297184
1499	6311027
1499	4924190
1499	2229828
1499	7706187
1499	8650433
1499	4201642
1499	810586
1499	381198
1499	5819006
1499	2026768
1499	1924230
1499	5893498
1499	6821913
1499	5177845
1499	1712568
1499	634946
1499	4094646
1499	7750355
1499	720133
1499	8327338
1499	1418843
1499	3603770
1499	7481130
1499	3997127
1499	7801759
1499	4299361
1499	1187487
1499	5928085
1499	4402446
1499	2135539
1499	3111431
1499	2234679
1499	4780785
1499	4320667
1499	7725767
1499	6322601
1499	6319221
1499	2504136
1499	2821818
1499	4200610
1499	3050314
1499	3991529
1499	7576393
1499	1422595
1499	4223640
1499	313247
1499	6487163
1782	4546104
1782	2850280
1782	5328919
1782	6758864
1013	4192733
1013	7636760
1013	1554051
1013	2604215
1013	6849935
1013	5170139
1013	946956
1013	4307354
1013	373586
1013	755132
1013	4623848
1013	5486024
1013	3824706
1013	2563151
1013	4132385
1013	3829194
1013	1923118
1013	7429456
1013	4823449
1013	7917096
1013	3369730
1013	1580955
1013	7986103
1013	4240470
1013	3743564
1013	7016172
1013	4935304
1013	2609151
1013	714342
1013	3910193
1013	4087245
1013	774734
1013	2978558
1013	808712
1013	2665555
1013	4366001
1013	5661081
1013	8929993
1013	1773824
1013	1869965
1013	8101788
1013	5407781
1013	8803472
1013	8517400
1013	8081720
1013	4167293
1013	3199529
1013	30883
1013	5503808
1013	5096226
1013	7496888
1013	5699628
1013	3836233
1013	1674594
1013	6465437
1013	2344220
1013	1308415
1013	8884109
1013	5386207
1013	4040789
1013	807419
1013	8609569
1013	371110
1013	4690185
1013	175912
1013	5086543
1013	2444642
1013	3783343
1013	2378222
1013	970289
1013	2339618
1013	2183809
1013	6923041
1013	3152629
1013	2318144
1013	3802667
1013	1877692
1013	279376
10	6023988
10	7069862
10	1782893
10	2067339
10	2172860
10	6595380
10	7604223
10	1186286
10	3874497
10	2508541
10	2755100
10	7707806
10	8170521
10	8659302
10	5086691
10	7672706
10	4916971
10	3324466
10	5915010
10	8822997
10	1288220
10	5544621
10	631876
10	60359
10	6968334
10	6403281
10	513252
10	5004134
10	8425497
10	894842
10	3000814
10	8917308
10	2794207
10	1145595
10	5091674
10	7049617
10	3503767
10	8428725
10	4194090
10	2869299
10	3388400
10	1172207
10	2608578
10	6395359
10	3625623
10	8180242
10	2394313
10	667350
10	6770589
10	6495761
1779	7390878
1779	5786127
1779	5081611
1779	2714139
1779	6822448
1779	6895842
1779	3453414
1779	932102
1779	7879686
1779	7419256
1779	5812875
1779	2040358
1779	8598248
1779	3543653
1779	5707138
1779	8493892
1779	782783
1779	1755694
1779	4328710
1779	112314
1779	4621087
1779	699353
1779	3675829
1779	3699364
1779	2949657
1779	2450341
1779	1971621
1779	2830463
1779	5510862
1779	7739725
1779	115559
1779	4642513
1779	5365667
1779	6873022
1779	437968
1779	4019906
1779	7669968
1779	970076
1779	8025006
1779	770834
1779	1301800
1779	5148513
1779	8370379
1779	5750996
1779	1233341
1779	8597173
1779	7914140
1779	702268
1779	1808618
1779	2391367
1779	4509483
1779	5568262
1779	5937417
394	1169593
394	8471274
394	1412215
394	4059736
394	2890343
394	2294888
394	4563963
394	220744
394	8402894
394	4275620
394	151614
394	4334588
394	6072341
394	2540288
394	2604316
394	1122442
394	2604225
394	7800073
394	7344558
394	4050524
394	3003880
394	8163902
394	3292585
394	4377114
394	7358250
394	713876
394	925013
394	939366
394	4882890
394	6535139
394	739929
394	3412465
394	6026991
394	7235647
394	3374075
394	2555922
394	1607859
394	165383
394	5901464
394	5009657
394	6591617
394	3002265
394	148711
394	4268523
394	7105056
394	565682
394	3708108
394	6649570
394	6678473
394	6404302
394	1589786
394	7727681
394	6352755
394	8457473
394	2684411
394	5419250
394	5036200
394	1471562
394	855034
394	3526232
394	4889425
394	5192824
394	6626183
394	3108261
394	8558245
1168	1395172
1168	5642542
1168	346929
1168	3905953
1168	4722945
1168	5394852
1168	2335240
1168	2576552
1168	4712069
1168	4096897
1168	564423
1168	8186823
1168	3600144
1168	6302671
1168	5025608
1168	3572142
1168	1975944
1168	5326057
1168	4362960
1168	2836009
1168	1616079
1168	5290568
1168	8124756
1168	7827788
1168	8633264
1168	2959160
1168	3061141
1168	925268
1168	8000256
1168	430379
1168	6020187
1168	482337
1168	6125458
1168	7472246
1168	8777791
1168	2503800
1168	8352854
1168	2799358
1168	6120564
1343	8917078
1343	3928502
1343	8898337
1343	4501379
1343	2589813
1343	6628100
1343	2350728
1343	685880
1343	2120253
1343	1500961
1343	1140624
1343	5801667
1343	6676109
1343	8881241
1343	2859816
1343	4250177
1343	5022471
1343	5243715
1343	2723056
1343	2454359
1343	4290948
1343	6664080
1343	5520598
1343	7901072
1343	8536092
1343	6343303
1343	4510888
1343	4038613
136	1075939
136	496646
136	3311943
136	8305948
136	3515935
136	8711237
136	617620
136	2495280
136	5418895
136	5581091
136	4841536
136	1999941
136	3909197
136	5027840
136	628016
136	7755632
136	3637814
136	3344056
136	4807637
136	873550
136	3864714
136	8478031
136	3159488
136	5255790
136	5998745
136	3901671
136	2845028
136	1728532
136	5982409
136	641482
136	2954487
136	2594328
136	7611279
136	370683
136	3748361
136	4336231
136	5275169
136	8032008
136	6439247
136	3119004
136	3950682
136	2503979
136	3814734
136	1257504
136	5500279
136	3965497
136	8154655
136	6621233
136	6262604
136	2387654
136	8505938
136	1438803
136	6647653
136	152953
136	6156265
136	6197523
136	1893893
136	7686200
136	1509625
136	8683503
136	4382293
136	3515660
136	7181421
136	2814900
136	8136549
136	6924702
136	7125010
136	7502849
1480	6104013
1480	4653081
1480	4522036
1703	5345763
1703	6718754
1703	1965116
1703	4728930
1703	4651730
1703	2807014
1703	7521715
1703	120382
1703	1590139
1703	6643612
1703	7242074
1703	6567784
1703	1843911
1703	737700
1703	3164853
1703	210617
1703	3827424
1703	1242294
1703	2162342
1703	4869056
1703	8159327
1703	1788604
1703	8830494
1703	2119271
405	5143925
405	4813173
405	1497473
405	4254249
405	2569448
405	4614474
405	2930753
405	2182407
405	3691212
405	5337835
405	1333429
405	1364696
405	5038952
405	7536791
1704	5787862
1704	8067729
1704	382312
1704	7999171
1704	6966751
1704	635120
1704	3916252
1704	2773595
1704	22523
1704	7596722
1704	2045953
1704	1703234
1704	2904993
1704	7052626
1704	95130
1704	1909927
1704	8249530
1704	7842595
1704	4547162
1704	1473563
1704	5187587
1704	1397619
1704	2837707
1704	7553864
1704	1496250
1704	6206825
1704	13327
1704	7462118
1704	7796563
1704	871155
1704	4402473
1704	5418829
1704	3717034
1704	5406185
733	2553023
733	484322
733	2157092
733	2800486
733	307696
733	7920114
733	7019679
733	8422451
733	8294076
733	8058820
733	7181043
733	4805742
733	8459543
733	1525708
733	7551932
733	2929121
733	5458930
733	188204
733	251947
733	8660786
733	467957
733	5490628
733	5048247
733	4334918
733	7521165
733	6883394
733	862932
733	7632433
733	6451797
733	8693357
733	3211911
733	5636074
733	8397247
733	6180185
733	851073
733	7035379
733	7439668
733	4314310
733	1515678
733	8135454
733	5833301
733	3724946
733	2524039
733	8823807
733	7067357
733	57506
733	5933515
733	5762926
733	7066537
733	7779025
733	3760804
733	6927865
733	5927857
733	7749356
733	4022542
733	8064232
733	7543324
733	6777187
733	520531
733	5110340
733	5969454
733	7324880
733	2840107
733	4324341
733	2182762
733	7213093
1246	4300046
1246	6201184
1246	2371008
1246	3656864
1246	3621968
1246	5667563
1246	8364464
1246	1042549
1246	4173315
1246	2825846
1246	5570974
1246	5571006
1246	5817151
1246	7367855
1246	6924665
1246	3582736
1246	5121536
1246	7156353
1246	3456184
1246	1735485
1246	1521989
1246	4863701
1246	6461128
1246	8280693
1246	3122405
1246	2673595
1246	6469237
1246	5712848
1246	4427194
1246	2910853
1246	4726377
1246	7645485
1246	1084956
1246	6303963
1246	5858616
1246	5464847
1246	4235805
1246	2687724
1246	2817365
1246	7459236
1246	6412599
1246	7501382
1246	279785
1246	6916136
1246	8323755
146	4859000
146	4589272
146	2469060
146	3768878
146	8157060
146	3937145
146	347545
146	6301840
146	2569144
146	2951408
146	7190901
146	4096268
146	409877
146	792418
146	733122
146	2768727
146	3381500
146	54241
146	2449767
146	3122499
146	2029211
146	7946460
146	5979859
146	8897497
146	5350510
146	173752
146	536171
146	317193
146	7073078
146	2999692
146	1380935
146	1468389
146	886056
146	7335756
146	5458023
146	5632246
146	2181416
146	4849852
146	7596556
146	2774430
146	3577639
146	2584483
146	6263432
146	8323484
146	4582767
146	7240546
146	1725469
146	4917619
146	6100903
658	6857866
658	4502292
658	1055591
658	8039033
658	1476064
658	4555643
658	5051413
658	4259945
658	6670387
658	2068517
658	6846365
658	3858825
658	6764541
658	3360926
658	6864629
658	7704712
658	307790
658	4500442
658	5801997
658	1043263
658	3190727
658	3857934
658	2363880
658	1653594
658	4947377
658	2548759
658	827523
658	1172124
658	1292000
658	7550382
658	1854922
658	351466
658	2018797
658	1097345
658	408561
658	8536566
658	8091316
967	929510
967	2205369
967	6840652
967	209850
967	145920
967	3533820
967	4589033
967	881855
967	8141577
967	4018096
967	3604150
967	1417307
967	1756565
967	6334902
967	5604385
967	7490249
967	7549219
967	2207343
967	2704154
967	3130727
967	1811099
967	8913636
967	3807699
967	2308184
967	2498439
967	3187337
967	7273030
967	4054673
967	5312860
967	5779367
967	7916964
967	5100112
967	40781
967	2143945
967	7006075
967	7659538
967	3066040
967	7748925
967	7420760
967	5344253
967	4233690
967	5257677
967	5909669
967	2523331
967	980496
967	4051967
967	5157328
967	6382825
967	583311
967	4495651
967	3022087
967	368494
967	8375857
967	3268174
967	8005353
967	84660
967	7586040
967	4816997
967	2006313
967	8430696
967	445895
1044	2297192
1044	3289504
1044	4623561
1044	189041
1044	7023238
1044	4199508
1044	128179
1044	2704844
1044	3509543
1044	2309735
1044	3654736
1044	3719343
1044	1837808
1044	3121919
1044	8483834
1044	6699752
1044	6748757
1044	6306871
1044	4777108
1044	3079176
1044	6140428
1044	7301467
1044	8726280
1044	8282887
1044	4522663
1044	5140981
1044	2823842
1044	3677597
1044	7957463
1044	6289802
1044	6417570
1044	7419813
1044	2429452
1044	5543509
1044	4291961
1044	8371662
1044	668905
1044	6748394
1044	3911234
674	2672765
674	6311902
674	2075350
674	2592347
674	898488
674	6880427
674	8307708
674	4557052
674	4982934
674	7897102
674	467823
674	4324600
674	2642778
674	7523761
674	5683856
674	1322207
674	4042958
674	8203829
674	1616749
674	3033259
674	3436380
674	2543331
674	625378
674	780837
674	36656
674	2828907
674	8246186
674	5224145
674	3410743
674	2297320
674	2616405
674	7138970
674	8793703
674	3555587
674	5322537
674	2307325
674	2663027
674	1863418
674	2908710
674	3032566
674	7281780
674	81360
674	8637552
674	5137581
674	4411319
674	8731563
674	5332534
674	252288
674	4107761
674	1673258
674	2688636
674	8116397
674	7395229
674	5380422
674	8857780
674	4849454
674	5007614
674	5549912
674	5263100
674	4449650
674	3816238
674	5208451
674	4682728
674	4589785
674	2160541
674	1478982
674	8339999
674	4882464
674	2182296
674	832735
674	4513656
674	798737
674	1020674
674	3290026
1249	938658
1249	628952
1249	908218
1249	6197849
1249	5034294
1249	5605356
1249	7907395
1249	8304967
1249	8699516
1249	3706396
1249	3297441
1249	1412654
1249	6514856
1249	23897
1249	956451
1249	185144
1249	2836141
1249	4909337
1249	1707185
1249	928805
1249	6312181
1249	862850
1249	3281270
1249	1275962
1249	6467510
1249	4358001
1249	5036060
1249	2279345
1249	8853901
1249	4043552
1249	1694214
1249	7477956
1249	8055236
1249	6510419
1249	3382254
1249	7027678
1249	313163
1249	368381
1249	6714698
1249	417265
1249	3934096
1249	4937384
1249	8409829
1249	2744703
1249	2500171
1249	709536
1249	1059251
1249	782741
1249	5193740
1249	8534720
1249	2986765
1249	3388878
1249	431034
1249	7982016
1249	7374674
1249	2813181
1249	1430836
1249	3465976
1249	4384411
1249	6652285
1249	1938372
1249	1665113
1249	1541933
1249	7861452
1249	2494647
1249	8012924
1419	2995650
1419	2239269
1419	2444626
1419	6767259
1419	4431350
1419	3789808
1419	2736051
1419	6790173
1419	46538
1419	3730590
1419	7894087
1419	640594
1419	5926535
1419	4989992
1419	553503
1419	779818
1419	7446249
1419	6821612
1419	4005980
1419	1088799
1419	5136554
1419	2595292
1419	8696831
1419	2264763
1419	3134737
1419	1463512
1419	2414441
1419	8255317
1419	3820028
1419	4180343
1419	7682064
1419	8602934
1419	7560040
1419	5633853
1419	1353239
1419	5461566
1419	2039036
854	210151
854	1571599
854	3570104
854	8008694
854	4073560
854	1427398
854	250034
854	3802042
854	1201059
854	208081
854	1726486
854	590488
854	6034881
854	77112
1635	578204
1635	8298227
1635	3628822
1635	3460746
1635	5088177
1635	4675721
1635	7071256
1635	151215
1635	6733461
1635	5276459
1635	6094215
1635	7670690
1635	1509905
1635	125363
1635	243145
1635	4575686
1635	66373
1635	8755070
1635	6837086
1635	5738791
1635	3797217
1635	6413999
1635	5924841
1635	1689334
1635	181299
1635	753023
1635	2608202
1635	8699856
1635	1116192
1635	3596814
1635	567557
1635	4936611
1635	4873995
1635	8384071
1635	810198
1635	6083874
1635	7067718
1635	1536942
1635	7673855
1635	718418
1635	8326373
1635	4086958
1635	1187631
1635	6529638
1635	3859846
1635	2631252
1635	8494297
1635	7647004
1635	3080485
1635	4585109
1635	309557
1635	4336396
1635	7870019
1635	7503663
1635	3947801
1635	3879772
1635	4776490
1635	5858487
1635	5215155
1635	1148248
1635	3701467
1635	8653610
1635	6812271
1635	3417471
1635	8100680
1635	3833321
1635	6823857
1635	7527790
1635	6955287
1635	3869060
1635	110676
1635	5510860
1635	5500670
1379	6933703
1379	3016452
1379	121687
298	2291700
298	4597226
298	7362752
298	2720030
298	2737038
298	5072783
298	1792134
298	7147117
298	1778629
298	4895408
298	5269812
298	4965028
298	8634438
298	6410074
298	2499972
298	5208888
298	5939550
298	4170956
298	1894988
298	5103962
298	5180554
298	4926752
298	7362409
298	5015538
298	1639648
298	6106970
298	8845450
298	4322129
298	888740
298	1289936
298	405484
298	1066360
298	7395782
298	1728870
298	1176374
298	2828366
298	344739
298	8149638
298	7370365
298	5619845
298	5563071
298	1773836
298	6525062
298	1936314
298	7876256
298	5881122
298	3852017
298	8530245
298	586811
298	5307975
298	1273504
298	2953102
298	6486880
298	5969774
298	4938408
258	1804864
258	2640636
258	6492291
258	1679301
258	675920
258	8388314
258	5106240
258	6112317
258	3459736
258	3360040
258	5371456
258	271663
258	2545481
258	6259232
258	8046277
258	8235824
258	6800079
258	4720870
258	1065722
258	100868
258	4177815
258	1912852
258	3926268
258	1835768
258	5606260
258	4599094
258	5620367
258	1685748
258	4399363
258	4204626
258	4616450
258	2519098
258	3370278
258	3203128
258	5018883
258	7032671
258	5888840
258	3686810
258	5896185
258	3356357
258	6931385
258	2213559
258	1432060
258	3290350
258	4400018
258	8627491
258	1548702
258	1606595
258	6265721
258	3785138
258	8686405
258	8097204
258	3271370
258	7350277
258	2514573
258	108497
258	565843
258	3005548
258	3247441
258	4408441
258	6421081
258	8718644
845	5552416
845	697366
845	2663830
845	5044291
845	2961889
845	5929392
845	4543877
845	2412227
845	8699515
845	4408452
845	1605608
845	8098498
845	8081590
845	4131071
845	8721332
845	532774
845	4408573
845	4773491
845	3011553
845	4126351
845	8763335
845	6610649
845	5509597
845	1120978
580	737065
580	528756
580	355221
580	4312559
580	6505435
580	6120375
580	8300711
580	2419272
580	2379641
580	29643
580	5470563
580	3434621
580	8202987
580	8229274
580	4743019
580	1556361
580	8445869
580	1010055
580	4522585
580	137350
580	2258712
580	3596635
580	6525930
580	892494
580	5913021
580	5149002
580	2050227
580	7692591
580	6539657
580	3515559
580	6107059
580	5157895
580	3605971
580	5529414
580	4083550
580	8537571
244	1028525
244	3571701
244	2374203
244	1174592
244	7591637
244	4486300
244	5222504
244	4860864
244	8148371
244	7648592
244	3430130
244	7421738
244	5678938
244	3502183
244	944866
244	1701134
244	7222483
244	6635774
244	7277847
244	1866790
244	5580396
244	7127591
244	1345686
244	1275318
244	2348724
244	4399970
244	4684116
244	7537007
244	179077
244	8588984
244	5806151
244	1904496
244	727055
244	1298047
244	6786708
244	8552562
244	5284377
244	7379222
244	8346823
244	5883168
244	1147280
244	7594894
244	3913112
244	6367611
244	2219159
244	1525102
244	1786863
244	3419003
244	5068639
244	5184660
244	4693217
244	2139467
244	7398298
244	3697694
244	6608204
244	159617
244	3883551
244	5323697
244	4523644
97	6905320
97	6420772
97	4318351
97	6749549
97	8111615
97	8245703
97	2289157
97	4731598
97	861687
97	3600587
97	5932718
97	620237
97	8640059
97	5417006
97	562761
97	2834214
97	8756094
97	6804405
97	2071415
97	54870
97	1396289
97	6379208
97	7328116
97	962434
97	8857896
97	4064105
97	7320265
97	8593411
97	7158543
97	8591848
97	448508
97	3785913
97	7581887
97	7752880
97	3079886
461	3071960
461	545046
461	7905308
461	6990321
461	4233786
461	3024702
461	3719629
461	2295874
461	5326374
461	279737
461	7021907
461	2124515
461	839447
461	4061746
461	398771
461	7949081
461	264299
461	8073514
461	522002
461	2222337
461	6226637
461	5186451
461	4346070
461	1005396
461	3235015
461	7932500
461	688397
461	2349111
461	2459359
461	852326
461	2386623
461	1107493
461	1448594
461	1040207
461	6404064
461	7904413
461	687303
461	3479775
461	8505720
461	4271805
461	8376199
461	8164746
461	3495736
461	41671
461	1454958
461	2675803
461	3479148
461	1376428
461	3600668
461	3566424
461	799761
461	8909553
461	4237670
461	7876322
461	1421543
449	6636286
449	6337433
449	4484258
449	763445
449	4176850
449	628832
449	6608754
449	5063603
449	8781728
449	8403071
449	1169422
449	6519348
449	6094845
449	955180
449	3072928
449	4735515
449	1336466
449	8046896
449	6159849
449	3547465
449	4557
449	7223446
449	3747324
449	221817
449	4621069
449	5530003
449	3534304
449	1839356
449	7233355
449	1699270
449	7601546
449	2148795
449	5232796
449	6047251
449	4638972
449	4216259
449	3697107
449	1171774
449	7903743
449	1420780
449	5922369
449	438199
449	4928211
449	2834848
449	7876640
449	1470271
449	7915421
449	3201869
449	7997117
449	178369
449	8770534
449	6562206
449	1138009
449	7083821
449	5894977
449	2115408
449	1230909
449	1733780
449	417320
449	6275966
449	1170875
449	1236272
449	6398433
449	5395331
449	5724110
449	3028069
449	1887313
449	4058218
449	641034
449	4705151
449	6998786
449	6969973
627	2426248
627	2457780
627	8725625
627	1909493
627	6036252
627	6504685
627	2884919
627	1403455
627	6428214
627	8347557
627	6549324
627	1610507
627	575135
627	7484137
627	3184643
627	4295172
627	8691664
627	6922567
627	5333104
627	8785134
627	8637531
627	7887122
627	1578763
627	3125917
627	7954876
627	4338305
627	6489261
627	8000029
627	516357
627	8371348
627	3830934
627	3322782
627	4463134
627	8731302
627	5495837
627	2533029
627	3747271
627	6122530
627	8139543
627	1560639
627	3588379
627	7206338
627	7258946
627	7191694
627	6322004
627	6782610
627	7054636
627	8620410
627	4196461
627	4923748
627	6777168
627	5037116
627	3844955
1225	8513193
1225	4354758
1225	3987893
1225	7453960
1225	6294726
1225	2535036
1225	2386555
1225	2176298
1225	1800310
1225	8895165
1225	3997260
1225	3824205
1225	5502781
1225	8033193
1225	2210046
1225	5728471
1225	8282893
1225	4178043
1225	1270385
1225	1609555
1225	3877620
1225	2387419
1225	3144514
1225	6846973
1375	4568475
1375	2281703
1375	8746080
1375	7963307
1375	8245556
1375	8743214
1375	6518039
1375	6625726
1375	5827026
1375	5099723
1375	7308998
1375	6334639
1375	5817888
1375	532653
1375	2019923
1375	3855918
1375	967759
1375	580527
1375	590790
1375	4027887
1375	1443700
1375	5354732
1375	3037076
1375	8220893
1375	5565349
1375	6589230
1375	8169039
1375	6894538
1375	4091130
1375	4411299
1375	6570147
1375	4248593
1375	7397794
1375	671174
1375	389830
1375	7445400
1375	7565932
947	6724778
947	6561992
947	3466041
947	8392719
947	2609201
947	8008590
947	1391867
947	1306153
947	3202907
947	5910760
947	4939686
947	6011056
947	1937928
947	127932
947	2746436
947	5921344
947	1556034
947	8766605
947	1070118
947	1408937
947	4871805
947	5244492
947	4105742
947	1327690
947	8073667
588	5100788
588	8662646
588	824224
588	3891247
588	1106377
588	8111368
588	7605653
588	3521567
588	5867264
588	2419961
588	6567
588	8673444
588	7514342
588	2213782
588	6974464
588	4473953
588	8877943
588	3331154
588	8196309
588	1319817
588	2606944
588	2468888
588	3256016
588	5565636
588	2792224
588	2089884
588	6180158
588	147052
588	6595946
588	7021151
588	2366725
588	1221397
588	6621253
588	4552721
588	4371465
588	1593025
588	431384
588	2776337
588	7188323
588	4237534
588	4546427
588	2857546
588	8632789
588	5247252
588	1143986
588	4616760
588	6629219
588	6961406
376	8053339
376	7872172
376	5708251
376	5095561
376	187422
376	627506
376	545133
376	1938947
376	444585
376	229619
376	6740476
376	3313
376	5571369
612	60448
612	6405429
612	3029748
612	8621390
612	18135
612	8031183
612	8017494
612	2979691
612	3482839
612	5833294
612	5241080
612	7747453
612	8224798
612	6770669
612	8627074
612	2645429
612	8576598
612	2923759
612	3156995
612	5308074
612	1551740
612	8124251
612	7928670
612	4748484
612	5978014
612	3572759
612	3749486
612	4094667
612	4178266
1311	2006553
1311	6182511
1311	528502
1311	2449858
1311	6326745
1311	2907104
1311	7823724
1311	3358602
1311	1233546
1311	7594525
1311	7628309
1311	8668724
1311	1998029
1311	627715
1311	6682522
1311	8394245
1311	6915706
1311	1160420
1311	2709472
1311	6227477
1311	2451556
1311	886762
1311	2630660
1311	7242702
1311	2986901
1311	6017108
1311	4235842
1311	4896118
1311	674482
1311	2119324
1311	2408404
1311	6988827
1311	3436428
1311	2134838
1311	717030
1311	3155630
1311	2360806
1311	1534398
1311	2551196
1311	1081159
1311	3070880
1311	7544085
1311	6874282
1311	2080603
1311	3874685
1311	1010813
1311	7077900
1311	1188298
1311	3678366
1311	3408432
1311	8514514
1311	7097114
1311	2575148
1311	8000648
1311	6947801
1311	4715678
1311	2379512
1311	4271399
1311	2086039
1311	8155538
1311	7129881
1311	8115770
1311	5103075
1311	119417
1311	7688515
1311	5122372
1311	3034611
1311	7564901
1311	8428524
1311	1160828
1311	8204303
1311	4437284
1311	8127369
1311	4755724
1311	1762503
1311	2901572
1210	7433554
1210	4407981
1210	2717753
1210	6438481
1210	2748258
1210	4324864
1210	1924222
1210	3876575
1210	5670015
1210	3648513
1210	3513190
1210	642138
1210	4668990
1210	6942614
1210	913148
1210	2591450
1210	4895096
1210	3701499
1210	45408
1210	3827801
1210	7175582
1210	5555579
1210	7110515
1210	7137977
1210	7022220
1210	4137966
1210	786254
1210	2743333
1210	3002449
1210	8407126
1210	4532044
1210	8304727
1210	8316118
1210	4792817
1210	8677520
1210	6558130
1210	683204
1210	8548134
1210	6869608
1210	8364225
1210	3393064
1210	6002780
1210	3954844
1210	5477692
1210	7870151
1210	3787681
1210	8433961
1210	5184731
1210	6877481
1210	4908552
1210	990496
1210	1451632
1210	3183143
1210	4938668
1210	2771345
1210	1221611
1210	5061808
1210	7926310
1210	4427965
1210	5285762
1210	6040606
1210	6450668
1210	2647758
1210	56355
1210	8366879
1210	1695728
1210	4291655
1210	7963367
1210	5535337
1210	6217501
1210	1799167
1210	3538127
1210	4641000
1210	4270021
583	3846896
583	2750303
583	3340432
583	2423964
583	8701683
583	834825
583	1057120
583	5397785
583	8385163
583	6987319
583	7608096
583	2812809
583	6487382
583	384981
583	4629501
583	5824606
583	2765465
583	3698060
583	5589431
583	6674137
583	1601285
583	6685419
583	6301969
1511	4653179
1511	3823623
1511	6473185
1511	2675499
1511	6106960
1511	8691944
1511	1462607
1511	1656443
1511	6681243
1511	5033082
1511	7216086
1511	5764570
1511	5470238
1511	4414559
1511	8329548
1511	7000977
1511	2875648
1511	5804529
1511	3505123
1511	8169433
1511	5796243
1511	1594725
1511	4749789
1511	3811221
1511	4343969
1511	2925378
1511	7761945
1511	1915445
1511	4705243
1511	6850847
1511	5027006
1511	2827106
1511	5851286
1511	1329878
1511	7908569
1511	4406682
1511	5935082
1511	6303020
1511	5359821
1511	245788
1511	4143023
1511	5749850
1511	7049119
1511	4258574
1511	5767818
1511	7284685
1511	4906622
1511	2083967
1511	6890124
1511	1063721
1511	157446
1511	145158
1511	3773456
1511	844297
1511	3262832
1511	2709616
1511	2402147
1511	7882604
115	6414123
115	5651230
115	6131396
115	5785865
115	2242515
115	2613288
115	4116609
115	3312896
115	2895555
115	6818718
115	3887431
115	7181484
115	3574303
115	929516
115	8157832
115	8732282
115	1528648
115	6771277
115	935755
115	6174483
115	7988061
115	8382171
115	2107185
115	3345700
115	2170538
115	6287052
1611	6027287
1611	3383517
1611	6182259
1611	5054661
1611	3278501
1611	6789794
1611	8932412
1611	6024861
1611	5268881
1611	5871910
1611	8294986
1611	4483645
1611	4736209
1611	4580202
1611	5965707
1611	68219
1611	6851265
1611	8792343
1611	1674127
1611	6622253
1611	3954382
1394	1613373
1394	8192778
1394	1027570
1394	3150193
1394	8551049
1394	2266201
1394	8216307
1394	622594
1394	3086875
1394	529255
1394	4979869
1394	8425842
1394	2132336
1394	2565718
1394	1740129
1394	8511277
1394	2070160
1394	4152506
1394	2308774
1394	794975
1394	2057977
1394	513979
1394	3719176
1394	4067707
1394	8386088
1394	834536
1394	2853609
1394	8624226
1394	4185265
1394	1412825
1394	2748168
1394	8222282
1394	4895554
1394	2545795
1394	6330218
1394	3486225
1394	8793428
1394	6497445
1394	1624060
1394	5806807
1394	4407055
1394	3086832
1394	2998749
1394	8678226
1394	4892934
1394	4160615
1394	3987265
1394	2601385
1394	1361172
1394	5508165
1394	6324111
1394	4700265
1394	836825
1394	3448681
1394	7630873
1394	4539470
1394	6953122
1394	8494814
1615	2419070
1615	4694762
1615	8697480
1615	2709404
1615	7893678
1615	2347821
1615	6740897
1615	8709470
1615	7874882
1615	4806705
1615	8425291
1615	4502946
1615	6243716
1615	6360519
1615	8030324
1615	7218851
1615	5602077
1615	5740696
1615	7675204
1615	7828757
1615	6052783
1615	3228219
1615	2491957
1615	5290804
1615	731937
1615	6296749
1615	1233727
1615	2190068
1615	3200090
1615	2981017
1615	4139983
1615	7192192
1615	6731076
1615	3130990
1615	5986663
1615	2471703
1615	8552316
1615	4822117
1615	113815
1615	4764009
1615	3087431
1615	6606165
1615	1960379
1615	3680981
1615	1184571
1615	7786719
1615	6738409
1615	5002745
1615	6225890
1615	7134780
1615	379542
1615	5619785
1615	122576
1615	6429597
1615	1022766
1615	1506462
1615	6303582
1615	8500151
1615	1821858
1615	1222210
1615	4828580
1615	2484238
1615	6495008
1615	8057361
1615	3146038
1615	5102751
1615	859847
1615	4784099
1615	3565673
1615	8431930
1615	2188210
1615	424235
1615	2165346
1615	6114325
1615	1483749
1615	1635986
1615	8765902
1615	4984062
1615	7588772
172	8482109
172	5052799
172	6014962
172	5989923
172	6579810
172	5312311
172	5657091
172	4375407
172	8830619
172	115526
172	8681530
172	5461440
172	7929498
172	1242425
1485	5352198
1485	2523288
1485	2707575
1485	3762431
1485	7359118
1485	227221
1485	391919
1485	5739361
1485	2449624
1485	5712527
1485	4703105
1485	4850058
1485	5377876
1485	3784412
1485	3333666
1485	3012028
1485	3172130
1485	3413620
1485	4099930
1485	4245558
1485	4652222
1485	4336055
1485	6131124
1485	7313422
1485	5140113
1485	615824
1485	3523275
1485	4792646
1485	5075062
1485	2071287
1485	3165348
1485	8900220
1485	2391670
1755	5938897
1755	7805250
1755	7374496
1755	95230
1755	8588220
1755	800262
1755	2122981
1755	2600107
1755	1401535
1755	1692963
1755	6411750
1755	695677
1755	1582639
1755	1083497
1755	5868429
1755	6804501
1755	180046
1755	8417986
1755	2524257
1755	3333150
1755	3799216
1755	617245
1755	1441595
1755	7297186
1755	4117207
1755	4230364
1755	7284039
1755	6900179
1755	6259170
1755	2289027
1755	8647281
1755	1867686
1755	7221530
1755	5495771
1755	8500728
1755	4896541
1755	1411495
1755	8074203
1755	6481031
1755	1129622
1755	708527
1755	8451132
1628	6854620
1628	6755174
1628	7343980
1628	7741886
1628	201025
1628	8109427
1628	8751317
1628	1029432
1628	2510129
1628	4099248
1628	7612388
1628	6821126
1628	6363196
1628	7976263
1628	1657014
1628	8439813
1628	2115738
1628	8768780
1628	7890920
1628	2307197
1628	8289713
1628	7612955
1628	6617661
1628	2180520
1628	4136212
1628	7575292
1628	182075
1628	5262394
1628	3430076
1628	8614925
1509	6758528
1509	6712990
1509	4308805
1509	7049623
1509	8438406
1509	4296755
1509	7007379
1509	4259556
1509	483160
1509	1816333
1509	7853009
1509	1149521
1509	5748180
1509	4058003
1509	3657083
1509	3394452
1509	3351270
1509	7536433
1509	5650619
1509	7845243
1509	7357568
1509	2211772
1509	3658084
1509	7744669
1509	2653229
1509	3193452
1509	2813854
1509	1248603
1509	5577239
1509	1239918
1509	5807676
1509	5584783
1509	276088
1509	4722634
1509	2788360
1509	4011253
1509	8490539
1509	8419252
1509	5787513
1509	4783536
1509	5068434
1509	81418
1509	3034775
1509	6097870
1509	8907069
1509	8477981
1509	8118563
1509	981554
1509	1689997
1509	8266472
1509	1965613
1509	3177594
1509	6483583
1509	4356787
1509	2681267
1509	6779470
1509	8603638
1509	5445473
1509	6220022
1509	7085215
1509	1473580
1509	7699219
1509	5630516
1509	2270839
1509	1270270
1509	2554552
1509	4738930
1509	3855034
1509	4352551
1509	6689781
1509	1118567
1509	4744298
1509	4301654
1509	6564839
1509	8198684
1512	6863104
1512	3818884
1512	718281
1512	5809158
1512	5035409
1512	3929480
1512	4329046
1512	8462119
1512	3698216
1512	2155292
1512	116568
1512	1096906
1512	7925057
1347	4329587
1347	2767003
1347	2076501
1347	8382360
1347	3675582
1347	3566695
1347	8531018
1347	1706338
1347	890359
1347	7812626
1347	6518381
1347	2880580
1347	5907748
1347	3788794
1347	6549
1347	6023866
1347	650311
1347	7539340
1347	8231447
1347	3252914
1347	8877726
1347	2259229
1347	5820563
1347	3218422
1347	3517514
1347	5157523
1347	3674044
1347	6689911
1347	731065
1347	5521497
1347	2540816
1347	8871855
1347	95502
1347	2106215
1347	2494747
1347	2740520
1347	6493245
1347	4676104
1347	597842
1347	16232
1347	6263960
1347	7898711
1347	4739628
1347	7426223
1347	2610268
1347	5756792
1347	2336509
1347	1443343
1347	3800904
1347	1966968
1347	8042804
1347	8905285
1347	1696714
1347	4648110
1347	932641
1347	7034424
1347	1995465
1347	3610088
1347	1407478
1347	7388205
1347	442226
1347	7655074
1347	2780251
1347	6833765
1347	5095781
1347	5907757
1347	5664057
1347	5251731
1347	7497597
1347	3076681
1347	5022987
1347	2627374
1347	5223487
1347	6607209
1347	5133232
1347	2239329
1347	2459266
1347	1178652
1187	7556349
1187	635874
1187	7866095
1187	3459478
1187	6509116
1187	1385073
1187	5257736
1187	3996982
1187	1158084
1187	4024412
1187	1940305
1187	4833640
1187	2071705
1187	5357523
1187	7488509
1187	211073
1187	1268919
1187	8205053
1187	5329140
1187	3868342
1187	4281461
1187	71077
1187	7770390
1187	4344458
1187	7417427
1187	6218479
1187	3435366
1187	3523323
1187	2975978
1187	2544972
1187	5727590
1187	7859186
1187	7003224
1187	8146326
1187	1200364
1187	191020
1187	6644047
1187	4922446
1187	3601023
1187	5516213
1187	6082213
1187	4102753
1187	3201110
962	7795763
962	6845582
962	5201036
962	4995768
962	289055
962	1431314
962	6559840
962	7866324
962	1429184
962	6132789
962	962964
962	6286435
962	5034936
962	1295475
962	538599
962	8691779
962	6565145
962	4296907
962	2525739
962	6723288
962	6457685
962	4915606
962	7108552
962	954102
962	3127091
962	1147130
962	465713
962	2154906
962	8474265
962	6708596
962	857650
962	7530100
962	8690574
962	5968573
962	2051920
962	1452538
962	284280
962	6000106
962	5566356
962	8387931
962	5368811
962	3896520
962	8110403
962	565559
962	6427142
962	2101580
962	833138
962	6257592
962	2189027
962	5558024
962	8747721
962	5381757
962	4196262
962	5877123
962	5241536
962	219959
962	1599474
962	3702413
962	1709233
962	7437732
962	7826627
962	8219110
962	3813714
962	8498601
962	2623735
962	4223926
962	5560734
962	4370196
962	5894851
962	1744007
962	4302957
962	8088802
962	6325359
962	1171288
1443	4328648
1443	236298
1443	2407312
1443	773302
1443	7000700
1443	6058275
1443	6635989
1443	1940201
1443	6536407
1443	7545763
1443	8090709
1443	4831445
1443	2863916
1443	8731874
1443	5235684
1443	4723794
1443	422458
1443	2174813
1443	3064988
1443	5959372
1443	5647440
1443	4902659
1443	8423472
1443	2858867
1443	882917
1443	8541331
1443	1250067
1443	3883678
1443	8837647
1443	6011095
1443	3582864
1443	2820337
1443	8898980
1443	6412390
1443	7547064
1443	6137870
445	2638644
445	1621476
445	4524514
445	2421972
445	1145132
445	7039935
445	697170
445	7742570
445	5576118
445	3489168
445	8739675
445	2362548
445	7721573
445	1712997
445	4471452
445	6827668
445	2321284
445	3565220
445	7245832
445	1296368
445	8131092
445	1594264
445	5931416
445	3288941
445	7361094
445	4817762
445	5156291
445	1337759
445	4124628
445	8549470
445	7661437
445	3013536
445	7184539
1769	7755502
1769	7681253
1769	8194240
1769	8782915
1769	2677456
1769	1379633
1769	1605778
1769	8801314
1769	6009645
1769	8478349
1769	5756644
1769	4183220
1769	4684823
1769	7129341
1769	4876852
1769	4054833
1769	6011470
1769	1898912
1769	7099097
1769	3558579
1769	3015979
1769	4907396
596	2050493
596	3614426
596	7719975
596	6104796
596	6202383
596	485210
596	4683143
596	1885434
596	3491083
596	7456761
596	4575062
596	5015281
596	6860018
596	3010542
596	8482248
596	2783913
596	8507764
596	7097329
596	2282424
596	5850160
596	8659123
596	35779
596	7598507
596	5899730
596	5809939
596	6643786
596	2090963
596	346030
596	2458973
596	8877670
596	429620
596	2915333
596	4793604
596	1165722
596	4424211
596	7322374
596	2173694
273	5582759
273	5726687
273	446540
273	41735
273	5406537
273	3025552
273	1699599
273	1683660
273	6432510
273	8073494
273	809292
273	3606848
273	4346962
273	3466678
273	5542842
273	4058006
273	5539615
273	1205429
273	8254914
273	203096
273	7290641
273	856144
273	559106
273	1292749
273	4523436
273	6070565
273	6776882
273	1266017
273	4243925
273	30334
273	8444438
273	4484375
273	7986155
273	4608147
273	5742643
273	3722167
273	4448713
273	5511393
273	3187348
273	7715572
273	5368239
273	221647
273	3836429
273	7697678
273	3335708
273	7534353
273	5430220
273	7613214
273	924978
273	8534876
273	7465343
273	6584945
273	69712
273	4318234
273	7042656
273	6730343
273	8724717
273	6188324
273	6259723
273	3044999
273	1851895
273	1107162
273	5091907
273	6733161
273	6322330
273	8502554
273	1865728
273	2186872
273	5843838
273	8125652
273	512791
273	3730194
273	6017487
273	8272796
708	991806
708	2799699
708	6703071
708	1052872
708	1706665
708	311161
708	4771450
708	5473635
708	5236138
708	4552192
708	5627439
708	7877339
708	987745
708	4017959
708	393242
708	4585610
708	6011746
708	4768939
708	1242075
708	5974375
708	1336294
708	5180442
708	890116
354	8696966
354	5728611
354	3947744
354	6855694
354	8706971
354	8487584
354	7324440
354	6743048
354	7007789
354	2931037
354	1950511
354	8493158
354	2769235
354	5489529
354	2521586
354	8080630
354	1250219
354	445112
354	4595726
354	8395113
354	2987745
354	2174825
1505	247635
1505	6273700
1505	7150763
1505	5810181
1505	747756
1505	8683023
1505	2499668
1505	1549907
1505	12237
1505	4856706
1505	340630
1505	3770257
1505	8672281
1505	1850818
1505	4770435
1505	2706814
1505	6142931
1505	7570609
1505	6463828
1505	2689708
1505	6241131
1505	529023
1505	2509623
1505	2443886
1505	3314692
1505	7301440
1505	3987337
1505	1464754
1505	6384875
1505	8265697
1505	4045689
1505	558070
1505	1120678
1505	7182433
1505	4985047
1505	3626962
1505	7906733
1505	4112879
1505	1304412
1505	1796005
1505	3559283
1505	1620859
1505	5691820
1505	1430608
1505	4524664
1505	8824437
1505	6926908
1505	2819461
1505	4350491
1505	1099812
1505	8563578
1505	753128
1505	6412923
1505	514322
1505	1680047
1505	5615253
1505	1284650
1591	7555032
1591	6512415
1591	414501
1591	7239522
1591	811251
1591	3558727
1591	7770351
1591	6955551
1591	4711540
1591	5609641
1591	5580776
1591	2349052
1591	4846510
1591	155980
1591	1474061
1591	2301839
1591	5279595
1591	8327858
1591	1621896
1591	1183157
1591	4879811
1591	7339120
1591	117443
1591	8530567
1591	2997851
1591	599444
1591	2735041
1591	4656691
1591	4746912
1591	112225
1591	4875222
1591	8762347
1591	275759
1591	4499535
1591	6486589
1591	999483
1591	5274561
1591	6666709
1591	2851136
1591	3393319
1591	1035189
1591	4754623
1591	1163536
1591	315423
1591	182891
1591	1103708
1591	6978567
1591	3424281
1591	1453505
1591	7378802
1591	5654806
1591	708491
1591	4880700
1591	8504783
1591	1668332
1591	4947956
1591	643672
1591	7387658
1591	8878367
1591	4308755
1591	2979500
1591	8578590
1591	4651780
1591	1176221
1591	5978236
1591	6644027
1591	8627867
1591	7515846
1591	7374651
1591	7044724
1591	973649
1591	5958404
1591	905289
1591	8424782
1591	4880764
1591	1639603
780	7980954
780	8279583
780	1279220
780	1874185
780	7324215
780	6014964
780	2628610
780	7310612
780	2010151
780	600552
780	7716524
780	3820098
780	8277580
780	5313113
780	5732451
780	1332540
780	6798148
780	2854487
798	5608754
798	2222132
798	8826449
798	2342105
798	7604787
798	1390683
798	5690842
798	3716309
798	8269642
798	6818441
798	3073190
849	1494835
849	1318079
849	1917556
849	8774127
849	506657
849	1224347
849	2521720
849	4454489
849	5218546
849	6941182
849	1877143
849	8875565
849	6996679
849	7236835
849	8188567
849	1567313
849	6608348
849	696229
849	689520
849	171368
849	8652868
849	3740772
849	2323694
849	2711656
849	2726346
849	2090903
849	8863624
849	5554116
849	6584008
849	3543563
849	7295988
849	109953
849	2241697
849	8495233
849	6393911
849	7002940
849	4406826
849	7710979
849	5270574
849	2990855
849	834085
849	3405447
849	6784866
849	7802694
849	4582844
849	8602217
849	6255410
849	3313709
849	967615
849	3614182
849	5058599
849	3066381
849	5948032
849	4523981
849	4363501
849	6958305
849	7406771
849	4219054
849	1704276
1558	3332197
1558	6729169
1558	3836656
1558	2574245
1558	4392794
1558	7765240
1558	1942350
1558	2423045
1558	4091779
1558	4240483
1558	2876161
1558	3446557
1558	6432082
1558	2093696
1558	8112062
1558	2247084
1558	3995438
1558	7682538
1558	6597150
1558	5453132
1558	5005199
133	8010430
133	7440068
133	5150143
133	4496323
133	754342
133	562160
133	5574282
133	5073224
133	1993860
133	7657453
133	3607744
133	4609161
42	5074263
42	964342
42	5017460
42	1179261
42	4255543
42	8552273
42	5687352
42	5472408
42	5975139
42	7504817
42	2757042
42	1254242
42	3976624
42	2178371
42	5134680
42	1880310
42	1442491
42	2807795
42	707924
42	7641162
42	3620572
42	6360173
42	4845543
42	1529693
42	7653077
42	1719626
42	3950847
42	4923953
42	7866006
42	7522705
42	4392159
42	4383067
42	400333
42	2187120
42	8642205
42	3862823
42	3949094
42	5859369
42	81508
42	831001
42	129379
42	5602610
42	2116350
42	8833232
42	1253409
42	6895576
42	7508682
42	7752377
42	3013153
42	8096178
42	2327300
42	35270
42	3434224
42	912554
42	4122388
42	5127558
42	6445776
42	1245723
42	95213
42	6529492
42	2188565
42	6675711
42	5119002
42	4620486
42	5742079
42	425765
42	3136702
42	211235
42	2943756
42	4086601
42	6447893
42	6562850
42	5665198
42	8467877
1107	7321072
1107	2906796
1107	6666549
1107	8917522
1107	4996476
1107	6456447
1107	3394890
1107	8645179
1107	5997871
1107	2986616
1107	7221521
1107	584253
1107	2833927
1107	6733311
1107	2617185
1107	6769211
1107	8609950
1107	6504387
1107	2367597
1107	6496923
1107	204195
1107	3644915
1107	3185376
1107	745996
1107	394944
1107	2611581
1107	2195978
1107	5766688
1107	914785
1107	8087247
1107	1906271
1107	418147
1107	8392914
1107	7896151
1107	962306
1107	4414262
1107	2371670
1107	1780759
1101	3674323
1101	5151699
1101	4750711
1101	8582699
1101	5137378
1101	7172626
1101	844872
1101	1995945
1101	2531505
1101	8030129
1101	1975980
1101	5641092
1101	6164899
1101	3653653
1101	7242790
1101	3083062
1101	7868915
1101	8527360
1101	784738
1101	4561897
1101	2371784
1101	8133622
1101	6523350
1101	265766
1101	4613587
1101	1796392
1101	5345748
1101	218581
1101	8003337
1101	858539
1101	6445883
1101	6856589
1101	7499045
1101	5481976
1101	1740810
1101	2725254
1101	6157018
1101	2440981
1101	4143295
1101	2236940
1101	6646245
1101	782384
1101	1625153
1101	5599736
1101	5377581
1101	8435557
1101	1437983
1101	1437675
1101	1807061
1101	6137324
1101	6659817
1101	6293880
1101	4939468
1101	857909
1101	1931052
1101	395417
1101	1654817
1101	7157281
1101	2820919
1101	4732836
1101	68074
1101	6613613
1101	8559369
1101	4196713
1101	1768010
1101	498459
1101	331679
1101	1232978
1101	1553680
1101	998684
1101	7110906
1101	3776375
1101	3909683
12	7228525
12	7262873
12	3517163
12	1950321
12	6762752
12	8604569
12	3850610
12	5183046
12	1201578
12	5555956
12	7026971
12	2461076
12	8127659
12	6532076
12	1313868
12	5351301
12	1086290
12	265816
12	3245576
12	6846172
12	411102
12	7979573
12	3698038
12	405221
12	6517273
12	7866819
12	242621
12	6170013
12	1227909
12	8457044
12	7356879
12	2823015
12	7513603
12	5796673
12	6604284
12	5963091
12	3678036
12	2608858
12	3089809
12	8315001
12	6639235
12	559381
12	2070004
12	6438747
12	2362890
12	3444429
12	3016989
12	5840211
12	3472725
12	6355183
12	6105178
12	6487461
12	3603960
12	2546711
12	2791923
12	8687223
12	6604099
12	1883482
12	8664334
12	2878040
12	6945267
12	4331168
12	5980884
1092	4965235
1092	6433494
1092	7249127
1092	1351818
1092	6773169
1092	6978681
1092	5516405
1092	2984117
1092	1318581
1092	7500763
1092	869840
1092	8853510
1092	5556386
1092	3612056
1092	1580361
1092	2486132
1092	4210157
1092	6516059
1092	3833706
1092	3756242
1092	2148146
506	1403949
506	5685209
506	3110703
506	2169390
506	8883126
506	1725413
506	1144510
506	3852724
506	1368718
506	3232291
506	6930633
506	3557533
506	6936692
506	2673142
506	4195717
506	1180133
506	6222060
506	4408241
506	7637725
506	5058499
506	2970068
506	5415892
506	8832466
506	7025899
506	4179384
506	2631279
506	6420738
506	6918645
506	3891568
506	4646787
506	4654799
506	6732864
506	3212369
506	2874542
506	5553700
506	4451905
506	6567992
506	7573792
506	1102896
506	8044462
506	5049359
506	6378775
506	6071629
506	2453553
506	6457003
1721	830883
1721	4462872
1721	1816365
1721	8919194
1721	4263917
1721	7041745
1721	1114884
1721	5198802
1721	4840774
1721	8807114
1721	8484385
1721	2144107
1721	7500233
1721	6049389
1721	1056160
1721	5641426
1721	5853475
1721	227175
1721	7333600
1721	385803
1721	633185
1721	8344529
1721	7053764
1721	7129635
1721	8008880
1721	8675319
1721	4097950
1721	7051609
1721	8248639
1721	6287265
1721	1156301
1721	906745
1721	1248899
1721	3920829
1721	1157752
1721	6587402
1721	1682914
1721	2199811
1721	1965196
1721	4257324
1721	5221935
1721	8817655
1721	2954361
1721	1966121
1721	2135967
1721	4214882
1721	4952515
1721	653326
1721	6415973
1721	2949608
1721	3160072
1721	4136799
1721	7589020
1721	8684730
1721	4889445
1721	2584878
1721	502596
1721	4617158
1721	607707
1721	2033878
1721	4949952
1721	5829217
1721	7125138
1721	2737899
1721	6821418
1721	6909004
1721	1334004
1721	2256686
1721	8403137
1721	2564499
1721	5529200
1721	6313063
1721	3609792
1721	981723
1721	3508177
1721	6035821
1721	4609599
1286	8854351
1286	2330773
1286	8914147
1286	7289645
1286	4352775
1286	8339661
1286	935670
1286	6906424
1286	303912
1286	243833
1286	2291224
1286	7987009
1286	6653662
1286	3305306
1286	8487505
1286	1525296
1286	3696823
1286	3735131
1286	2647153
1286	1971201
1286	3706220
1286	6548644
1286	2572802
1286	1961842
1286	1129367
1286	522724
1286	2891406
1286	138344
1286	177541
1286	1803823
1286	1882208
1286	8528520
1286	7122931
1286	5985353
1286	5795444
1286	2241793
1286	4016530
1286	613654
1286	7307903
1286	8680562
1286	1698288
1286	5492191
1286	4091492
1286	4098543
1286	7003157
1286	5348176
1286	7569471
1286	1215092
1286	7209553
1286	1775236
1286	453882
1286	8193281
1286	3302236
1286	8478490
1286	5142137
1286	6646516
1286	4819068
1286	2758340
1286	2304713
1286	768408
1286	3567288
1286	1161027
1286	1750266
1286	2459674
1286	4493079
1286	4192185
1286	5267990
148	1269798
148	4136074
148	2567327
148	2290717
148	6779016
148	7344893
148	8084745
148	957949
148	5972508
148	6279201
148	6329495
148	1758904
148	6456151
148	8906679
148	5969360
148	5336662
148	5070474
148	658757
148	659218
148	3713300
148	1071443
148	1050366
148	1288472
148	4070729
148	5246123
148	6775098
148	839479
148	595782
148	2541294
148	7016887
148	3242542
148	3798753
148	5720293
148	4653079
148	8386542
148	970431
148	7249866
148	8295998
148	7426083
148	4040482
148	2396360
148	2109925
148	7237551
148	199708
148	1613276
148	3706966
148	2602330
148	3326750
148	5558364
148	6701190
148	475391
148	7717423
148	2967259
148	3853790
148	2340780
148	6582591
148	2869119
148	3483636
148	1221227
148	3375090
148	7783351
148	2482809
148	4652504
148	7997877
148	7318404
148	1619209
148	7936299
148	5545913
148	8910869
148	1743380
148	908716
148	6632302
148	3242916
148	3150702
148	8556555
148	8197741
1313	8434362
1313	2933040
1313	8531058
1313	4769211
1313	1262069
1313	1645180
1313	2980673
1313	8397690
1313	4685280
1313	6070777
1313	1787339
1313	3747806
1313	2874087
1313	6427037
1313	3328566
1313	4595245
1313	3661117
1313	686102
1313	427234
1313	5134945
1313	6973804
1313	2325389
1313	607666
1313	4241417
1313	5266428
1313	2007612
1313	849121
1313	1945482
1313	5183378
1313	8855007
1313	4509656
1313	3649277
1313	5811770
1313	3531867
1313	2032901
1313	559883
1313	92781
1313	7256341
1313	4963465
1313	4892976
767	4049068
767	6522989
767	5203376
767	2804842
767	8777861
767	2395705
767	424624
767	122521
767	3707004
767	3205356
767	1579651
767	6900705
767	4483513
767	5049706
767	734637
767	1445249
767	1956212
767	7723700
767	1847830
767	8900455
767	8052608
767	6976337
767	394910
767	5701631
767	3488274
767	8476801
767	8048027
767	1279368
767	4114466
767	4532817
767	7887977
767	2049884
767	3460188
767	8466949
767	3844489
767	6675772
767	7036501
767	7107010
767	2872259
767	2594762
767	3979530
767	5707918
767	8820886
767	8689356
767	112662
767	6028809
767	5230304
767	744768
767	628531
767	8853802
767	8536209
767	8729426
767	5821616
767	5730095
767	5011748
767	1343301
767	3689082
767	7323288
937	2972867
937	2637560
937	8466181
937	6989119
937	2389525
937	6148912
937	5343694
937	7100011
937	6097748
937	8554973
937	7617756
937	4758492
937	8473805
937	1818972
937	4803821
937	2369033
937	4108204
937	2061438
937	2799972
937	7941490
937	4442392
937	5589291
937	2722881
937	7728121
937	2355264
937	4435266
937	5182509
937	7829141
937	8235512
937	7344296
937	7214856
937	8738153
937	32416
937	7957638
937	446531
937	3890104
937	3249862
937	7933966
937	5015421
937	7568977
937	8127144
937	7644320
937	3621454
937	3877763
937	5831504
937	4433334
937	4099311
937	8181395
937	4634957
937	958108
937	4606414
937	7001186
937	8503755
937	1278498
937	5411514
937	4784144
937	2258777
937	2112055
937	6505533
937	228638
937	3004805
937	1096013
937	223908
937	6797598
937	5935666
937	6067664
937	6223827
937	2932710
937	3247355
1718	8004606
1718	5312916
1718	3629196
1718	4690943
1718	6052361
1718	979321
1718	6318976
1718	2480056
1718	6260557
1718	5212574
1718	4472688
1718	4258521
1718	2218905
1718	4075916
1718	5065479
1718	8854874
1718	7384823
1718	2621253
232	8355374
232	7752950
232	367126
232	733842
232	3827923
232	7910299
232	1286753
232	1429528
232	6775069
232	8738895
232	3047855
232	487059
232	3813845
232	6188038
232	2005588
232	8838497
232	754078
232	8705173
232	1939166
232	6089988
232	5616943
232	7960892
232	897531
232	4711211
232	6822876
232	4532105
232	2194801
232	7047519
232	6944425
232	5481120
232	7085487
232	3080802
232	5965410
232	7242038
232	2917657
232	7031542
232	5798525
232	6513745
232	1048715
232	7898281
232	2643021
232	6862370
232	5799817
232	3187709
232	4718099
232	6307164
232	987273
232	1403527
232	2984207
232	2674291
232	8721684
232	7057281
232	8853840
232	6803085
232	6978528
232	6595121
232	6250046
232	7468787
232	412506
232	1761993
232	5796698
232	2145342
232	6986875
232	6956536
232	2706269
232	6086411
232	3289006
232	8722631
232	4116011
232	7405167
232	1456498
232	7505124
232	7775748
232	7446877
232	6566094
232	3690168
25	162139
25	2011042
25	6505970
25	8434369
25	2659483
25	7908793
25	5647793
25	1806480
25	8664339
25	6341984
25	14222
25	1357366
25	6930068
25	1065828
25	4205932
25	5155477
25	8004634
25	5147944
25	5046849
25	5323023
25	945957
25	5850273
25	3418483
25	430175
25	4239421
25	7769636
25	20528
25	6053261
25	5096268
25	5912921
25	1612214
25	4281048
25	1266612
25	1566353
25	1914232
25	2840665
25	4202258
25	1738626
25	840947
25	8477149
25	3513519
25	261592
25	4910117
25	5826071
25	1517896
25	5735111
25	8637581
25	3898297
25	4842558
25	2922299
25	1846368
1776	5031588
1776	1393930
1776	1826904
1776	775128
1776	4386652
1776	8003129
1776	1319481
1776	7227409
1776	2441979
1776	7811828
1776	7972048
1776	6361334
1776	4074890
1776	1859339
1776	8404461
1776	1797522
1776	7770587
1776	2616241
1776	3386340
1776	1012089
1776	6117084
1776	7117751
1776	8883831
1776	471167
1776	8705263
1776	6367475
1776	8632349
1776	8145595
1776	4577898
1776	1279831
1776	5671810
1776	7039593
1776	6127487
1776	6393539
1776	2580239
1776	8461774
1776	55477
1776	2933027
1776	4043260
1776	2626757
1776	8389056
1776	6170632
1776	6352760
1776	485291
1776	8840983
1776	512829
1776	8185098
1776	8765308
1776	1998861
1776	7190808
1776	7202507
1776	7480367
1776	2446107
1776	4822367
1776	7243419
1776	8385897
1776	2729391
1776	5088899
1776	4363294
1776	2879305
1776	5602093
1587	4787066
1587	6470683
1587	3184137
1587	5034919
1587	2785053
1587	5088318
1587	5070020
1587	4366380
1587	2425654
1587	5891136
1587	2282780
1587	3060368
1587	7256532
1587	6260254
1587	1169362
1587	5534870
1587	8386593
1587	4434761
1587	6897650
1587	5182719
1587	4774149
1624	8027365
1624	2943137
1624	61803
1624	6680419
1624	165378
1624	378499
1624	8243246
1624	77088
1624	4246884
1624	454505
1624	8748916
1624	2030619
1624	7625685
1624	481798
1624	4085707
1624	8428838
1624	1792857
1624	6513629
1624	2825983
1624	3781290
1624	3760735
1624	1591582
1624	6750275
1624	4688307
1624	2136504
1624	5033190
1624	6471932
1624	7088245
1624	416641
1624	1325020
1624	2770156
1624	8473442
1624	4851970
1624	2670711
1624	7666779
1624	7878124
1624	6062463
1624	7484096
1624	4665773
1624	4952559
1624	7110094
1624	6866506
1624	127961
1624	8794139
1624	5424191
1624	3031885
1624	4549266
1624	2727254
1624	2191051
1624	2157641
1624	239400
1624	7328734
1624	2578732
1624	8243013
1624	1752209
1624	2334982
1624	513237
1624	4394410
1624	638334
1624	8268741
1624	1443904
1624	2975296
1624	5696251
1624	1071908
1476	1718845
1476	6899678
1476	3448301
1476	218484
1476	1077807
1476	7516441
1476	3374065
1476	746852
1476	2081270
1476	2231180
1476	1723798
1476	3309808
1476	425323
1476	7330335
1476	8319574
1476	5425302
1476	8919198
1476	607193
1476	914148
1476	6991915
1476	8263588
1476	7244471
1476	1679879
1476	6088274
1476	4066255
1476	4843802
1476	3895434
1476	1715993
1476	1007199
1476	2480752
1476	4235173
1476	8671947
1476	3118983
1476	3100092
1476	3036197
1476	6848916
1476	2412769
1476	3697383
1476	907344
1476	6428955
1476	3431428
1476	2877206
1476	1752533
1476	8592803
1476	7283159
1476	5871734
1476	8769158
1476	391423
1476	4848648
1476	2049694
1476	1648999
1476	1473362
1476	1135722
1476	1262103
1476	8366496
1476	8094832
1476	5830468
1476	1136281
1476	8045478
1476	3265322
1476	4231191
1476	1165543
301	5775874
301	6980880
301	8768988
301	1180147
301	4816425
301	4506380
301	8220347
301	1936047
301	6424524
301	889819
301	3490067
301	4320587
301	5494693
301	2590032
301	5924415
301	7933711
301	5601007
301	5725884
301	8083689
301	7999087
301	3799650
301	1514931
301	5952381
301	4444319
301	3330584
301	3743957
301	8364303
301	1165685
301	3923265
301	359180
301	6441999
301	4879203
301	2415135
109	5610704
109	8222739
109	7556050
109	507063
109	5956603
109	6390898
109	2407123
109	7437485
975	3335028
975	7650149
975	8265451
975	7721782
975	3252125
975	4198822
1537	3823252
1348	4195463
1669	5487443
928	7266773
1602	2719082
1644	258712
814	1722601
1563	1946092
1177	6246510
927	6222730
1510	4712864
1780	2185705
1001	3944657
1370	3005891
1655	3392446
1468	952664
1630	7686308
1240	1306779
628	1279548
1339	2859239
1786	5017864
803	1284486
137	5114379
1065	3016892
1744	4235501
1654	1274950
936	5708061
1573	1131177
920	4097330
1280	1037859
1529	7987108
1473	1813470
1568	5770956
1568	4745972
1568	6600829
1568	4632067
1568	3987555
1568	7414362
1568	4429241
1568	5469616
927	839593
927	2885295
927	6032804
927	5583911
927	2090041
927	6004962
927	1270743
927	7254628
927	31192
927	4530734
927	712050
927	1257830
927	2482836
927	341664
927	2226347
927	4079108
927	137654
927	3099404
927	2510812
927	5937596
927	1617565
927	7196040
927	8534923
927	2338839
927	8482689
927	7808722
927	431564
927	6639331
927	4607746
927	8839780
927	1930050
927	5718723
927	5533771
927	1820001
927	1291340
1001	4424658
1001	1002541
1001	1927841
1001	3940449
1001	2222640
1001	5933095
1001	4590559
1001	8480005
1001	4221379
1001	6564639
1001	3693962
1001	497359
1466	6417932
1466	2559796
1466	1534544
1466	6226187
1466	3312562
1001	7858340
1001	5719404
1466	3240914
1466	321557
1466	4667845
1466	7283013
1482	7423518
1001	8266548
1510	8010683
1510	2880465
1510	7894228
1510	6551230
1510	3547742
1510	5230972
1510	4774316
1510	2994890
1510	1118832
1510	7494472
1510	6386892
1510	5326045
1510	8619187
1510	8020425
1510	771474
1510	3943054
1510	6071825
1510	7792509
1510	5605075
1510	5418687
1510	6898621
1510	6685171
1510	7351749
1510	2903531
1510	851032
1510	4824543
1510	7224915
1510	6199172
1510	1007031
1510	8607297
1510	4196038
1510	7471068
1510	4459442
1510	3347344
1510	4219764
1510	2590976
1510	8437999
1510	7797147
1510	7576895
1510	1201178
1510	2271494
1510	4434568
1510	1765157
1510	6281160
1510	8013182
1510	8649204
1510	3257636
1510	8569851
1510	277948
1510	4509495
1510	4185750
1510	5468484
1510	2831200
1510	7651984
1510	6154596
1510	1221141
1510	6434559
1510	7550316
1655	5603111
1655	7648291
1655	353476
1655	4672131
1655	3969913
1655	2130897
1655	4948659
1655	7614199
1655	8491632
1655	1751429
1655	5523049
1655	5082164
1655	5881603
1655	3708771
1655	387028
1655	1245766
1655	4752905
1655	4587095
1655	866075
1655	7048905
1655	2593263
1655	4593544
1655	7717041
1655	3145446
1655	361004
1655	2114656
1655	8337626
1655	5173357
1655	3178069
1655	267538
1655	8072155
1655	6155056
1370	8683487
1370	8117899
1370	1613041
1370	4272874
1370	1054825
1370	4534375
1370	1415652
1370	6127917
1370	5098830
1370	7913890
1046	2323789
1370	417616
1370	6854838
1370	3019800
1370	5099795
1370	5664213
1370	6955727
1370	2499196
1370	5265961
1370	8267827
1370	422274
1046	2376053
1370	8449221
1370	5227814
1370	6154393
1046	3842334
1348	7846011
1348	2982737
1348	1328182
1348	4116135
1348	1310536
1348	4765780
1348	4902038
1348	6552705
1348	6136332
1348	1196534
1348	3275597
1348	7987492
1348	548657
1348	4678688
1348	1497599
1348	2082197
1348	3661174
1348	1837393
1348	2851483
1348	6001102
1348	2708979
1348	1356483
1348	2280653
1348	3789995
1348	4318809
1348	1068121
1348	2816474
1348	8207807
1348	1605833
1348	5766074
1348	6650788
1348	420410
1348	7918146
1348	5801886
1348	3811633
1348	8402309
1348	930213
1348	353013
1348	7045414
1348	4635411
1348	375875
1348	7659902
1348	7483704
1348	7063569
1348	2875634
1348	1102242
1348	3065608
1001	870071
1001	3561741
1001	6185422
1001	1254415
1001	6545819
1001	3182154
1001	8893751
1001	3635636
1001	2039054
1001	1692577
1001	5332163
1001	8521202
1001	2621140
1001	3569534
1001	4127709
1001	5726785
1001	5844710
1001	2426005
1001	5668604
1001	4379283
1001	8158850
1001	6160284
1001	3134282
1001	5912250
1001	4068686
1001	6823675
1001	4397035
1001	5301280
1568	8344009
1568	4364877
1568	2671551
1568	7593294
1568	8407201
1568	3823127
1568	1495227
1568	5468460
1568	7232486
1568	2341516
1568	4128197
1568	5335450
1568	5720832
1568	563891
1568	3331880
1568	6632279
1568	1574005
1568	5492295
262	2149207
262	5827557
262	3757713
262	1148265
262	4881242
262	4751184
262	8871120
262	3630469
262	6219621
262	457862
262	3372968
262	7760973
262	2985539
262	6104719
262	6991695
262	8669119
262	515551
262	2295915
262	8552244
262	467272
262	962759
262	5087071
1626	4252848
1626	3835894
1626	1762613
1626	5658415
1626	3882071
1626	7145284
1626	3852534
1626	7880282
1626	743341
1626	182739
1626	3105874
1626	4962704
1626	4799930
1626	7697203
1510	8877073
1510	7763603
1510	1617612
1510	372988
1510	3655715
1510	1635062
1510	8928221
1510	6782376
1510	7288214
1510	1212330
1510	5727656
1510	4116865
1510	6576677
1510	5925814
1510	6327595
1510	1610485
1510	6344689
1510	2423101
1510	1530328
1510	5417160
1510	2454231
1510	1343454
1510	1055374
1510	4680242
1510	282616
1510	2179471
1510	8527311
1510	1280207
1510	8354387
1510	3334298
1510	6161231
1510	4083054
1510	3208931
1510	4439784
1510	99677
1510	8413414
1510	2394052
1510	5264743
1510	5737668
1510	2485070
1510	2882283
1510	8294682
1240	8782359
1240	4141971
1240	6204590
1240	6598618
1240	127919
1240	2273669
1240	7746836
1240	4072969
1240	3101606
1240	6008789
1240	8364592
1240	5348033
1240	1627521
1240	2274025
1240	3045912
1240	5221228
1240	1858148
1240	265841
1240	6036211
1240	3205811
1240	1688737
1240	463872
1240	1710637
1240	1460827
1240	8532728
1240	7867165
1240	3773030
1240	8508167
1240	1334119
1240	3340353
1240	4150346
1240	798951
1240	480685
1240	8604848
1240	196923
1240	1101497
1240	1649419
1240	3548917
1240	6226199
1240	79949
1240	3443468
1240	6476507
1240	7869440
1240	6212457
1046	203375
1046	7884489
1046	1068028
1046	4632301
1046	2398974
1046	4030369
1046	8407134
1046	7666598
1046	1253215
1046	2440256
1046	8429746
1046	6198475
1046	8782055
1046	5063792
1046	3464491
1046	4406669
1046	5151211
1046	8656160
1046	2703463
1370	261261
1370	441428
1370	4434890
1370	318144
1370	8000327
1370	7324380
1370	5334283
1370	2942610
1370	910806
1370	8653330
1370	3192905
1370	1812023
1370	5463281
1370	4053636
1370	3379315
1370	3521212
1370	8700485
1370	4792408
1370	5249026
1370	4438704
1370	8842796
1370	7512307
1370	7489371
1370	476770
1370	4799836
1370	585422
1370	8837856
1370	3186360
1370	6145318
1370	123334
1370	6649815
1370	8321557
1370	2298251
1370	3350254
1370	7004285
1370	4046113
1370	8597442
1370	3496175
1370	4894590
1370	8075995
1370	4546136
1370	1390087
1370	795320
1370	7680266
1370	2897651
1370	3179978
1370	5806872
1370	6651267
1370	3601612
1267	2459639
1267	6000519
1267	5633919
1267	2650586
1267	2228138
1267	5727427
1267	6618960
1267	3261546
1267	7045065
1267	4230789
1267	2276286
1267	7157173
1267	8044830
1267	1571066
1267	3811900
1267	8671900
1267	2546928
1267	380110
1267	3910553
1267	8382325
1267	7724492
1267	4236109
1267	7895184
1267	4376478
1267	4626278
1267	1056801
1267	7727029
1780	1723081
927	3865119
927	2830411
1482	2671226
1482	2351086
927	5016894
1482	949393
927	1480369
1482	2832970
927	1625845
1046	1820081
1370	3089681
1370	361084
1046	6048307
1370	6880541
1370	3236514
1370	8695312
1370	2878396
1370	4845862
1370	3967929
1370	8589890
1370	5060276
1370	1643745
1370	5745215
1370	6078121
1370	4396835
1046	1492553
1370	2865806
648	5304762
803	8186933
803	5277604
803	1722225
803	5933256
803	4023702
803	3969202
803	5612914
803	567510
803	4639687
803	234757
803	4299678
803	6139513
803	1043994
803	6443449
803	6120527
803	6211879
803	4132579
803	1212334
803	1765780
803	512344
803	3088318
803	6886115
803	5327533
803	493535
803	4577310
803	5564043
803	3322481
803	5946152
803	2269727
803	1940449
803	4620826
803	7646710
803	5909704
803	8175855
803	3991942
648	678377
803	5349966
936	4743421
936	4312865
936	8904024
936	4899876
936	5900219
936	4212631
936	7100972
936	5217040
936	5445984
936	5740684
936	1866538
936	3376848
936	7459944
936	686692
936	963283
936	298500
936	1343419
936	6019433
936	7174405
936	5775605
936	1510472
936	2420136
936	52559
936	6910773
936	5770110
936	3342316
936	3136185
936	6750233
936	118419
936	2580342
936	1255282
936	3083605
936	4850959
936	19288
936	8568813
936	8740524
936	8852695
936	8261671
936	7229392
936	8190547
936	7549608
936	2267134
936	7772750
936	7229639
936	2747099
936	2102777
936	5673263
936	1343042
936	4818264
936	6038496
936	8153816
936	4428552
936	8303360
936	4736889
936	7489162
936	906710
936	5468583
936	1054831
936	2799814
936	7739552
936	7675930
1563	8059912
1563	1299635
1563	4366485
1563	650898
1563	5900681
1563	7344440
1563	1997939
1563	227034
1563	24090
1563	6520835
1563	3487888
1563	6134740
1563	1565091
1563	5767571
1563	6244185
1563	6669931
1563	7096794
1563	6455332
1563	5333421
1563	6009862
1563	4238563
1563	7690646
1563	5293315
1563	972626
1563	6528500
1563	3831140
1563	3164827
1563	7405791
1563	6649609
1563	5389449
1563	4203297
1563	8052819
1563	6103669
1563	8598935
1563	5163722
1563	7635261
1563	6487605
1563	4722279
1563	4281227
1563	2656746
1563	6875172
1563	7536836
1563	3360909
1563	3795758
1563	1997103
1563	5931001
1563	5895515
1563	4892876
1563	446251
1563	4997350
1563	8568776
1563	2435736
1563	6299621
1563	6152923
936	3474779
936	5923822
936	7210718
936	7525135
936	5107494
936	2338389
936	1951496
936	8723643
936	4578017
936	3621203
936	3571496
936	8462962
936	5170000
936	5261034
936	2831487
936	7410406
936	4083769
936	2509666
936	643128
936	1091421
936	3628102
936	1428991
936	6710268
936	2616847
936	1650993
936	8001376
936	6863114
936	3224724
936	5984257
936	5442142
936	6821823
936	2864303
936	8763150
936	3002491
936	8061102
936	760011
936	504326
936	4497051
936	6221153
936	3385534
936	4451810
936	7546757
936	1040298
936	1928296
936	5215365
936	7029072
936	7480694
936	1993518
936	1748740
936	4225578
936	2516049
936	8470519
936	8248104
936	5931318
936	8729105
1001	1278906
1001	8697062
1001	4309493
1001	2752699
1001	3973623
1001	6698584
1001	1767050
1001	3363689
1001	1132360
1001	2702741
1001	6570974
1001	4740250
1001	4356510
1001	6037923
1001	2100133
1001	6440221
1001	8392339
1001	5277935
1001	7936754
1001	5500565
1001	7368392
1001	3287809
1001	1163952
1001	1381856
1001	6417191
1001	5253169
1001	8895958
1001	4889499
1001	8813031
1001	8472812
1001	5259509
1001	5272715
1001	6784033
1001	4509221
1001	7389660
1001	5681104
1001	5483627
956	2169186
956	3044571
956	4917124
956	6366899
956	2664288
956	7901324
956	2017671
956	8076016
956	3115417
956	6364081
956	7393229
956	8432335
956	1847796
956	7818154
956	855709
956	3161342
956	2105657
956	7286274
956	1093137
956	7551884
956	2942915
956	4294309
956	8619505
956	3785468
1780	2390292
1780	5003433
1780	8483569
1780	3888638
1780	1409771
1780	4092234
1780	4232586
1780	4168465
1780	4649314
1780	8884388
1780	2463935
1780	1627563
1780	5504914
1780	4999222
1780	3509850
1780	4409187
1780	5836675
1568	6508286
1568	6544543
1568	1305119
1568	7112375
1568	8384351
1568	5416581
1568	7502950
1568	154596
1568	8784918
1568	2063517
1568	3204208
1568	4300445
1568	6679353
1568	6526208
1568	782006
1568	5307562
1529	4019634
1529	1351423
1529	2978658
1529	4659332
1529	8535569
1529	1995250
1529	3906980
1529	3998271
1529	541285
1529	7427441
1529	3149526
1529	8533681
1529	2018245
1529	6338813
1529	2694448
1563	6671622
1563	6582647
1563	2391803
1563	6728357
1563	2575962
1563	4018381
1563	5081567
1563	5343812
1563	2862553
1563	5593971
1563	5540360
1563	2364672
1563	6697793
1563	2717283
1563	7474046
1563	4839443
1563	1592957
1563	5089512
1563	8909257
1563	6177683
1563	1107692
1563	7669649
1563	3210211
1563	4430330
1563	3292801
1563	5382236
1563	7942417
1563	6250809
1563	3259541
1563	8564174
1563	1655048
1563	1090414
1563	6038158
1563	3506379
1568	201871
1568	8356884
1568	2470782
1568	848813
1568	5505315
1568	3022597
1568	8390034
1568	1720358
1568	1729881
1568	7179630
1568	335402
1568	7210327
1568	7822387
1568	6172071
1568	7365089
1568	5258107
1568	2405004
1568	5949236
1568	6615668
1568	5371237
1568	3312839
1568	6569354
1568	1717718
1568	3643236
1568	7948446
1568	2523949
1568	5753254
1568	3477393
1568	5402554
1568	1269797
1568	4250311
1568	5902371
1568	8433456
1568	6363174
1568	3564991
1482	6002001
1482	8851808
648	914277
648	7597688
648	8747535
648	7157778
648	308572
648	2971566
648	3868524
648	6133910
648	4748731
648	427104
648	3893052
648	2006946
648	4837755
648	2352868
648	2709769
648	6330618
648	6948922
648	2055447
648	6951378
648	4494196
881	7517705
648	2742659
648	7776616
648	2754726
648	7126510
648	4902183
648	1663048
648	1407882
648	8541433
648	3217436
648	1362783
648	8307146
648	420571
648	3303689
648	5761208
648	6094955
1345	8851111
1345	1723775
1345	5861438
1345	7693563
1345	763343
1345	4881002
1345	41632
1345	7702304
1345	3541904
1345	1863269
1345	5540554
1345	2456095
1345	6374767
1345	1657947
1345	5476544
1345	3990052
1345	1188529
1345	3725037
1345	5956874
1345	640165
1345	6294660
1345	6088553
1345	8213293
1345	5423829
1345	3866054
1345	8914796
1345	8806755
1345	532840
1345	1406497
1345	3702389
1345	4589843
1345	4553722
1345	997144
1345	1154005
1345	1340332
1345	4539772
1345	6471553
1345	8097330
1345	874824
1345	2461219
1345	4536125
1345	7069626
1345	5737809
1345	8014523
1345	5503260
1345	4666876
1345	718113
1345	6585932
1345	4788617
1345	4119875
1345	434286
1345	8496836
1345	7374006
1345	777612
1345	898186
1345	8787528
1345	649005
1345	1416801
881	4630275
881	4880846
881	1473169
881	7295240
881	6611014
881	7844471
881	4487782
881	7480636
881	805029
881	2422849
881	1667463
881	2121465
1655	3759467
1655	1276703
1655	6892856
1655	4446732
1655	4006794
1655	6672427
1655	1528103
1655	8372594
1655	1472479
1655	7647821
1655	3117662
1655	3541350
1655	7278299
1655	5664552
1655	7818050
1655	3973698
1655	3168335
1655	5030226
1655	3674483
1655	2317797
1655	8542303
1655	3201849
1780	902451
1780	6545392
1780	2106191
1780	6845207
1780	1365956
1780	5970111
1780	6062248
1780	4341393
1780	5106542
1780	3965517
936	7194888
936	2467967
936	1312910
936	3605437
936	1803754
936	655632
936	4812103
936	8234650
936	6950725
936	6449048
936	8569613
936	506984
936	770094
936	595613
936	966888
936	3262290
936	6564438
936	4729430
936	4526793
936	6665791
936	5100662
936	6895274
936	7902013
936	3059567
936	1492593
936	4500563
936	4156248
936	5673119
936	3702620
936	2921804
936	1593277
936	3002671
936	6252416
936	2706118
936	2223501
936	4312114
936	8012144
936	8158302
936	6039527
936	1943974
936	4893104
936	2561311
936	4371765
936	6429890
936	4710032
936	5884068
936	7560352
936	3942426
936	177200
936	4851818
936	2509693
936	8209865
936	4666035
936	8854445
936	8076780
936	6567122
936	4181113
936	5191662
936	2465468
936	5477205
936	2786900
936	2180768
936	2749457
936	8207874
936	2448655
936	3299885
936	4253505
936	6048087
936	786285
936	7574316
936	680553
936	4798980
936	3284053
936	6651107
936	5497969
936	2975713
262	3570541
262	4645701
262	5322831
262	7056442
262	8270250
262	7874940
262	5415562
262	5012198
1240	2076177
1240	8806334
1240	8334186
1240	1013018
1240	2082254
1240	2190346
1240	2528711
1240	6398847
1240	5116381
1240	3333497
1240	8529422
1240	5495237
1240	8045902
1240	4630082
1240	8893869
1240	6043317
1240	2320546
1240	3597190
1240	4956977
1240	7276783
1240	8905651
1240	2449140
1240	8531323
1240	5100941
1240	1427251
1240	3241241
1240	1284177
1240	6124091
1240	7585102
1240	8206115
1240	6142441
1240	3188537
1240	5867902
1240	5580210
1240	4014782
1240	514842
1240	5929344
1240	7586350
1240	2272388
1240	91287
1240	7381792
1240	4714612
1240	8566234
1240	1377478
1240	6423014
1240	376628
1240	672033
1240	7263081
1240	7217353
1240	967043
1240	1696627
1240	2343235
1240	2236680
1240	2720794
1240	6751964
1240	579219
1240	1322109
1240	4580353
1602	7428142
1240	1892060
1240	3959944
1240	5519530
1240	7025530
1240	8841881
1240	8196778
1240	219974
1240	78795
1240	241262
1240	2310235
1240	1453192
1240	7644299
1240	3482049
1240	7132205
1240	7159453
1240	5999786
1240	2257840
1240	8545328
1240	58036
1240	2972070
1240	3765606
1240	6800805
1240	2731994
1240	4958569
1240	2569893
1240	774445
1240	6634019
1240	7065628
1240	7253640
1240	6666961
1240	1100801
1240	6593700
1240	7340042
1240	1027835
1240	8544607
1240	4473095
1240	6680307
1240	2449621
1240	2759175
1240	8127299
1240	4721853
1240	7419569
1240	3207102
1240	2616243
1240	8914711
1240	5524706
1240	8511244
1240	2668933
1240	6698461
1240	3019081
1240	870009
1240	4314583
1240	4595606
1240	5333385
1240	8139493
1240	4278811
1240	7408810
1240	4751261
1240	4081143
1240	1118510
1240	3780985
1240	2462554
1240	5883901
1240	1950907
1240	6650168
1240	5560548
1240	6852942
1240	2854068
1240	862242
1240	439684
1240	4349044
1240	293527
1240	6169420
1240	1777826
1240	3114933
1240	2865323
1240	8120068
1240	3076610
1240	5100014
1240	3811474
1240	2893922
1240	2235620
1240	2162344
1240	53078
1240	7943828
1240	2760691
1240	1282024
1240	492706
1240	4127633
1240	5833217
1240	3809213
1240	8387271
1240	1741440
1240	965878
1240	4582872
1240	5158856
1602	1000241
1602	3863573
1602	433817
1602	5265054
1602	3672269
1602	6447948
1602	5851433
1468	7805425
1468	8321673
1468	146168
1468	8613658
1468	2400453
1468	1159751
1468	5878472
1468	6559000
1468	6537976
1468	6711474
1468	1426106
1468	2808889
1468	5998898
1468	1827667
1468	5026830
1468	1573615
1468	5590178
1468	3576279
1468	6390745
1468	2365497
1468	1306429
1468	7989505
1468	2621983
1468	541466
1468	171075
1468	6906925
1468	8376966
1468	5177548
1655	7729483
1370	711613
1370	7167299
1370	1081908
1046	3120888
1370	8706104
1370	8909244
1370	5675380
1370	4768862
1370	4864004
1370	6105474
1370	6426018
1370	7224560
1370	6439281
1370	1083291
1370	608486
1370	4624578
1370	1943628
1370	2756616
1370	7296316
814	8138766
814	6192793
814	2986650
814	7232677
814	3226005
814	2300786
814	7879563
814	8632059
814	7873951
814	4637530
814	403734
814	1977700
814	7727208
814	6330683
814	1228757
814	8328619
814	1009566
814	2413560
814	8439935
814	3740685
814	819659
814	1668824
814	4632657
814	6824095
814	7017028
814	3210991
814	4341262
814	8116876
814	2507111
814	720618
814	1280078
814	1452693
814	5697140
814	5362786
814	1505366
814	1129348
814	2915272
814	627134
814	5278692
881	2618780
881	5118123
881	6407253
881	1466818
881	595184
881	1831527
881	2096614
881	1254198
881	2916634
881	6732851
881	8001550
881	4562945
881	5931181
881	2802438
881	7551247
881	192554
881	2184063
881	5064804
881	5004248
881	7108812
881	1078915
881	3157245
881	5375004
881	4068231
881	2382318
881	1910387
1339	3308281
1339	4501139
1339	6790077
1339	3928061
1339	6506826
1339	272877
1339	7580325
1339	3105893
1339	7425065
1339	2991561
1339	681851
1339	1800322
1339	4409570
1339	8088366
1339	3516719
1339	4110954
1339	8823159
1339	6060737
1339	4588408
1339	7754507
1339	1413175
1339	2513278
1339	7662497
1339	1852441
1339	6688845
1339	1522985
1339	8574279
1339	2928154
1339	5350058
1339	4470622
1339	7455664
1339	2126077
1339	2978931
1339	729799
1339	7041615
1339	6189875
1339	7878219
1339	450613
1339	3001736
1339	1601123
1339	7171235
1339	2095845
1339	2837033
1339	8799612
1339	2122849
1339	7353816
1339	7460293
1339	437879
1339	2906813
1339	5868427
1339	3740556
1339	6070459
1339	4035267
1339	2852348
1339	8418050
1339	184199
1339	2029966
1339	2216965
1339	2866727
1339	1026541
1339	739373
1339	3992182
1339	8796902
1339	5645276
1339	2766558
1339	5840566
1339	8700050
1339	5555480
1339	5272949
1339	5789782
1339	2334954
1339	4089749
1339	3921624
1339	6467725
1339	6717419
1339	1383102
1339	6354484
1339	5804638
1339	2944390
1339	4236150
1644	8159295
1644	5278124
1644	229424
1644	2915876
1644	4770212
1644	5044097
1644	8705010
1644	3205107
1644	6341117
1644	1522110
1644	5483216
1644	7571409
1644	4322584
1644	4018678
1644	894675
1644	655688
1644	7764400
1644	2632548
1644	7900598
1644	3904894
1644	2764447
1644	885511
1644	7079614
1644	492010
1644	4782312
1644	6610206
1644	4429256
1644	3321024
1644	8207719
1644	1713069
1644	4058386
1644	7859893
1644	1902356
1644	5295704
1644	6154284
1644	439854
1644	1233171
1644	4204109
1267	3667652
1267	3679280
1267	1506243
1267	7610951
1267	18051
1267	8384197
1267	6829803
1267	3053586
1267	2034648
1267	4350429
1267	6121159
1563	5842829
1563	4742048
1563	8796140
1563	5406515
1563	5817093
1563	8579800
1563	4653119
1563	935065
1563	4941086
1563	7754335
1563	6276442
1563	791167
1563	4267271
1563	5312399
1563	3284224
1563	6784895
1563	3784472
1563	2117811
1563	8462836
1563	8837195
1563	664029
1563	3926727
1563	3203316
1563	3265564
1563	1159533
1563	3759946
1563	3349670
1563	25813
1563	7429106
1563	1360413
1563	8646492
1563	1091200
1563	3355125
1563	8896370
1563	754052
1563	238819
1563	3372003
1563	309552
1563	7727341
1563	6235535
1563	6152530
1563	4092585
1563	41956
1563	7806040
1537	2434578
1537	4329573
1537	4963415
1537	843638
1537	6556521
1537	2609286
1537	3514323
1537	8394673
1537	295623
1537	5887440
1537	4086860
1537	6230012
1537	3236310
1537	7233707
1537	1969866
1537	2081838
1537	6454848
1537	6886820
1537	5001036
1537	3251379
1537	1628068
1537	6328707
1537	6343140
1537	7150718
1537	1543812
1537	2310012
1537	1179584
1537	2948101
1537	3382604
1537	6061343
1537	6560980
1537	3375669
1537	2884973
1537	200040
1537	1735010
1537	7468017
1537	6597242
1537	3552738
1537	1770592
1537	5016959
1537	6324198
1537	3482816
1537	6605262
1537	6717241
1537	1757001
1537	5071358
1537	6868093
1537	2798344
1537	5696130
1537	6996173
1537	7615053
1537	1921238
1537	2672284
1537	2263443
1537	8551431
1537	6781591
1537	2702332
1537	7462334
1537	2711534
1537	3172298
1537	6983426
1537	635406
1537	8187227
1537	6146904
1537	4937742
1240	7683894
1240	8284701
1240	1759033
1240	4738172
1240	2113702
1240	7176308
1240	814144
1240	3654070
1240	6048261
1240	913004
1240	2583527
1240	4636040
1240	6624094
1240	8144742
1240	1708559
1240	4906109
1240	881503
1240	2424348
1240	8587169
1240	8152188
1240	6145675
1240	7710130
1596	2443496
1596	5504643
1596	7284477
1596	5512367
1596	3390412
1596	6483882
1596	4056072
1596	3207693
1596	1194807
1596	542589
1596	6604410
1596	7527224
1596	4925670
1596	6489352
1596	5045916
1596	3051082
1596	7259323
1596	2318046
1596	7741389
1596	5547391
1596	969197
1596	20618
1596	4783498
1596	7929582
1596	3657522
1596	6049275
1596	4231956
1596	3151078
1596	1847109
1596	6539031
1596	7370001
1466	1637747
1466	5043394
1466	2429556
1466	8709239
1001	3801707
1466	4026685
1267	4607054
1267	6206434
1267	6380872
1267	1545670
1267	8152552
1267	5839911
1267	2843663
1267	5123686
1267	8887102
1267	4829875
1267	3256616
1267	6119824
1267	8223631
1267	1005062
1267	3966785
1267	8504057
1267	6882036
1267	2037853
1267	5953426
1267	4980042
1267	3473282
1466	5542902
1466	6947611
1466	8928698
1780	4444091
1780	8683911
1780	2254228
1780	2041682
1780	3389281
1780	673020
1780	8345633
1780	6987798
1780	8039334
1626	277580
1626	6080616
1626	7422880
1626	4789049
1626	7711077
1626	1154733
1626	1708295
1626	5379391
1626	7837398
1626	8911439
1626	1149342
1626	5544258
1626	4947278
1626	579762
1626	8685259
1655	7288643
803	2074765
1370	5134279
1370	7253063
1370	7137326
1370	6613798
1370	3132506
1370	5327918
628	5006334
628	4756789
956	1328899
628	4477646
956	3831303
956	4107128
956	4898210
956	7446876
956	5982566
956	8206772
956	1659123
956	1019681
956	6369727
1529	8123786
1529	1134356
1529	1058349
1529	1189455
1529	4509198
1529	6480372
1529	5194752
1529	1913126
1529	3294257
1529	5966002
1529	3807920
1529	3570451
1529	8562877
1529	8476592
1529	6270502
1529	6016960
1529	181658
1529	3894430
1529	2802994
1529	3119609
1529	2115992
1529	3408598
1529	1310554
1529	4651031
1529	2991529
1529	1416885
1529	5505629
1529	5992297
1529	7580529
1280	2893058
1280	6904218
1280	3657919
1280	5020180
1280	6104236
1280	1484518
1280	1470596
1280	2495136
1280	308259
1280	1764483
1280	7468448
1280	2137761
1280	5506727
1280	7631842
1280	346785
1280	724091
1280	6409428
1280	1264149
1280	5351795
1280	8540220
1280	2378726
1280	2231476
1280	6378018
1280	493353
1280	1778910
1280	7839483
1280	69759
1280	5792634
1280	4153304
1280	8648373
1280	7729369
1280	3470669
1280	6721526
1280	7619491
1280	4882918
1280	74342
1280	3593340
1280	6766726
1280	4738149
1280	5651388
1280	8103092
1280	2928407
1280	823822
1280	3186842
1280	5227338
1280	5572746
1280	4993133
1280	6386577
1280	1515608
1280	3277671
1280	3726539
1280	3403101
1280	6020004
1280	7066306
1280	4376215
1280	6013595
1280	1285191
1280	6436139
1280	5844227
1280	6935889
1280	1148397
1280	6198479
1280	7511039
1280	903208
1280	1951937
1280	7072222
1280	2334573
1280	2822142
1280	7244907
1280	8889
1280	6884569
1280	1580041
1280	7327888
1280	1209702
1280	8191351
1280	1627505
1280	455674
1280	1134256
1280	4692988
1280	215621
1280	3862615
1280	6998429
1280	3944639
1280	558644
1280	6020759
1280	4873332
1280	2310740
1280	6812755
1280	3918970
1280	988821
1280	1029165
1280	675644
1280	5706217
1280	932508
1280	2622697
1280	8152135
1280	5518835
1280	5254190
1280	4151349
1280	899291
1280	715174
1280	6232830
1280	4796801
1280	3918939
1280	5791347
1280	1391645
1280	4513363
1280	3334075
1280	8038254
1280	1267246
1280	7023473
1280	6562289
1280	4074473
1280	5715250
1280	5021030
1280	675437
1280	391594
1280	8482299
1280	3688354
1280	1918434
1280	191694
1280	3692968
1280	4439732
1280	3923696
1280	3293091
1280	7767843
1280	131669
1280	3447409
1280	5491548
1280	7755192
1280	8743793
1280	4582390
1280	8113494
1280	2666528
1280	7716130
1280	1432822
920	4816811
920	4089169
920	1772154
920	1452158
920	2238200
920	2432904
920	408783
920	3664678
920	6085822
920	1030652
920	6648633
920	4734875
920	3635125
920	7950543
920	5347101
920	8775231
920	7653631
920	5492781
920	7995890
920	6050927
920	8206820
920	8692426
920	2599551
920	771387
920	8049842
920	7088516
920	5581558
920	4519886
920	6922780
920	835406
920	7125697
920	1711913
920	3993477
920	3770806
920	5611138
920	2567960
920	3398132
920	1946766
920	2696416
920	6055650
920	3500640
920	6567528
920	137700
920	8436452
920	7355616
920	763882
920	3889376
920	2600152
920	8236530
920	2409064
920	5980512
920	8523217
920	3162338
920	3083127
920	4828562
920	2159174
920	3569636
920	1843776
920	4992552
920	2744732
920	1933057
920	1873010
920	369523
920	6285075
920	4583095
920	3817726
920	1236751
920	2969819
920	5212822
920	2818966
920	3838430
920	2930469
920	4712623
920	4596603
920	6869078
920	1468825
920	3092725
920	5290970
920	446598
920	4822408
920	6296688
920	404388
920	3442168
920	3852648
920	575992
920	7032755
920	4630999
920	8375080
920	1914622
920	8264500
920	8743951
920	6301032
920	918294
920	780276
920	1898037
920	5091086
920	1823865
920	1668056
920	1116123
920	8425011
920	5195114
920	1613368
920	7709087
920	3072717
920	5313458
920	1738879
920	855358
920	12906
920	649093
920	4856787
920	7519548
920	298866
920	1130160
920	2050096
920	8109979
920	5187865
920	4383635
920	614180
920	180523
920	6447312
920	2270869
920	8394178
920	2222165
920	1899823
920	3366213
920	5146854
920	1074205
920	7797887
920	735472
920	5771181
920	8174178
920	921126
920	906023
920	8808055
920	2595741
920	5231743
920	5443491
920	4457766
920	1286272
920	2780195
920	5948204
920	8303483
920	7667341
920	3247062
1573	4277143
1573	4589088
1573	4213270
1573	3014730
1573	4682507
1573	8008198
1573	3186023
1573	5121706
1573	6407364
1573	707447
1573	4978356
1573	5101637
1573	377175
1573	3736316
1573	6229614
1573	961937
1573	5750680
1573	4064493
1573	871157
1573	1366984
1573	6717333
1573	5900563
1573	3498726
1573	3478919
1573	6196183
1573	5412373
1573	5169630
1573	525411
1573	6160123
1573	4475655
1573	987447
1573	5423101
1573	5334597
1573	5021650
1573	6823011
1573	8924798
1573	2702219
1573	5165202
1573	649026
1573	5053210
1573	8539704
1573	2509285
1573	3460505
1573	2767631
1573	6288025
1573	4495703
1573	8350058
1573	6389045
1573	8862418
1573	2148046
1573	2737063
1573	8027007
1573	1705334
1573	7496729
1573	6322027
1573	5861929
1573	1414455
1573	7204872
1573	2191443
1573	5914873
1573	8006339
1573	2221435
1573	5248833
1573	8351093
1573	1810685
1573	8555178
1573	8198177
1573	6966270
1573	1340996
1573	5589880
1573	8853983
1573	8829656
1573	7727591
1573	8134686
1573	4838942
1573	137137
1573	4044986
1573	2127966
1573	1905339
1573	5182985
1573	8017014
1573	4159390
1573	2044197
1573	7590000
1573	4333173
1573	2838960
1573	1624993
1573	6142053
1573	2794147
1573	6623752
1573	8135456
1573	7533069
1573	1169770
1573	45168
1573	5591348
1573	6928760
1573	4292039
1573	2828679
1573	7924165
1573	7981511
1573	8863455
1573	4829732
1573	8091471
1573	3202211
1573	1740139
1573	8289570
1573	8024059
1573	961584
1410	358499
1410	3354554
1410	2824952
1410	5725801
1410	4534283
1410	5083848
1410	5394262
1410	8067801
1410	1798871
1410	3798213
1410	1432544
1410	7615580
1410	2398938
1410	8527154
1410	6168009
1410	1529903
1410	4805856
1410	3839633
1410	967413
1410	748026
1410	1465697
1410	6422336
1410	5508955
1410	1356179
1410	6611589
1410	7066695
1410	8411787
1410	7152279
1410	7058510
1410	6345031
1410	6768442
1410	4435403
1410	4206863
1410	8677656
1410	5926514
1410	1424236
1410	4732339
1410	5844994
1410	6170036
1410	1479319
1410	4074908
1410	8220071
1410	7311138
1410	5774698
1410	4355760
1410	3809839
1410	8485515
1527	822148
1527	7696824
1527	7251113
1527	8588317
1527	622561
1527	6990665
1527	8545762
1527	5412745
1527	2375531
1527	3423478
1527	4519272
1527	379970
1527	3348164
1527	4513454
1527	4150652
1527	8927457
1527	8520586
1527	4593929
1527	5623364
1527	5084175
1527	6756187
1527	4630506
1527	3944585
1527	4806923
1527	7795044
1527	6512733
1527	151508
1527	4757512
1527	1813885
1527	3672187
1527	7107875
1527	28647
1527	4856917
1527	5599588
1527	5505743
1527	8454998
1527	6352614
1527	2649977
1527	7009037
1527	1767030
1527	7871770
1527	1101976
1527	6661614
1527	357912
1527	2470485
1527	795008
1527	3562841
1527	4294417
1527	1829529
1527	5571607
1527	3735307
1527	4639136
1527	2362278
1527	186060
1527	475276
1527	6984752
1527	7373603
1527	5878885
1527	6456890
1527	1216711
1527	4995541
1527	491671
1527	1969201
1527	741723
1527	739277
1527	6803282
1527	4159928
1527	8823335
1527	3135499
1527	8405266
1527	3037974
1527	7612468
1527	7470788
1527	6968101
1527	5147205
1527	5690872
1527	8483202
1527	5769534
1527	7625043
1527	2110977
1527	2360419
1527	1385465
1527	8276551
1527	5171357
1527	8258418
1527	6056231
1527	5395927
1527	2995687
1527	7776918
1527	5850104
1527	2505761
1527	679649
1527	1642753
1527	1422759
1527	2365461
1527	4003579
1527	7859761
1527	8538963
1527	6385564
1527	4344500
1527	5154268
1527	5118828
1527	5788130
1527	389408
1527	5206647
1527	6546909
1527	7495276
1527	3971672
1527	2396501
1527	74012
1527	3403744
1527	5507801
1527	1759976
1527	8567711
1527	8533759
1527	5947499
1527	8120826
1527	2152917
1527	336850
1527	169522
1527	3950116
1527	1973327
1527	1792035
1527	5882665
1527	807992
1527	8081386
1527	1229340
1527	3038563
1527	2172290
1527	869379
1527	495247
1527	7029993
1527	5347755
1527	374370
1527	8038527
1527	300211
1527	3856317
1527	4809210
1527	408433
1527	3507469
1527	468165
1527	4477238
1527	8541719
1527	2147719
1527	1050144
1527	7438597
1527	2104295
1527	3534265
1527	6857661
1527	583702
1527	5122576
1527	7352920
1527	3035985
1527	4844406
1527	6177879
1527	823640
1527	3924273
1527	5829229
1527	944587
1527	1785553
1527	2891901
1527	7091480
1527	4354667
1527	7458258
1527	5863140
1527	8774696
1527	7356487
1527	1566374
1527	2917862
1527	6540536
1527	4964558
1527	7942972
1527	4870148
1527	4469286
1527	4995415
1527	3363928
1527	5575338
1527	7330483
1527	5547905
1527	2003082
1527	3024507
1527	1452878
1527	2283212
1527	8427343
1527	2986242
1527	5908829
1527	3388764
1527	1978783
1527	73051
1527	3209559
1527	7010067
1527	5512073
1527	2767844
1527	5127467
1527	3032683
1527	6355888
1527	3479845
1527	1678733
1527	565130
1527	8801991
1527	2925502
1527	5792549
1527	1189247
1527	7960599
1527	6100814
1527	5023715
1527	7381403
1527	7751004
1527	7047700
1527	4726852
1527	6087384
1527	7755264
1527	993227
1527	6550136
1527	8103909
1527	3592297
1527	2708792
1527	5871363
1527	7933587
1527	996216
1527	7857964
1527	7505390
1527	7260543
1527	3483175
1527	600623
1527	8290269
1527	3859922
1527	7170972
1527	1897908
1527	5675702
1527	8367209
1527	6480461
1527	463492
1527	8305939
1527	5370116
1527	716546
1527	3425413
1527	6482106
1527	2137535
1527	4893449
1527	3111223
1527	1767659
1527	7665698
1527	658602
1527	912466
1527	2382773
1602	6768336
1602	1424492
1602	8364970
1602	6193182
1602	5495662
1602	8352328
1602	3030691
1602	5181990
1602	6914027
1602	8073163
1602	3873940
1602	8804115
1602	6959870
1602	7855330
1602	7367658
1602	520071
1602	2793578
1602	7514538
1602	7211077
1602	3614000
1602	998749
1602	4408442
1602	5720062
1602	8794709
1602	2878791
1602	198385
1602	3243581
1602	2808156
1602	5219175
1240	7992288
1602	5243127
1240	8563896
1602	1006615
1602	4850188
1602	4089826
1240	7916360
928	6504100
928	7325380
928	1690904
928	2094698
928	4256407
928	3367751
928	386942
928	3514875
928	5117668
928	2876446
928	567580
928	4103136
928	4605660
928	7783675
928	6586331
928	5979436
928	7275866
928	2769970
928	1079747
928	8476720
928	6210385
928	8816843
928	922238
928	5799257
928	146892
928	1614018
928	5439558
928	6691250
928	7604892
928	4664002
928	1845692
928	1860708
928	2239310
928	4354781
928	5440640
928	155008
928	6296909
928	2292020
928	5803098
928	6551879
928	4812159
928	4736469
928	8778463
928	7749769
928	8073343
928	4084690
928	3393913
928	1669926
928	5274184
928	4528108
928	3930988
928	8568685
928	2320753
928	7034406
928	6543262
928	2697054
928	600005
928	8398705
928	3589568
928	6934826
928	5525682
928	5439887
928	7974606
928	5422549
928	5797370
928	8645473
928	6564385
928	6317365
928	8600351
928	8192116
928	7162291
928	3628330
928	7967628
928	8458628
928	3750747
928	8902015
928	2628205
928	4217780
928	8369272
928	2755642
928	2944000
928	5321714
928	6288987
928	5888833
928	5634389
928	1575523
928	8350530
928	3426749
928	8571796
928	6342928
928	424189
928	8384762
928	6937197
928	3543300
928	7721044
928	7048329
928	7520987
928	8105634
928	682774
928	4601991
928	4738231
928	4696649
928	5523554
928	2069154
928	3595373
928	1743981
928	7036506
928	3319933
928	5676654
928	8320834
928	1178677
928	5542553
928	7946289
928	308907
928	1826350
928	5873612
928	3307619
928	6919525
928	1651066
928	7133330
928	4820667
928	6326297
928	1176219
928	7810279
928	2184993
928	7649100
928	1864671
928	2244262
928	8175046
928	4097766
928	8924424
928	361579
928	7291587
928	4172036
928	124847
928	7931998
928	4029702
928	6911651
928	4279744
928	4210086
928	5351234
928	7647972
928	6669672
928	2198518
928	1547859
928	1128682
928	3131755
928	807412
928	8243376
928	7994366
928	7225364
928	6569485
928	7897386
928	879097
928	6912890
928	775852
928	6639510
928	5593167
928	7151382
928	7112891
928	890700
928	5322615
928	5640
928	1702204
928	5857219
928	4032317
973	6383101
973	3086718
973	6148526
973	3124076
973	1872102
973	1901949
973	1255102
973	4320897
973	5760334
973	6181028
973	5068696
973	1671947
973	6678327
973	1584800
973	345474
973	3597601
973	2655472
973	5784200
973	5166979
973	665014
973	2722835
973	1910407
973	1542164
973	3376951
973	4672372
973	6106820
973	2244068
973	2665103
973	7317625
973	5545185
973	1752205
973	3638155
973	1420798
973	3399313
973	3931123
973	6064477
973	403251
973	8255126
973	4907787
973	3644688
973	3615701
973	3521640
973	7592383
973	6422216
973	7329277
973	3412958
973	4359213
973	5361
973	519103
973	6952706
973	1611181
973	4074740
973	8857361
973	4918199
973	4689049
973	6078206
973	7826522
973	4983815
973	3410432
973	5162561
973	2349891
973	3848600
973	4888566
973	3412215
973	5139106
973	7904730
973	6463577
973	2854998
973	6505408
973	5585996
973	6737471
973	3165267
973	322372
973	5709607
973	4153518
973	1949892
973	6747491
973	4950078
973	3353660
973	3967788
973	6963975
973	2371218
973	635544
973	1166720
973	4090633
973	5524050
973	233483
973	675049
973	4255563
973	666748
973	8457417
973	6873379
973	3954802
973	1173864
973	2392728
973	4511757
973	6503354
973	235861
973	7780417
973	5902397
973	7801337
973	1604450
973	6625502
973	7482602
973	491725
973	653105
973	1730570
973	2956507
973	7628871
973	8544472
973	2785132
973	5380809
973	8055338
973	4809331
973	7140005
973	6524713
973	7220578
973	2802181
973	5475729
973	171094
973	5739384
973	294807
973	6344904
973	1015137
973	7629944
973	1189104
973	8412178
973	6004486
973	4305237
973	5825535
973	7706140
973	6629010
973	73250
973	3896644
973	6080092
973	6794454
973	5393692
973	4410181
973	4239955
973	4646922
973	6748204
973	2724262
973	5200487
973	7745400
973	1299608
973	8473064
1177	1303168
1177	2685723
1177	7215122
1177	2122755
1177	2645793
1177	6096212
1177	1696510
1177	333445
1177	3255781
1177	4147132
1177	8058209
1177	4349975
1177	2296036
1177	5824142
1177	348318
1177	5864148
1177	6343063
1177	8041082
1177	721352
1177	7277986
1177	3011426
1177	5776607
1177	5554276
1177	7042766
1177	3179402
1177	5811496
1177	6288787
1177	3143664
1177	5545303
1177	7385722
1177	5694395
1177	1682609
1177	7782708
1177	7883192
1177	261850
1177	4078283
1177	5197207
1177	1718699
1177	7792842
1177	3904970
1177	8135447
1177	1995302
1177	7839071
1177	4083783
1177	2550385
1177	405577
1177	6110119
1177	8020725
1177	7757572
1177	5011664
1177	7991290
1177	2687856
1177	4571176
1177	7410148
1177	6233039
1177	4770508
1177	1747537
1177	1581748
1177	8118291
1177	600318
1177	2028527
1177	3260102
1177	6260112
1177	5729875
1177	6660637
1177	1788063
1177	846554
1177	6491024
1177	2808744
1177	1929549
1177	8149666
1177	8359577
1177	4949669
1177	2793974
1177	8038873
1177	1269651
1177	7384598
1177	1171439
1177	1845852
1177	1006837
1177	2741728
1177	6045006
1177	1861816
1177	4782524
1177	5445357
1177	6394670
1177	6940111
1177	8594146
1177	7614050
1177	5251681
1177	4569205
1177	4561159
1177	885806
1177	3939597
1177	4031357
1177	1085592
1177	5047395
1177	6223305
1177	2603297
1177	4910524
1177	4817990
1177	5776119
1177	1674068
1177	448344
1177	115140
1177	7663498
1177	3793984
1177	8420323
1177	5402366
1177	597613
1177	716572
1177	4933740
1177	419815
1177	4522660
1177	846921
1177	2604613
1177	7847392
1177	833342
1177	7095479
1177	3317598
1177	7634860
1177	1742291
1177	5089029
1177	4693265
1177	8565550
1177	775956
1177	5454948
1177	2031313
1177	1345413
1177	1463602
1177	8035294
1177	1027789
1177	2984777
1177	831160
1177	6904035
1177	6837651
1177	4111274
1177	7672715
1177	7392532
1046	5173791
881	2985361
881	3084831
881	8785245
881	2373579
881	6895940
881	3288091
1348	8584264
1348	2857802
1348	5367037
1348	4753160
1348	5263665
1348	8780868
1348	1531529
1348	5843908
1348	8430737
1348	5098279
1348	5054647
1348	1883936
1348	1435954
1348	86035
1348	5983627
1348	6694616
1348	1687429
1348	280644
1348	1930359
1348	4959256
1348	1553000
1348	3703857
1348	8024711
1348	5471928
1348	1858525
1348	2867584
1348	3940399
1348	5163620
1348	7256454
1348	2690698
1348	6222533
1348	5924974
1348	5450118
1348	767662
1348	3649541
1348	7881292
1348	6004472
1348	5745242
1348	874310
1348	4355759
1348	4132248
1348	1409722
1348	2941278
1348	4527754
1348	7697706
1348	3640499
1348	4544694
1348	5628930
1348	898412
1348	8770380
1348	5379472
1348	6505409
1348	5080661
1348	1439983
1348	4946948
1348	7296424
1348	2556691
1348	2584259
1348	2612094
1348	5696292
1348	2834420
1348	3096960
1348	571937
1348	5491815
1348	5987207
1348	8352315
1348	6860230
1348	8020298
1348	4264373
1348	3952017
1348	3192600
1348	6221035
1348	7127382
1348	3872767
1348	8259120
1348	4507345
1348	3695290
1348	3633250
1348	3453458
1348	2823067
1348	4487128
1348	733859
1348	7951851
1348	2631996
1348	75976
1348	6576918
1348	4160663
1348	4551027
1348	659253
1348	89244
1348	6744412
1348	8611432
1348	8768317
1348	3587055
1348	6094795
1348	3967806
1348	4452904
1348	3720217
1348	1188819
1348	5111823
1348	186463
1348	3915913
1348	868980
1348	1166368
1348	1647722
1348	301560
1348	7203357
1348	2284883
1348	2628211
1348	159716
1348	6756159
1348	2892409
1348	8697655
1348	3460923
1348	6821267
1348	6608656
1348	7586104
1348	1260696
1348	1160823
1348	755608
1348	3776158
1348	1802853
1348	4252573
1348	4705289
1348	6758748
1348	3217399
1348	4629383
1348	6224184
1348	8214883
1348	7666254
1348	4175603
1348	8404175
1348	4860040
1348	1173620
1348	2409544
1348	389434
1348	8216209
1348	1236434
1348	3124073
1348	5687662
1348	4979651
1348	878852
1348	2165885
1348	3969292
1348	918796
1348	5883116
1348	2507678
1348	7880353
927	2954268
927	7283732
927	1412087
927	1007029
927	563045
927	7613789
927	1733493
927	8672679
927	465979
927	2588026
927	5171623
927	3307880
927	8143898
927	1880741
927	8058158
927	7042307
927	996864
927	6506978
927	8560790
927	3471013
927	8916262
927	2285450
927	440055
927	8168669
927	4369235
927	721152
927	7131851
927	6579881
927	66128
927	3059914
927	4858282
927	3248445
927	1573955
927	4890072
927	2248449
927	994706
927	5098015
927	7394335
927	6151263
927	738520
927	1572014
927	6476757
927	3744235
927	8809927
927	1599904
927	6609191
927	2514093
927	1645250
927	7100526
927	1816748
927	5022242
927	1205338
927	3261222
927	6245037
927	4809235
927	2431885
927	6322193
927	4674576
927	617975
927	7789533
927	3660351
927	8497765
927	579830
927	8701671
927	7404046
927	5906489
927	3566821
927	2446760
927	4227089
927	4432829
927	5835577
927	2133556
927	230005
927	4026104
927	6755084
927	3922578
927	1810955
927	6066450
927	4376117
927	3601334
927	5854099
927	8393838
927	988239
927	6717899
927	5681939
927	5357255
927	8885745
927	6273109
927	1875342
927	4815293
927	8868283
927	8593465
1744	8386916
1744	4956834
1744	3902796
1744	3009468
1744	5914681
1744	1614053
1744	3299269
1744	2833831
1744	848703
1744	4615116
1744	1836420
1744	6596015
1744	2306189
1744	4220914
1744	4069589
1744	704962
1744	8154425
1744	8030743
1744	3036196
1744	7322376
1744	4307564
1744	605308
1744	961233
1744	4258508
1744	8766526
1744	3650
1744	1493311
1744	45610
1744	2406291
1744	1475571
1744	6775561
1744	3183846
1744	6437605
1744	4918753
1744	289644
1744	2337103
1744	689652
1744	4401448
1744	154925
1744	3673725
1744	3184304
1744	8027056
1744	8800562
1744	5592680
1744	1079241
1744	2745789
1744	3073181
1744	8575279
1744	1606303
1744	7396639
1744	843464
1744	6556758
1744	7858907
1744	7644475
1744	8424503
1744	4115933
1744	4399011
1744	7296673
1744	1358454
1744	8849251
1744	4493342
1744	7732113
1744	463482
1744	6208527
1744	518161
1744	4835137
1744	8008677
1744	6716822
1744	8445671
1744	6956955
1744	3509008
1744	1460638
1744	6166649
1744	7491517
1744	743863
1744	89303
1744	7334640
1744	4034796
1744	2843122
1744	2638915
1744	8292713
1744	1467878
1744	574763
1744	63447
1744	1816974
1744	2030192
1744	7788311
1744	4044711
1744	5505564
1744	7801645
1744	188066
1744	4769410
1744	122887
1744	6283991
1644	3108133
1644	1847322
1644	3303979
1644	2883437
1644	2252478
1644	5051429
1644	4946947
1644	274979
1644	2863036
1644	2066612
1644	2567386
1644	1931617
1644	6101987
1644	6881783
1644	2678201
1644	8610481
1644	8157603
1644	1943789
1644	7023025
1644	6409798
1644	1339684
1644	2851906
1644	7774317
1644	5767076
1644	3606784
1644	3487337
1644	6910328
1644	2521398
1644	3133095
1644	372169
1644	155884
1644	318619
1644	3481832
1644	1194342
1644	5124460
1644	188661
1644	8599083
1644	6299239
1644	2298918
1644	8132160
1644	5711447
1644	4075776
1644	25009
1644	669059
1644	6133096
1644	1316537
1644	7724638
1644	502807
1644	2428802
1644	5720037
1644	4861624
1644	6905380
1644	7345119
1644	3441620
1644	1086676
1644	7450364
1644	6522700
1644	578098
1644	6218253
1644	3768959
1644	2561577
1644	2669532
1644	2454074
1644	8309959
1644	1778709
1644	1869902
1644	350280
1644	8408723
1644	1570783
1644	5401145
1644	1572001
1644	4288272
1644	1093688
1644	1285989
1644	5984700
1644	7413362
1780	3292237
1780	2022539
1780	3555901
1780	6224577
1780	8296263
1780	3939851
1780	7294213
1780	3279996
1780	2525146
1780	4773532
1780	5447882
956	1089722
956	1022062
956	4755891
956	1634251
956	1141787
956	6054844
956	933616
956	2241848
956	3097570
956	8392385
956	5301586
956	1844597
956	1642376
956	3399606
956	322559
956	1615241
956	4037816
956	3286880
956	7415947
956	7292613
956	6372442
956	497059
956	3898735
956	7078101
956	7090235
956	6663470
956	2598765
956	7434525
956	5358968
956	6205828
956	2983658
956	3377276
956	1713463
628	5187776
956	3022741
956	8060053
956	1391822
956	4854331
956	378072
956	4051282
956	4585901
956	116273
956	4572345
956	4436282
956	3023456
956	2227421
956	6768063
956	8804674
956	4113441
956	1389424
956	1339406
956	3560925
956	1026567
1065	5423787
1065	5716089
1065	2709156
1065	1712972
1065	3460178
1065	6644011
1065	2245059
1065	2557788
1065	7937485
1065	1962721
1065	3768131
1065	838402
1065	5670809
1065	8579969
1065	7512914
1065	8546441
1065	3200062
1065	3091482
1065	5301905
1065	4460002
1065	5157512
1065	2093805
1065	7637183
1065	3060648
1065	7914177
1065	4184319
1065	4792150
1065	274356
1065	879556
1065	4694044
1065	8932914
1065	1680018
1065	6356139
1065	202623
1065	5730294
1065	4752693
1065	2335908
1065	4400640
1065	5580184
1065	8123362
1065	2467009
1065	7632554
1065	999540
1065	3698420
1065	2605360
1065	4544503
1065	37276
1065	5390078
1065	3490327
1065	2158624
1065	4648323
1065	4973431
1065	4794247
1065	7273036
1065	6825229
1065	3053598
1065	437932
1065	5493980
1065	1690588
1065	6480158
1065	8031602
1065	5696897
1065	3666105
1065	2628106
1065	3003275
1065	75348
1065	6065507
1065	6785077
1065	1083517
1065	3214646
1065	1070667
1065	5454350
1065	8853777
1065	4083499
1065	926231
1065	1579504
1065	5926993
1065	5070619
1065	2591836
1065	1499680
1065	297715
1065	4436062
1065	3361066
1065	333524
1065	627950
1065	8458061
1065	1371119
1065	4510919
1065	4643511
1065	6274521
1065	8432201
1065	8062956
1065	3297098
1065	821553
1065	3451182
1065	4202683
1065	1627784
1065	3337910
1065	1076783
1065	4004485
1065	594888
1065	3018920
1065	5222572
1065	4512544
1065	3135776
1065	188800
1065	8343048
1065	6667056
1065	353474
1065	1190773
1065	8550713
1065	2936976
1065	5991060
1065	8620712
1065	7828170
1065	8741184
1065	2929206
1065	52326
1065	4871111
1065	724596
1065	6974900
1065	4276445
1065	1077839
1065	4909753
1065	4487440
1065	3796961
1065	5917737
1065	1540454
1065	3644302
1065	3991473
1065	8425765
1065	7191428
1065	5480026
1065	4245934
1065	5561364
1065	2390142
1065	837405
1065	2404843
1065	1247180
1065	7496694
1065	7972884
1065	2216790
1065	1908637
1065	727357
1065	747537
1065	6590677
1065	6140601
1065	1273596
1626	4385121
1626	6203353
1626	8501160
1626	4745028
1626	7653706
1626	2236855
1626	5637180
1626	6441748
1626	5014429
1626	6176830
1626	47285
1626	2271447
1626	3702848
1626	8446490
1626	3956939
1626	6176052
1626	1383778
1626	8493700
1626	3965885
1626	8053908
1626	4346942
1626	5372097
1626	1647277
1626	1149034
1626	2735076
1626	5742506
1626	377189
1626	2344178
1626	8156234
1626	3225539
1626	3836898
1626	4343469
1626	4860256
1626	4444988
1626	613225
1626	7899272
1626	336542
1626	6420945
1626	1011167
1626	7095787
1626	5958525
1626	6107880
1626	524048
628	7789694
628	7278916
628	6078327
628	3407948
628	1182054
628	2164769
628	1285684
628	7715991
628	2911396
628	149893
628	3090220
628	916143
628	1075112
628	7842365
628	3491969
628	4911776
628	8562692
628	4781990
628	3892456
628	1430524
628	5023520
628	7724255
628	4925799
628	6280366
628	6398941
628	4413314
628	8005886
628	6354502
628	1326898
628	8749813
628	1001021
628	6653965
628	5638859
628	4872303
628	3020255
628	7462460
628	2749172
628	8168768
628	6492812
628	123848
628	3807080
628	8820761
628	7680743
628	3821678
628	4540518
628	7465993
628	1887694
628	4720216
628	5720563
628	7057019
628	3026849
628	4538864
628	6122916
628	5019132
628	3870456
628	5647320
628	860025
628	5808150
628	3032066
628	2648246
628	3616244
628	3404194
628	4898243
628	3017349
628	2100094
628	7193342
628	323635
628	1487855
628	203515
628	1676007
628	5824907
628	4413556
628	4081479
628	519691
628	2607653
628	8113808
628	3775130
628	8268756
628	8122210
628	7028197
628	5137741
628	6181163
628	6316437
628	62812
628	4090847
628	2239707
628	8866205
628	2073025
628	7095330
628	4675256
628	6832800
628	7566074
628	4902080
628	8296473
628	5919216
628	2144483
628	5218963
628	2913048
628	7761889
628	456837
628	612080
628	921969
628	1303719
628	5729664
628	7376039
628	6119714
628	6111462
628	8570386
628	4894346
628	6010321
628	3717738
628	2230078
628	8320372
628	1201634
628	5205797
628	2280372
628	8595949
628	7970269
628	3541019
628	683340
628	1017111
628	1841169
628	5218608
628	4994660
628	368965
628	5448771
628	515027
628	8075486
628	4315527
628	1245921
628	7622365
628	3525744
628	1219817
628	5057005
628	2167170
628	5261367
628	4175861
628	6697205
628	701757
628	4662276
628	2555913
628	4395690
628	3321372
628	6963046
628	7806047
628	3565526
628	1134503
628	8545054
628	2871934
628	7489650
628	4095019
628	5772847
628	2558815
628	7062798
628	143934
1482	628182
936	5450656
936	7016086
936	5085397
936	4555816
936	2516949
936	5646909
936	7160229
936	428339
936	1887032
936	5441239
936	4793722
936	1870302
936	4145403
936	2260830
936	1496123
936	6316987
936	6075125
936	6337625
936	372898
936	4078287
936	1846734
936	1448541
936	1927975
936	7489987
936	8717522
936	6028767
936	1819111
936	6447357
936	3762914
936	4922233
936	4452158
1654	4255585
1654	1704757
1654	5063735
1654	884389
1654	5986382
1654	4312065
1654	5244601
1654	6344518
1654	6764909
1654	2729055
1654	3631520
1654	2868509
1654	6577251
1654	6666397
1654	2861198
1654	401387
1654	7826415
1654	6628953
1654	8927650
1654	4121894
1654	4029783
1654	7052198
1654	1312379
1654	3324376
1654	7375588
1654	3662000
1654	1161166
1654	8315543
1654	8332130
1654	2098888
1654	1831320
1654	6459971
1654	6849528
1654	3538181
1654	459637
1654	4040629
1654	4118336
1654	5729524
1654	8054751
1654	8154725
1654	2797098
1654	2872063
1654	250718
1654	5290617
1654	4276704
1654	476587
1654	5710044
1654	111282
1654	4916610
1654	6220008
1654	8387865
1654	88865
1654	4733853
1654	2218732
1654	4825148
1654	1173243
1654	395185
1654	5073298
1654	1376299
1654	2032216
1654	214649
1654	3081291
1654	8055460
1654	4825059
1654	2302432
1654	4987939
1654	5245989
1654	2269265
1654	2265620
1654	8579167
1654	8098004
1654	8878907
1654	3248839
1654	7089042
1654	7944555
1654	7921056
1654	2209369
1654	8581543
1654	451384
1654	3191908
1654	7761445
1654	989241
1654	7087514
1654	3768507
1654	8213871
1654	2736156
1654	68768
1654	3107820
1654	4856873
1654	5910755
1654	7808067
1654	1260080
1654	2121133
1654	5611167
1654	3006676
1654	5237089
1654	5978072
1654	3404304
1654	6499297
1654	6155673
1654	1224172
1654	3650186
1654	7006441
1654	3984428
1654	8120792
1654	5536291
1654	2965432
1654	4117936
1654	8639690
1654	4157784
1654	3215295
1654	2500465
1654	2791084
1654	1676542
1654	6736541
1654	5558382
1654	406166
1654	2259279
1654	7216262
1654	5655250
1654	3153887
1654	8801381
1654	3817825
1654	2973149
1654	3290980
1654	3956875
1654	6120248
1654	5234501
1654	8339956
1654	712856
1654	3653978
1654	3504333
1654	1960364
1654	3134955
1654	7455972
1654	2093229
1654	5088214
1654	6136165
1654	4628944
1654	45614
1654	5247409
1654	2617188
1654	4194829
1654	8235649
1654	4914421
1654	6893926
1654	4130426
1654	4003096
1654	2574117
1654	3113937
1654	8745580
1654	3638852
1654	3976682
1654	7673441
1654	8203701
1654	7674188
1654	377309
1654	7802954
1654	3386149
1654	330572
1654	754316
1654	4377665
1654	4943491
1654	7404923
1654	2568971
1654	1618769
1654	8333467
1654	8394105
1654	2132092
1654	8819159
1654	776365
1654	6014943
1654	6539195
1654	345057
1654	7813547
1654	7356806
1654	1100285
1654	4578519
1654	4910426
1654	1370594
1654	8419144
1654	4569421
1654	5387040
1654	7625276
1654	53107
1654	2853763
1669	6005013
1669	394531
1669	4380824
1669	5208535
1669	7476824
1669	5353501
1669	4460379
1669	5935683
1669	6194617
1669	4903430
1669	6448076
1669	1878298
1669	6357556
1669	7636599
1669	2201229
1669	1440135
1669	3786914
1669	7554055
1669	5613571
1669	3538838
1669	7411235
1669	4076717
1669	6227010
1669	8738904
1669	2826599
1669	7713472
1669	3977702
1669	6833543
1669	7269076
1669	7849949
1669	6493394
1669	4529903
1669	6526736
1669	7278124
1669	3202639
1669	2040954
1669	5607296
1669	3025466
1669	2242656
1669	950895
1669	5177649
1669	7375424
1669	5896333
1669	8331986
1669	155013
1669	4355583
1669	3957923
1669	6976899
1669	3958358
1669	1739494
1669	5956717
1669	2392496
1669	1831726
1669	5036519
1669	7008037
1669	5121931
1669	5257244
1669	1070473
1669	3226510
1669	7819073
1669	2674166
1669	199234
1669	8064283
1669	5541413
1669	3156410
1669	3045357
1669	8491344
1669	1724927
1669	5974767
1669	5073061
1669	2225141
1669	6625760
1669	1224081
1669	5322156
1669	1783715
1669	6260930
1669	646474
1669	7072410
1669	1169240
1669	3105304
1669	5588926
1669	2222201
1669	7298615
1669	6430868
1669	7910058
1669	5018542
1669	3120247
1669	662385
1669	4579493
1669	3002655
1669	5971123
1669	323173
1669	4080954
1669	466824
1669	228625
1669	8634920
1669	6154587
1669	5896377
1669	3319765
1669	8616114
1669	3109325
1669	343275
1669	2397800
1669	8128141
1669	8452155
1669	759110
1669	1404911
1669	3938498
1669	6051237
1669	1339329
1669	2592086
1669	63229
1669	4427307
1669	8207334
1669	8868086
1669	4885081
1669	2271773
1669	6467941
1669	1348975
1669	507531
1669	3367818
1669	6441713
1669	7617454
1669	7208568
1669	2846118
1669	6199009
1669	8384132
1669	3105245
1669	3132439
1669	6170434
1669	6396470
1669	3026926
1669	7925325
1669	4661212
1669	3156345
1669	5980080
1669	4297450
1669	2532083
1669	3609573
1669	590076
1669	3539662
1669	6202458
1669	1567164
1669	1886886
1669	237224
1669	7699171
1669	3011144
1669	2255052
1669	5421317
1669	8524907
1669	8411198
1669	5980897
1669	5003797
1669	6986305
1669	4634582
1669	3243358
1669	5421644
1669	3373484
1669	6735642
1669	1007798
1669	8210133
1669	8766626
1669	3325091
1669	3123679
1669	8680275
1669	4037953
1669	7220333
1669	6614933
1669	1238720
1669	2479665
1669	5092527
1669	8163454
1669	2641112
1669	5547769
1669	3914673
1669	355358
1669	5112065
1669	7010317
1669	2750150
1669	5535562
1669	8928814
1669	1412346
1669	1719703
1786	8558671
1786	2383760
1786	2228679
1786	1934182
1786	912703
1786	4255286
1786	1161599
1786	3229814
1786	2280596
1786	5562243
1786	2589064
1786	5306145
1786	4824326
1786	7073031
1786	224823
1786	3622016
1786	7488796
1786	3468874
1786	6912084
1786	2256494
1786	5866900
1786	5906261
1786	8709488
1786	8798210
1786	598557
1786	686097
1786	1466053
1786	6459256
1786	1502288
1786	1971647
1786	8436089
1786	5641991
1786	4429074
1786	3325734
1786	1419689
1786	2100979
1786	5162841
1786	7426133
1786	7606189
1786	6699879
1786	1034174
1786	2814469
1786	7455693
1786	7481040
1786	6689840
1786	2710804
1786	8099967
1786	4723022
1786	6975467
1786	4805852
1786	5195622
137	2038816
137	2105614
137	7431803
137	7309833
137	6412961
137	91033
137	3718514
137	6060812
137	3856434
137	2907925
137	5835501
137	4567318
137	102892
137	5890115
137	4599718
137	7604610
137	2410050
137	1555242
137	5500972
137	7910848
137	2608066
137	6365581
137	8750607
137	3499250
137	3739578
137	5043332
137	615633
137	89060
137	1964521
137	4607727
137	7806843
137	1180779
137	5817323
137	724636
137	3363607
137	948552
137	3989303
137	1194275
137	6440677
137	5732218
137	2878767
137	3559871
137	619423
137	899716
137	4760338
137	3337044
137	3720771
137	5421029
137	558603
137	4076332
137	1862531
137	8734279
137	4073769
137	3776308
137	2753898
137	7960741
137	5300101
137	4681854
137	6512627
137	8597076
137	8640594
137	4957012
137	1700177
137	3157403
137	1487769
137	1923656
137	3575399
137	6543274
137	5582687
137	5433044
137	7425037
137	7705655
137	5707576
137	7556705
137	2427659
137	8866270
137	5037581
137	3071777
137	3311355
137	1889747
137	486226
137	2971632
137	2443267
137	8796844
137	2625288
137	6327501
1001	2120721
1001	3551534
1001	5771833
1001	8669473
1001	8849514
1001	6759454
1001	675013
1001	7686831
1001	6873638
1001	8128863
1001	8272502
1001	2210724
1001	3364892
1001	134451
1001	4731920
1001	6482039
1001	5764052
1001	475154
1001	7216569
1001	5845873
1001	6430245
1001	935058
1001	457486
1001	7572971
1001	1495881
1001	2385032
1001	6490961
1001	4151431
1001	1009657
1001	6544261
1001	3223476
1001	7325525
1001	55988
1001	7429882
1001	4961766
1001	7259068
1001	4267566
1001	625515
1001	8196772
1001	8715209
1001	2242404
1001	6308752
1001	7303171
1001	7659382
1001	5064591
1001	8612999
1001	1951353
1001	2257260
1001	5368165
1001	8434816
1001	7666252
1001	2470279
1001	5542631
1001	3067290
1001	6266846
1001	3175440
1001	1354108
1001	1911991
1001	397831
1001	4752696
973	850262
1001	570327
1001	8335909
1001	1307082
1001	3332747
1001	7375134
1001	381312
1001	5746515
1001	3931197
1001	6327091
1001	3685444
1001	8223448
1001	6174935
1001	5763635
1001	1990294
1001	4202240
1001	2897567
1001	1919402
1001	2817250
1001	526828
1001	2446355
1001	4512716
1001	2303988
1001	7781544
1001	4262747
1473	6452671
1473	2492413
1473	2912687
1473	8174439
1473	159226
1473	305080
1473	6019542
1473	5283252
1473	5566013
1473	2354629
1473	3736270
1473	7030846
1473	8846215
1473	4323008
1473	811436
1473	510835
1473	1476073
1473	6726757
1473	4127140
1473	3874735
1473	837785
1473	7835864
1473	3810589
1473	6118174
1473	818958
1473	8518572
1473	1418519
1473	5754119
1473	8400049
1473	2105006
1473	1584193
1473	976195
1473	936336
1473	7997716
1473	7705133
1473	3617424
1473	6492986
1473	5006110
1473	56832
1473	4024978
1473	2873497
1473	7648430
1473	2167856
1473	3422730
1473	7095081
1473	290976
1473	7169513
1473	5643915
1473	8824187
1473	8555212
1473	7554100
1473	458674
1473	583728
1473	8037359
1473	7486599
1473	3634273
1473	5378323
1473	5381887
1473	2645095
1473	3810713
1473	3288084
1370	4641993
1473	919043
1473	1606988
1473	1494843
1473	6391439
1473	559374
1473	6149961
1473	7107565
1473	7496638
1473	6450892
1473	3861514
1473	4355757
1473	3586631
1473	1847270
1473	3602187
1473	1155245
1473	377720
1473	8136260
1473	4392546
1473	7757500
1473	2966670
1473	3588575
1473	1299503
1473	3028005
1473	8779540
1473	1527762
1473	3835269
1473	1819904
1473	8047934
1473	4079184
1473	266148
1473	8047728
1473	8446777
1473	3389415
1473	3872175
1473	6203966
1473	1946216
1473	7609747
1473	8034948
1473	232090
1473	7138077
1473	3014078
1473	3278806
1473	3867693
1473	5838865
1473	5430779
1473	7782482
1473	3041996
1473	3736127
1473	4940375
1473	3418649
1473	4146459
1482	3115559
1770	360492
1770	1652861
1482	5002124
1770	1094635
1770	8374294
1770	4945300
1770	6960130
1482	5571460
1770	1602877
1770	2511266
1770	2078786
1770	5045237
1770	372650
1770	1360277
1770	3569804
1770	6130961
1770	6745687
1770	2276937
1770	3699606
1770	8497314
1770	4390489
1770	4273237
1770	4967311
1770	2290203
1770	41491
1770	6799941
1770	6456004
1770	2292094
1267	8481017
1770	6423904
1770	2793468
1267	8624446
1770	585894
1770	6725114
1770	1414402
1770	1065418
1770	4893985
1770	4538475
1770	299417
1770	4109561
1780	807615
1780	3051544
1770	2522054
1770	1727199
1770	238071
1770	3709473
1770	8743314
1770	2153030
1770	8875814
1770	6830895
1770	1375060
1370	7913246
1770	304567
1770	2236884
1370	8755889
1770	2298695
1370	4992771
1370	7208233
1046	8042947
1770	745195
1770	8143579
1770	5843440
1770	7115753
1770	3238667
1770	7292762
1482	4140659
1770	3459653
1770	7018715
1370	2918313
1482	8586608
1770	830306
1770	7223247
1770	5955658
1770	2870141
1770	8652681
1770	5772879
1770	7886584
1770	67684
1770	1252816
1770	725987
1482	8484953
1770	4180695
1770	1514500
1770	4508408
1482	3370567
1770	4884842
1770	8923270
1770	8803862
1770	8340050
1770	4145511
1770	2326565
1482	4551497
1770	1339092
1770	1613546
1770	8357096
1770	5118895
1630	3932441
1630	6317506
1630	7014909
1630	2893787
1630	3459403
1630	1655999
1630	282222
1630	183000
1630	1722936
1630	4838519
1630	4601091
1630	4018498
1630	3827324
1630	5255291
1630	7602758
1630	1596857
1630	309364
1630	1484616
1630	2054112
1630	7991284
1630	5800373
1630	5638027
1630	572765
1630	3824899
1630	6555268
1630	2495815
1630	2532262
1630	4733086
1630	2441758
1630	6736511
1630	5893144
1630	6339946
1630	2036942
1630	382212
1630	1858202
1630	3467129
1630	6393524
1630	4322741
1630	5664389
1630	5719690
1630	3158029
1630	7317592
1630	5117533
1630	4817731
1630	6944464
1630	1935580
1630	7462495
1630	5928965
1630	2662269
1630	718609
1630	2379767
1630	5424858
1630	6385825
1630	8431172
1630	2747962
1630	7980447
1630	8541510
1630	1132657
1630	7344376
1630	713708
1630	44004
1630	7560308
1630	7463093
1630	2361474
1630	4487878
1630	5869460
1630	3369966
1630	1895971
1630	1595856
1630	115060
1630	6894001
1630	3281491
1630	3323178
1630	4553017
1630	5734735
1630	5017002
1630	3860369
1630	5367541
1630	4566275
1630	3407557
1630	6041121
1630	8910727
1630	2674077
1630	8730060
1630	5803377
1568	6513373
1568	6620053
1568	8144791
1568	2382899
1568	4111187
1568	5894793
1568	1414187
1568	6874491
927	5155213
927	4496319
927	7779000
927	7608042
927	5952895
927	4715350
927	572344
927	4462456
927	4435438
927	7345208
927	397488
927	6272896
927	7497190
927	1137572
927	3699970
927	4156737
927	801808
927	866990
927	4243633
927	8240135
927	8856286
927	1296936
927	5611100
927	6645387
927	4310128
927	39304
927	5931305
927	3419286
927	2907589
927	8031453
927	98612
927	285289
927	2417703
927	2271978
927	7879152
1001	8810329
1001	7459238
1001	170341
1001	6373509
1001	4203208
1001	8158713
1001	3912692
1001	8102530
1001	201210
1001	3871957
1001	5067229
1001	6089808
1793	7437090
1793	1507286
1793	4027101
1793	6351618
1793	6431636
1793	7889123
1793	3943410
1793	4913506
1793	642516
1793	441247
1793	3821502
1793	5894725
1793	7352620
1793	8559496
1793	6829618
1793	2867968
1793	925179
1793	1446288
1793	1325335
1793	3663100
1793	8508352
1793	1370786
1793	3248784
1793	7213839
1793	3503273
1793	2751936
1793	6496047
1793	7837598
1793	5685316
1793	922156
1793	2919711
1793	5925051
1793	2161286
1793	1226289
1793	4649700
1793	7562350
1793	2436191
1793	7467327
1793	6276403
1793	1922877
1793	2080371
1793	62301
1793	5878887
1793	4121340
1793	7620368
1793	5750409
1793	7979002
1793	4223698
1793	3600025
1793	7382396
1793	4647841
1793	2032442
1466	3668278
1466	3561085
1466	8561141
1466	3125631
1466	2765664
1001	1011599
1001	4221998
1466	6495391
1466	4139819
1466	7161627
1466	1897667
1482	2159587
1001	5755369
1510	4274526
1510	5379959
1510	7852490
1510	4998425
1510	4973706
1510	5160611
1510	1154073
1510	5743354
1510	7098406
1510	2665730
1510	5669062
1510	3131512
1510	450129
1510	6233007
1510	2486945
1510	1636650
1510	7192215
1510	7135650
1510	2160312
1510	3936269
1510	4293131
1510	5663390
1510	3155736
1510	6298526
1510	3205335
1510	4980136
1510	4821626
1510	7664771
1510	817035
1510	4957024
1510	4671625
1510	5364975
1510	5675394
1510	193774
1510	3891586
1510	1611226
1510	1868476
1510	7206772
1510	7673152
1510	3038014
1510	8163771
1510	1217889
1510	6759215
1510	229194
1510	7057247
1510	5125725
1510	3816281
1510	2503217
1510	2776620
1510	4006302
1510	4624665
1510	1981846
1510	3633179
1510	2091856
1510	2910123
1510	5708388
1510	3170462
1510	8040135
1655	7357743
1655	2081655
1655	4667150
1655	3239454
1655	6634575
1655	1314713
1655	2741812
1655	3267339
1655	4834715
1655	3159560
1655	4970101
1655	7709082
1655	446753
1655	1884767
1655	4065638
1655	6433779
1655	3678183
1655	3005224
1655	5377176
1655	5624845
1655	6355692
1655	1545699
1655	2730139
1655	8315557
1655	2587320
1655	5014206
1655	8432055
1655	7837497
1655	6311817
1655	2094769
1655	4167549
1655	1564322
1370	7422378
1370	5615342
1370	2374586
1370	846277
1370	4450256
1370	2084153
1370	6792223
1370	654544
1370	7960961
1370	8583990
1046	7164976
1370	405199
1370	7196222
1370	8262090
1370	5632447
1370	3706042
1370	7896492
1370	3757702
1370	3190822
1370	2562201
1370	5412144
1046	5115757
1370	6127233
1370	7862459
1370	4437653
1046	6349329
1348	8717674
1348	1311402
1348	5125609
1348	3121814
1348	6445644
1348	8565814
1348	4506640
1348	4753292
1348	3738698
1348	3607722
1348	6239454
1348	4125063
1348	1655051
1348	1756098
1348	6214603
1348	7314081
1348	8620441
1348	8361269
1348	7762737
1348	8010372
1348	3080138
1348	1941285
1348	6608876
1348	4439802
1348	3406786
1348	1061870
1348	3272537
1348	7572681
1348	5529155
1348	1623706
1348	7893239
1348	6353677
1348	414913
1348	7929106
1348	6517676
1348	3576692
1348	58376
1348	4810988
1348	1134985
1348	8119255
1348	3787664
1348	4017757
1348	4158481
1348	2540600
1348	608721
1348	7828291
1348	3302663
1001	6581391
1001	3071675
1001	1286820
1001	8493562
1001	7642616
1001	6836682
1001	8121877
1001	2528865
1001	7361019
1001	3482793
1001	6979602
1001	6892557
1001	4298572
1001	2265282
1001	568129
1001	5395357
1001	7768304
1001	2843878
1001	6263212
1001	2178631
1001	1210716
1001	2882961
1001	8380793
1001	482400
1001	7123272
1001	1709021
1001	6027337
1001	4463656
1568	6002215
1568	5183449
1568	4852446
1568	4976109
1568	3618334
1568	3712755
1568	2395842
1568	7038691
1568	619833
1568	177064
1568	8430832
1568	7303909
1568	490043
1568	6001967
1568	3603728
1568	6402448
1568	6120766
1568	5006580
262	6548939
262	5730418
262	8138561
262	4351359
262	3918856
262	3953794
262	7587913
262	8392204
262	1920227
262	3650185
262	3434586
262	5099866
262	5725378
262	2703352
262	5149623
262	5851256
262	7318729
262	8597101
262	1958404
262	7614509
262	1775608
262	1850014
1158	537665
1626	270969
1626	3284257
1158	3630627
1158	1565410
1626	2711258
1626	3805854
1158	8488115
1626	7868183
1626	1578775
1626	4630510
1158	8567291
1626	6058152
1626	527838
1158	3981785
1626	7023593
1158	747773
1158	6242736
1626	8603557
1158	7705371
1626	8427420
1626	9408
1626	6342280
1158	8447279
1510	237661
1510	7072200
1510	5884165
1510	1181866
1510	4545134
1510	7316798
1510	3865840
1510	3298444
1510	6665114
1510	697640
1510	7239775
1510	3468197
1510	6271807
1510	2306788
1510	6818683
1510	8227197
1510	7819478
1510	6303316
1510	1899381
1510	4884881
1510	8857202
1510	1639986
1510	2177212
1510	1532038
1510	7007351
1510	3624365
1510	5222655
1510	2190357
1510	4468069
1510	2959278
1510	8134379
1510	2721935
1510	6485678
1510	3206417
1510	2202084
1510	6086531
1510	1086133
1510	4627287
1510	2776588
1510	7229165
1510	2368891
1510	3583408
1240	5577037
1240	4268262
1240	1719382
1240	1058131
1240	1606421
1240	1546619
1240	8694438
1240	1963640
1240	2106026
1240	3604684
1240	2296829
1240	561028
1240	1970852
1240	803815
1240	3044333
1240	6966811
1240	2550219
1240	2393475
1240	364275
1240	4721371
1240	1606510
1240	5223638
1240	8610016
1240	8379374
1240	7998133
1240	6915433
1240	8340345
1240	5177840
1240	8342906
1240	4675662
1240	2971607
1240	8369404
1240	40933
1240	1916179
1240	8065935
1240	2508640
1240	2620609
1240	6932529
1240	7235992
1240	8196905
1240	8003095
1240	5388439
1240	1820371
1240	7816236
1046	8132870
1046	328864
1046	453591
1046	6450560
1046	7627542
1046	4030171
1046	7719193
1046	266206
1046	2959435
1046	4825035
1046	7939395
1046	6178439
1046	1301244
1046	6411704
1046	2008943
1046	3797453
1046	3220830
1046	3077095
1046	7585944
1370	6646477
1370	1414014
1370	6626209
1370	7639397
1370	1937021
1370	196019
1370	8273425
1370	1098473
1370	7222889
1370	4850219
1370	8858499
1370	1764092
1370	1457300
1370	4631846
1370	5847904
1370	4000152
1370	6840040
1370	5093503
1370	3170936
1370	1849353
1370	3706683
1370	1185894
1370	3420433
1370	8073748
1370	2767195
1370	3093387
1370	1884365
1370	5130276
1370	646115
1370	6919700
1370	1709075
1370	7694449
1370	2114276
1370	5251055
1370	8682709
1370	3535642
1370	4315674
1370	1997383
1370	1922938
1370	2524806
1370	3009030
1370	7705431
1370	4977977
1370	5810459
1370	5601062
1370	7424024
1370	2690838
1370	7784060
1370	7921688
1267	2632081
1267	7102608
1267	4545247
1267	115071
1267	2093348
1267	4461325
1267	7676991
1267	5466337
1267	6094505
1267	4130254
1267	5782500
1267	2013544
1267	6017254
1267	59108
1267	8175869
1267	6379839
1267	4115035
1267	6650795
1267	4963436
1267	905623
1267	936010
1267	2598129
1267	6388852
1267	5327028
1267	4205612
1267	8840306
1267	6597034
1780	7004484
927	8655762
927	6726742
1482	3637976
1482	7946586
927	1181045
1482	7920959
927	2993762
1482	950460
927	2362151
1028	8214134
1028	1889213
1028	6538359
1028	4879837
1028	6187650
1028	5249757
1028	2602396
1028	7141380
1028	7649288
1028	2947325
1028	1534452
1028	1711407
1028	7286312
1028	1502136
1028	3430359
1028	4495063
1028	5107038
1028	3522071
1028	3533682
1028	7409823
1028	5009395
1028	40606
1028	1323316
1028	1515620
1028	650548
1028	3195750
1028	244454
1028	4359646
1028	8600349
1028	5522181
1028	1863429
1028	8272082
1028	1136083
1028	3185065
1028	7757364
1028	4422671
1028	3701530
1028	2125879
1028	8888653
1028	5550500
1028	6895612
1028	5727682
1028	930138
1028	858366
1028	8336893
1028	5964005
1028	481646
1028	5836853
1028	1678337
1028	439052
1028	6329013
1028	4145351
1028	1487603
1046	527793
1370	193818
1370	7347346
1046	2749173
1370	245880
1370	291400
1370	430013
1370	762495
1370	5675817
1370	3756629
1370	4841435
1370	5319786
1370	6759617
1370	8262941
1370	6762275
1370	571205
1046	5447786
1370	4266234
648	1577248
803	2661083
803	7918215
803	8029984
803	7832687
803	7314322
803	2566980
803	4261869
803	5723601
803	5344958
803	1580718
803	7614110
803	8708092
803	2077825
803	5596394
803	7355226
803	7247347
803	6002272
803	335316
803	7566132
803	2050194
803	3883372
803	8701275
803	218878
803	2472300
803	3421793
803	6405622
803	2939339
803	4997905
803	5243701
803	2796508
803	7880549
803	8714970
803	7759989
803	5108247
803	574656
648	388494
803	2933164
936	3138686
936	3093239
936	1449211
936	1006856
936	2682793
936	4539590
936	6170544
936	3741461
936	5108377
936	8699279
936	1188841
936	6409741
936	7337278
936	1673823
936	5137887
936	7184612
936	2600660
936	7572509
936	4163809
936	5043334
936	8533364
936	629255
936	6709309
936	51639
936	4694342
936	6136966
936	4063444
936	7606587
936	4111345
936	3512969
936	2818145
936	8155663
936	7954429
936	2177457
936	2627221
936	222937
936	7775985
936	2879575
936	7247980
936	6451189
936	3137250
936	2853331
936	1590897
936	5399128
936	2165972
936	6018333
936	1174877
936	8398193
936	5807656
936	5508960
936	7601565
936	4734361
936	7080627
936	2442868
936	2162956
936	4093546
936	872574
936	3613264
936	8774907
936	5615810
936	2484982
1563	6613818
1563	7570963
1563	8633877
1563	3620945
1563	647814
1563	6475821
1563	3788002
1563	133946
1563	8398515
1563	53251
1563	8322312
1563	3432741
1563	5590375
1563	2203443
1563	3858042
1563	4649457
1563	6030159
1563	7212124
1563	7444933
1563	6739157
1563	6666070
1563	6692736
1563	4345237
1563	662852
1563	2298047
1563	2058478
1563	8268471
1563	6238353
1563	3190712
1563	3547775
1563	7783344
1563	2777020
1563	3465585
1563	3127259
1563	8467746
1563	5168408
1563	2017775
1563	8556193
1563	4728056
1563	5009250
1563	5723688
1563	8856552
1563	4583119
1563	4685821
1563	7365133
1563	1298539
1563	7291814
1563	3950346
1563	4066480
1563	8369527
1563	5035673
1563	3930577
1563	3950252
1563	4163106
1563	7536596
936	2522304
936	2443833
936	1571478
936	6015626
936	1053949
936	7697283
936	7877602
936	7476565
936	6949036
936	4339462
936	5192990
936	951718
936	4141337
936	3870490
936	5375358
936	1989714
936	863705
936	7521938
936	6418683
936	8823293
936	6249624
936	4729649
936	1261632
936	5838451
936	8520092
936	5675194
936	7625141
936	6778626
936	810138
936	956074
936	7449771
936	6614194
936	4987716
936	4811329
936	5790920
936	3040244
936	4587543
936	7081689
936	7296334
936	1306275
936	1527837
936	1459815
936	2027557
936	1490615
936	8929699
936	2577442
936	6205174
936	7645702
936	917314
936	1588745
936	5183221
936	352849
936	8919763
936	3647063
936	6244244
1001	7689088
1001	6673252
1001	8678154
1001	8504733
1001	1244116
1001	4225320
1001	1323497
1001	1292746
1001	2036087
1001	8561328
1001	3252296
1001	2756411
1001	8070991
1001	8236754
1001	1212379
1001	2022802
1001	2988922
1001	5068691
1001	1334282
1001	6742201
1001	5606381
1001	7608644
1001	2910115
1001	3569872
1001	6993873
1001	7360424
1001	8234863
1001	6520574
1001	5528139
1001	7750188
1001	5922988
1001	974729
1001	4132314
1001	5811326
1001	4212418
1001	5881572
1001	2924393
956	5890020
1008	6812253
956	3655013
956	2568699
956	1492998
956	531995
956	1615161
956	3184503
956	761798
956	5226974
956	6232364
956	3080465
956	283534
956	4135750
956	7031412
956	6849960
1008	4045916
956	3372114
956	2761649
956	6892375
956	5698204
956	7848876
956	6285355
956	7479639
956	7887220
956	3972394
1780	2574458
1780	7733139
1780	5148777
1780	6879045
1780	2471308
1780	2147417
1780	2030206
1780	6492460
1780	2208886
1780	4472922
1780	3112819
1780	4075288
1780	6935396
1780	4600166
1780	6464766
1780	2647395
1780	8398091
1568	4888050
1568	4119496
1568	2474407
1568	4989844
1568	3257138
1568	3247909
1568	5715307
1568	2927447
1568	4958096
1568	8882391
1568	3727379
1568	5321634
1568	7252377
1568	8563044
1568	7697338
1568	2290092
1529	3376947
1529	3782610
1529	369859
1529	8289933
1529	8620826
1529	850246
1529	7362156
1529	2314029
1529	7255743
1529	878331
1529	7613200
1529	6654070
1529	4175926
1529	320536
1529	451452
1563	2397620
1563	3090178
1563	1439240
1563	4003084
1563	3468425
1563	1224904
1563	1777923
1563	7378679
1563	92423
1563	8485173
1563	6727186
1563	5491582
1563	6043255
1563	387560
1563	3214083
1563	6665971
1563	1712729
1563	277185
1563	1167099
1563	6980988
1563	2044712
1563	886422
1563	6648533
1563	8080940
1563	2405181
1563	8310377
1563	5621233
1563	5124
1563	6256107
1563	4027978
1563	1227690
1563	8566757
1563	2281377
1563	1724134
1568	8385650
1568	7515731
1568	8121785
1568	996360
1568	8782890
1568	8060125
1568	6250440
1568	6668233
1568	3686182
1568	4408855
1568	1376269
1568	858479
1568	3879461
1568	2081819
1568	8486021
1568	6253472
1568	488069
1568	8866098
1568	6023914
1568	5768634
1568	8251036
1568	6973472
1568	1873542
1568	2667505
1568	2006049
1568	7907861
1568	5250935
1568	7440604
1568	1962869
1568	3612821
1568	7305890
1568	8425408
1568	1704404
1568	6341835
1568	8314786
1482	3072120
1482	6744953
648	4310369
648	5915130
648	4736821
648	6587719
648	8018704
648	6896472
648	8457822
648	4072190
648	6592329
648	4408533
648	6293732
648	3731859
648	7823677
648	2632980
648	6514394
648	5806338
648	3860716
648	5860461
648	5995743
648	8669290
881	1955136
648	6878980
648	4067790
648	3508315
648	3273957
648	2182437
648	7021622
648	7200974
648	7844172
648	6139630
648	8416545
648	7384682
648	3535404
648	5484778
648	4990673
648	1923402
1345	6512955
1345	8860344
1345	959107
1345	5427164
1345	1714855
1345	5465770
1345	4354775
1345	4038259
1345	686509
1345	1559542
1345	4953550
1345	3104873
1345	8349701
1345	2928286
1345	2404691
1345	6548601
1345	6919967
1345	3184791
1345	4386442
1345	2013589
1345	5829776
1345	6926281
1345	6669389
1345	6286629
1345	7382661
1345	1814385
1345	1655556
1345	517118
1345	8455693
1345	4697984
1345	3179652
1345	6119905
1345	7125995
1345	4058939
1345	1818610
1345	2156925
1345	8332869
1345	2881385
1345	6208911
1345	8747302
1345	8223265
1345	6133652
1345	8861180
1345	4275318
1345	7573001
1345	2088578
1345	2488812
1345	4721648
1345	6768527
1345	3252463
1345	5839405
1345	4608835
1345	2539775
1345	3400676
1345	4824954
1345	2111859
1345	2207897
1345	7331179
881	7629569
881	3553972
881	871087
881	87376
881	5089096
881	3141238
881	5415705
881	8136842
881	2431093
881	300132
881	6619910
881	985061
1028	2288357
1028	2168026
1028	3252013
1028	7288638
1028	2153548
1028	29346
1028	1964667
1028	4837233
1028	1192475
1028	566190
1028	498731
1028	1788560
1028	11680
1028	4092039
1028	1864161
1028	3271467
1028	3033332
1028	2340182
1028	1357705
1028	6853310
1028	44983
1028	7474198
1028	8926004
1028	7155833
1028	8499710
1028	4229915
1028	1855176
1028	7866895
1028	6953660
1028	5998505
1028	730127
1028	3993465
1028	1795736
1028	923297
1284	8477923
1284	4732280
1284	4363954
1284	8928255
1284	5092320
1687	476160
1687	7618859
1687	3175730
1687	5733664
1687	2817506
1687	117546
1687	3926082
1687	1337694
1687	3399744
1687	390186
1590	3949490
1590	7787870
1590	1558049
1590	8392655
1590	3837016
1590	2828867
1590	7957324
1590	6178559
1590	4674164
1590	8772615
1590	7410853
1590	2384830
1590	8193896
1590	889713
1590	6890849
1590	5532714
1590	6275230
1590	3497008
1590	4989706
1590	7986550
1590	5794427
1590	7066320
1590	5421138
1590	2276967
1590	6480206
1590	7493619
1590	3371424
1590	2404813
1590	7970489
1590	6815996
1590	2571940
1590	1832570
1590	6840660
1590	5434446
1655	376914
1655	1376944
1655	4537267
1655	6934517
1655	5180145
1655	7093183
1655	6388828
1655	3056758
1655	6944449
1655	8777193
1655	3766457
1655	7721823
1655	3289258
1655	8232447
1655	2649701
1655	8675604
1655	802017
1655	6620883
1655	2749251
1655	2590480
1655	7764029
1655	4992054
1780	2178002
1780	6776734
1780	8762551
1780	2335861
1780	3468090
1780	7389023
1780	1254304
1780	8274514
1780	2216100
1780	3498442
936	4193627
936	5317250
936	3598612
936	74814
936	7304700
936	1844067
936	7390932
936	5481838
936	2044366
936	6632745
936	8879190
936	3655514
936	156402
936	8507907
936	5970949
936	5557549
936	2872944
936	5703401
936	4290464
936	4234596
936	738492
936	5623066
936	2389788
936	274005
936	4592368
936	451641
936	7316633
936	2710028
936	2164100
936	5121951
936	4900701
936	459554
936	2033047
936	4879881
936	6925244
936	2211515
936	7980418
936	7535341
936	7714762
936	5325390
936	2675399
936	7158085
936	5062783
936	5674164
936	1319555
936	1563545
936	7318470
936	2423740
936	833840
936	7491441
936	473994
936	7303467
936	1968159
936	6854811
936	7579048
936	8762050
936	8619937
936	4407451
936	1241264
936	4645468
936	1958610
936	8188245
936	8067689
936	1796548
936	8881859
936	2955804
936	7665909
936	1992401
936	2146990
936	6670294
936	7516946
936	1448791
936	6123791
936	386591
936	7744350
936	1435708
262	8729256
262	417221
262	7191067
262	2590243
262	5756911
262	1460961
262	510
262	871430
1240	7687282
1240	6868510
1240	3681132
1240	1107658
1240	3781071
1240	2223302
1240	560312
1240	2836798
1240	4561496
1240	6145217
1240	841997
1240	8082898
1240	2073534
1240	8912083
1240	5942121
1240	2308686
1240	3941932
1240	5877515
1240	3637284
1240	4241922
1240	5652812
1240	4416829
1240	8828604
1240	6441400
1240	4156454
1240	4309868
1240	2313535
1240	1648271
1240	7237471
1240	7759846
1240	414916
1240	3474886
1240	1862314
1240	7334145
1240	4339362
1240	6255674
1240	7374490
1240	8174445
1240	6012483
1240	7286975
1240	6344999
1240	5337325
1240	8457612
1240	8410278
1240	7571363
1240	2480609
1240	1152768
1240	5322268
1240	8374920
1240	983877
1240	3002857
1240	8300273
1240	957644
